transaction_id,customer_id,campaign_id,purchase_date,amount
16eef950-880b-4d1f-8e98-bee3da8ebb16,42,67,2024-04-03,3606.108989925436
6c8481e0-9a07-438f-8cb3-fc48aa4c93f8,207,69,2024-03-15,3286.01341888571
d9f88be4-6309-4c57-9b50-13e737c24090,310,22,2024-01-05,3828.305954531083
77a065fb-4247-46de-b0d9-b2ae25e20f56,144,58,2024-02-21,4328.215465125762
f74f08a4-ee70-4207-abc3-ca66f82d292b,101,70,2024-01-15,606.9641222795659
baa4c9f0-8acd-4bf7-930f-ba75c8d4cf6c,260,72,2024-03-25,128.29725320456942
46c4f3c5-c01a-4fe0-a55d-ed3c7de54eb7,968,25,2024-02-16,4925.916737770665
277e3f81-c16c-43a4-8531-a7e20b9164a7,899,14,2024-04-13,3691.513144777435
7f57dc91-abde-4140-a42d-86b112e46676,946,45,2024-02-27,3723.9871059440743
9107a506-8d71-4f5b-8b36-8cd4d36e1818,412,60,2024-04-11,4830.4538414326735
387ef255-33b3-43a7-a15c-cc2e7f6f7f06,75,30,2024-04-19,4629.081424012057
e2de21b6-34ec-4db1-af14-d265aa150011,815,98,2024-04-04,1022.6229925281532
1ad05a41-8591-4145-959a-b85295bf43b1,12,7,2024-03-13,1556.8932748882507
34be3dc2-ff9e-4bdb-afd4-12dc5dedec63,535,74,2024-04-28,3340.407103360716
cf1db1c6-7486-4872-9fb6-febdcb131dad,771,67,2024-04-20,4447.4745820552025
8b189f0d-5b31-4eb5-bb7d-46a7da295fed,479,55,2024-01-20,3013.445379802461
8ad2fcbd-6fd3-4c13-aeae-79243a5e81b2,55,37,2024-03-11,1566.6669921545415
aacdec5f-3fd3-4c4f-91ae-9747ac17fbcf,343,17,2024-01-17,3674.280167095944
f04e4dac-1025-4aac-9f53-35730ad7f45b,781,29,2024-01-05,1786.1900677239896
fc30f39c-5c84-47b7-ada6-c41d5ed0cdb0,888,62,2024-04-28,2700.8283784803284
6a484543-3009-4af9-ac4e-76611f482646,760,94,2024-02-22,1439.0035741290596
12f01184-cb0c-416a-92d2-ccb21b730870,520,52,2024-03-09,4184.351637648053
14111375-15c0-4823-9267-69d1594e8fb7,728,12,2024-02-03,1110.3980367014524
0b1b4d78-3e62-44c8-8868-4c9163efb4ad,602,21,2024-04-02,502.81330748547424
334d6042-6f04-4c73-8113-fe63da3f1b9d,932,40,2024-01-01,2353.178403521251
3faf9dde-9c6b-4ed3-b886-b18a988e7064,355,84,2024-03-04,1421.15327763465
3101305e-982b-4a77-84fc-d8185cd78395,389,28,2024-04-17,4954.293085155186
a9d1ba23-a91c-4102-bda9-d23e1dc2ff85,282,1,2024-01-11,1065.6887507949002
04d65b75-ea9d-4f7b-9e87-db1b5019cac2,381,87,2024-04-18,3895.913749977863
ea218c6e-4d68-434f-971b-c46ef2861a51,792,88,2024-04-15,1303.5183574817738
0409deb6-103d-4352-bf21-6fe8aa2bec29,618,7,2024-03-10,4123.683659828531
3a8c99f1-e4bc-48bc-a57c-27834db2aef9,855,67,2024-04-20,3426.974561681247
8db9cd01-069b-45e5-bfe7-af1bfc05c256,277,31,2024-02-07,2683.352002267439
6d650de5-8864-4c34-8434-8ea5a3a6e75a,414,53,2024-02-22,1252.7673390121654
b55e6319-4f27-49b5-95ac-05ba67d8919f,59,7,2024-03-06,843.1881273598943
cf8eeaa7-d5dd-4f29-a538-be20f2540c2e,530,54,2024-04-17,2866.948415216809
5adf5fa3-8587-4fb2-b102-5f0dff3b3a97,583,75,2024-03-29,1398.1080126764475
b65796f4-bae8-4f69-b8bd-3906deb1ae28,401,69,2024-01-04,2277.7952932648295
e7960006-d671-42f0-aea6-062c04ed2b15,458,38,2024-04-12,1163.2732161731958
45a3f970-73a7-4d5c-9f02-cf499d55e18e,866,75,2024-02-28,4395.145701098267
ec4ce389-16a6-40a5-be59-0749333ca670,207,54,2024-03-02,2026.3797504715535
fa76acdc-dfd2-4be1-af84-346d826a47f9,630,43,2024-01-19,4144.870307463649
b5b7432c-a484-44bb-bb7f-19dc30deec0e,121,36,2024-01-07,4769.268606195341
fd1d7006-050f-4413-a3be-a79c3d3146e1,932,42,2024-03-26,3318.3645903501724
683c07be-6243-40bf-8336-ea9f560bb1e0,770,1,2024-02-18,2204.807317269685
5082f898-e1b8-4faa-98bc-5c0be0fc211f,801,40,2024-03-20,4149.141174307424
1631fdb8-7637-4bdc-a49f-8be7721d8384,739,21,2024-03-21,2160.7325379872755
0f1ccdf8-6a1d-4501-9699-bbb8b80475df,838,80,2024-02-03,4123.427202040947
b997ade8-6ec9-411a-8dcd-8ee5254be48f,534,39,2024-04-24,4036.8232096629567
af7137ee-96e9-480b-be26-c41f3277fb6b,567,30,2024-01-12,1627.7902939850935
7a9795f3-576b-4cb2-ab98-3ca9b19df182,755,43,2024-01-07,1365.177252048008
18fd297d-d240-4255-9b34-4e25c2e29cd7,179,100,2024-02-01,212.66372698998632
8db0f32c-b75a-4a8b-803b-188f91f6d057,667,55,2024-03-11,3707.348339847989
95ab97ce-a514-428e-ac0f-7ddffba7b66a,53,54,2024-02-24,1389.4508160086723
d9243160-eb8c-4c83-8029-1408f2eca0f7,201,10,2024-01-03,3320.0062549779764
e73608f6-d3a9-48de-ab95-8fa36b3e4b46,746,74,2024-02-12,3582.1644413599433
54f82768-089a-405c-a370-9404206a4acb,887,52,2024-02-02,2567.7499096850233
c55a7b4e-93b9-411b-87b3-4f95e744aa30,242,32,2024-01-22,224.80854252766335
937584f4-fdbe-4d4c-89f0-7d9d655df940,706,88,2024-04-24,4348.199303928327
af40c043-97df-4f1c-b75e-23105cdf0c45,988,55,2024-01-21,4911.163294698536
7df96069-b702-4549-b82c-ae1056bfd427,218,96,2024-02-13,3640.2726621492334
fbed1d93-44d1-4382-82c2-668c9a01c3ec,190,6,2024-02-01,4085.07237299316
b54febe8-c903-4d71-9f55-c7de9291b147,938,23,2024-02-16,1627.6242709999692
4e53e490-f423-4e9c-bac2-3a2654a131ee,320,58,2024-03-14,721.7980695217432
b99f30be-d1fd-45c5-9622-f0f545b75fc2,930,50,2024-04-28,4738.435528422879
b3ad37d1-9d15-41c5-a94a-cc1542cb1070,891,94,2024-01-30,1418.5334535958475
cc38cf80-d7fe-4178-9b7b-02c4ba8e0060,582,67,2024-01-28,1582.4099135041656
fde705f0-c98e-4b8e-90b1-6b1a272fff45,459,76,2024-01-16,4867.126022218687
e208a805-0b36-4791-a0e3-47c193cb48c8,582,96,2024-01-03,4114.194434733122
64c9bff8-3b5c-4a2a-af8f-7295dc79e7b1,495,77,2024-04-02,2933.255114411385
10290a34-3df8-497c-8651-da6f62fc6f90,302,37,2024-04-11,1569.198511949391
0c594f79-5522-47a0-affd-b6fbcaf3aac6,905,18,2024-02-16,232.64839693019604
e8188b49-b1da-422f-a6e3-4f59a29a3635,387,72,2024-04-14,3008.851421648021
f1bb7073-81a1-4b7c-aae5-672ddb5d9338,964,12,2024-02-18,4839.929300565267
a8409aa3-1fb4-409b-bb28-f775ee1ad377,781,4,2024-04-21,3083.752938610577
5d6efbc8-d4a6-4004-a702-c91dbb6c037c,581,51,2024-04-06,2454.904838985607
7c40e5ce-425a-44fc-9c8f-bec85f9b21b6,523,30,2024-04-11,4909.107390846907
bddab309-2e98-4cd9-96c1-5aae270fb241,236,80,2024-03-10,1809.440358134599
5c0a5709-a10d-4057-bc0b-d62a0e1c6d57,252,75,2024-02-09,3648.948772223562
063c246e-b858-4941-9a7f-21ad31d07893,836,32,2024-03-02,2552.1585163014374
4150e352-c361-4fe4-9efe-1906a6f69d6a,142,58,2024-02-07,3781.72651616554
301ca629-4708-41b4-98f1-0878c9fc93cd,638,21,2024-04-08,3596.634958948493
54fe88bc-85d0-40cf-81c8-a2d83f99e80c,818,42,2024-03-10,516.2741157456477
1eb3d8b4-cc7b-4884-be86-8d4123fa5aea,631,20,2024-01-11,1980.4536987054464
9d4577e7-b3fa-4233-a644-60eca9809b73,918,96,2024-04-27,357.7450556608581
e4658cb9-657c-4d41-8c2d-815669b8fe88,122,35,2024-02-26,4123.6307063643735
a07ac4e2-916e-40c4-ab66-3fa0bf4af63a,74,22,2024-04-23,2402.2427010237984
94ee0755-fa90-415f-8353-90c2cc00df32,142,77,2024-02-07,3885.3963367922943
1d57a10f-2352-4eaa-bd21-ff9cfea4abb8,894,18,2024-01-21,3898.983811249623
1093e1c4-38c0-4a0b-820c-218f14105651,166,5,2024-03-05,4631.919473931037
d17ef6a4-b8dd-45cd-acc8-b1d6fbdfc331,894,88,2024-01-14,3278.781583586678
8daf0d75-2f1d-442a-9ab6-56d8826a3db0,351,34,2024-04-17,2817.7413218067095
183fc5b3-7db1-4689-9eae-b9bc5aba0d14,970,53,2024-01-25,2328.8181382781595
ff5271eb-7df5-4e54-ad8a-b1af72a59f6f,18,34,2024-02-09,935.0473729814196
95c93dd2-3461-42f1-8ad2-d6b3d1d4822d,482,43,2024-02-15,217.99839667963843
6d9ea9b2-6b10-4a2d-a885-8b0a238c0b9a,786,2,2024-01-21,4738.812320673836
22f76633-6404-4f02-b4ef-016e474dce14,188,63,2024-04-22,4952.18229564698
6a4b75e4-dc9b-4a02-ad47-2a3a177013b4,884,26,2024-04-21,2431.241644090932
6860e5d6-7c14-4342-98ec-cf2f8b770b15,804,63,2024-01-11,3145.7608948539846
320a1eb9-aeed-426b-bc8f-7d734ce06a85,107,10,2024-01-20,4696.931690864822
a8d21b03-b710-43d2-83cb-284c551d00f7,946,92,2024-02-20,4780.186326757463
9b6f9e6c-4bba-4d0e-b67c-ded7ac04c2e9,959,24,2024-04-23,3494.1128075222196
4b94337c-2e23-4251-91cb-8c096e0d689d,370,30,2024-04-28,866.4102933446908
60d7db70-c47b-4cac-a4c9-bd5edbc3e548,300,65,2024-03-05,2913.427909169018
53a9ecf3-4604-40bc-9ee9-d2ee4d54a172,398,88,2024-01-05,2028.163073023901
71bdfbca-e941-40a8-b6ed-3dc9aba436ef,573,16,2024-04-07,4534.984258941357
d68a1126-eda9-4f3f-a9f8-e83e37b2ff88,191,27,2024-04-21,4020.830928733755
f000e45e-e02a-4260-96b7-c804cac58fc6,840,31,2024-03-25,1503.8705005619142
707122db-870d-47e7-993b-ae2a4b8290ea,696,75,2024-04-28,2812.8733558727986
bcf86d4c-d76a-4cc5-82ca-7547314169e7,782,71,2024-03-06,3481.0578081839863
ec11a8ce-a61a-4d8e-a85a-2b8e050a9e98,387,67,2024-02-22,3728.924578175467
36c46d08-2509-43ff-943e-0ddb32db7620,416,79,2024-03-19,4757.050475639542
ceb2023f-edd8-4d7e-bfe2-b60836473958,309,81,2024-04-15,557.8926687845625
fb2abde6-2d1b-4618-bf9b-43bc6c662215,596,56,2024-01-02,1931.86755305491
0bcd26dc-7bd0-40fa-9838-e49d83ae6cac,994,40,2024-01-04,2681.338997238608
ff769488-8a6c-468c-955b-0d30331ef9e8,377,39,2024-03-17,1069.6070131960232
722b2c9e-0176-41e4-974e-00086a4a304d,131,77,2024-04-01,23.28569019620732
c03af0d5-24f6-4108-a585-cc1c2e421fdc,940,47,2024-01-24,2417.8365695540056
acc5424c-e001-44b4-b9c9-ca77d3d56c0a,530,86,2024-01-15,3065.2246040937703
faa5bb3a-26d3-4af5-9f96-02b753349e09,826,66,2024-03-12,373.3197984789386
0baeb7b5-b953-4070-a474-47c39e801080,91,43,2024-01-24,4425.135029156473
ac91f589-0a54-47ec-8e25-21854676bda3,598,64,2024-02-27,3881.718685311533
f47f8da3-07d7-4bc5-85c3-7a8f4f5bcacd,465,56,2024-04-07,1155.225775969211
c1218d4b-3d49-4bf6-bedd-3d1401e7ddb4,856,51,2024-04-23,3233.2474261428815
6b1d206d-22fe-4f67-8585-d7fdf126ffc5,847,49,2024-03-06,1736.8012212017693
74b5439d-06fd-4b7e-9910-bf7be6421fe9,648,30,2024-02-05,1836.9345559828084
a4ee44fa-27d9-4fe0-a256-a9a149378235,665,66,2024-04-22,2106.159406385141
a5730fe3-a0d1-422d-9cc4-5e7ae2236d7b,760,75,2024-03-27,4269.946891335058
05abf747-7954-4100-8901-a0fc8e9b508f,96,76,2024-01-21,1415.628109574743
7c217ac0-dfd0-42b1-a2b1-1a1e512a4149,604,37,2024-03-27,2746.8079133531
ed5ddd9c-f149-42a0-a497-5d9b5d8dfe6c,303,52,2024-01-27,2637.168593234037
d7294e71-9c05-4904-b36a-1c1937f7f000,375,43,2024-01-07,4289.32644435197
d68b7022-8267-4320-8382-333a4389ec8a,348,92,2024-01-28,1099.4676663006032
d7a970e6-17ae-487b-8a68-6c58f2c532ed,230,61,2024-01-20,1892.4306113767043
19e4e4ab-cfe3-4e60-a640-f07550b94238,536,25,2024-03-28,4263.60307821332
a0e9806d-746e-4ada-b3ab-c9aed11828a7,977,61,2024-01-29,387.1715255385107
48dd6449-5691-4fb8-abf3-5fd4d2a86e72,257,44,2024-02-21,3886.7699564965906
9a3ec4e0-f03f-4c52-b4bb-120e8ed1c801,405,87,2024-03-23,4250.659707647611
297e66ba-8e66-4040-8db7-e3eef9a3b290,138,1,2024-03-16,134.18533408795923
3d905c23-2ab7-4026-b50f-3159694a6d35,78,27,2024-03-10,2964.485134647501
e4e584b3-729b-41ce-84c1-e752b35de866,949,52,2024-02-27,2320.6998014614983
c75a0a4c-2bc6-4c90-ab0d-0ec9d424f86c,149,17,2024-04-19,2015.0352223308312
63624a41-e567-4c2d-98b3-bdb47c3b32c6,483,23,2024-02-19,247.85641062185468
cd48772d-88a4-4bba-ac35-a04d8df8a598,154,95,2024-02-21,3786.038301758575
7deef254-5105-4ed5-b18a-8b4f6d53a4da,591,1,2024-04-05,4485.017835442715
e63ef720-6bf7-49bb-ae3c-6d6641040c9f,129,80,2024-01-11,4706.513783080919
b6e4056a-5d71-4636-a851-6a04bce6c977,353,4,2024-04-12,2872.211972886833
0f5f128b-ce78-4f13-a0c0-ec13050e934c,244,73,2024-01-26,3412.7633053893924
1b04fab7-560c-4e2a-8504-e792eb4fac62,471,76,2024-03-28,874.2082186324583
156aa7bb-034a-4bfa-bb35-7f13f7487d0b,762,50,2024-03-26,100.77953983415728
fda5752b-974c-486d-969e-8911b0b13812,779,48,2024-01-13,1651.5748475643322
72e14d13-14cd-428f-ad59-751401dd7b02,457,50,2024-03-02,3000.31425533883
11971627-f7a5-4b24-9f6f-2661087171de,296,71,2024-01-29,4462.051581139911
525769ff-02aa-437b-aef7-3030bd5a3374,984,33,2024-02-07,574.7243620874906
8c4350c7-d9b2-474d-a399-846b6e75b9be,432,98,2024-01-31,2579.606658435682
adbf8c01-1beb-45b9-b0b4-b457629ed1fb,693,18,2024-02-25,2786.7603756324024
49d6f6f9-eea7-4f27-8a5f-6989b8f86b8c,754,86,2024-03-29,33.275931100452276
5c7f8047-7e0d-46dd-84c2-9421a4b65a68,440,14,2024-02-29,4901.463428678623
15aaa9aa-a752-4e67-b223-7462eb88b7f3,457,24,2024-04-23,4460.828439209617
40d5001d-ed02-4210-8bc1-29ce312eba35,630,54,2024-04-06,563.4280110140761
76877023-6ead-4f95-8f15-667a27e5585e,576,79,2024-02-12,3396.7529129922327
6b3fdfae-c648-4b2e-a179-ccc14bb12563,538,77,2024-02-06,571.584279805388
98ad82e7-a975-448b-a6af-a5204623d30f,473,91,2024-03-27,2030.3487645363232
2d5943cf-296f-4539-9fed-72d88ea6fe77,225,15,2024-04-06,1808.500032890487
a0dfac9c-988d-4b96-9f22-55b9b3f75a09,206,20,2024-04-10,3826.7322894053545
64d40ce5-eb9c-400a-ae51-7f3a3116ef6d,909,59,2024-03-10,1766.9186732048086
0e372c1d-a535-459a-b851-886e98480d9b,609,54,2024-04-26,1870.1918724489203
067e28af-137b-4e9d-ba34-ea403dda023e,989,56,2024-02-29,487.5060699172693
338f81a6-e49b-4aa5-8b5e-757367c3cff7,853,84,2024-02-21,1963.839617913023
ab7dfc27-c244-4034-909a-4d30a38d008e,541,41,2024-03-07,2601.657944965567
dff9b6ca-a50b-4e67-9a03-48fe14618ca3,595,44,2024-01-17,4385.582014325597
e01d36b3-c09c-4f64-945e-fb6502986a09,608,55,2024-04-29,4023.2022408096673
08162576-c62a-40d2-b3c3-7f9d24f511dc,663,88,2024-03-11,2242.4877531137245
7fe0c943-bb4c-44b1-89ec-cb9653300981,442,99,2024-01-28,3474.9938141955067
bb861a1c-7a77-4e10-9e68-1cf4dc5a87b1,257,85,2024-04-06,697.0353914543821
30a5f327-51db-4f43-a1a1-2c5e833a2338,893,61,2024-01-29,3806.9247884811866
6b1d56f8-f0bf-4214-b183-609c25677e32,630,15,2024-01-18,4560.10913503655
bedd6332-8f4d-4558-b0ed-eb8b86e602e4,289,59,2024-04-24,2660.1840112496816
2e431120-d212-4818-8f5d-e98eee84ff09,227,74,2024-04-29,130.69813897904703
7aa1c425-931d-4e24-bb58-d54eb98d6a19,781,94,2024-01-10,2193.785288165104
9a372aab-80b9-4f25-8500-6ff423bfcc9f,637,6,2024-01-15,1456.3852048002088
c9b1f645-0fe8-4843-9859-4d6a5a9b2266,294,46,2024-02-02,544.5706461241891
1049f550-dee5-47cf-8077-61a2879278c1,913,84,2024-03-25,1937.5083609068088
8724aa58-6873-4a36-8554-13a1f922f19f,109,26,2024-03-09,116.61426666810785
d8fbbf26-6982-41ff-8905-a2ff3e49ac04,28,8,2024-01-15,4204.7546756701995
80ef9ea9-1a75-470a-91c5-766e999bc947,261,87,2024-01-01,2982.2369863850595
7c4c38df-5b22-41da-9d7c-01bde339926c,819,5,2024-02-02,163.55950815980358
399a78f0-9b7f-4f3d-b45b-bfed058192f9,132,36,2024-04-03,3722.594291100264
4c13113c-8196-4529-b91f-3feac541e162,613,39,2024-04-11,3907.6744994437104
a7848e80-e204-4b5f-a5d9-49d0328230ae,871,85,2024-04-23,1953.6436014916983
59688198-06d5-421e-913d-7ca8599a6c8c,89,40,2024-03-20,2918.1702134943357
f9860125-3c0f-453a-aa72-afab5fb5fc3f,139,74,2024-04-07,286.12663229669596
cee3c4a2-2d11-4299-9cfc-be1e8c3c73e4,445,6,2024-01-28,4209.599469681857
55e4625b-9dd3-41b3-872e-62b76f2a787f,140,96,2024-03-25,1733.031868836827
97c28bec-6780-4af7-82a9-7f084bd4a71e,253,48,2024-02-09,4475.7204683378095
d10ccef2-2b8e-4343-9608-0bc1d2337d42,493,88,2024-04-21,1348.3076037193723
56a09a68-e26f-4658-874d-60de484cb7a6,81,47,2024-03-28,2219.5458112529036
02e79180-c666-4573-ba7a-edf56438b1aa,146,80,2024-02-16,3818.873592982589
3a071b96-cd0b-4fb8-88d2-1e18ed6adc11,882,76,2024-01-10,2726.120825498595
621554d2-e3e6-4d80-8a6c-0147a392b805,835,33,2024-01-10,472.89646123198867
6f27e0d7-f7ef-4e55-9de1-e67589cf3dd3,611,83,2024-02-26,3599.328121988566
5c70a483-5d29-4039-b56f-c06411587220,447,13,2024-03-23,2013.263139159455
0d8bbd43-0886-48dd-bdf7-fe1a3f7c451f,757,24,2024-03-16,4865.169764708878
a33c196e-660d-4b8f-8c14-8c2cdbe5692f,424,69,2024-02-16,4834.644522958923
85b931a4-6315-491f-85b1-3dfc9eeebd9a,576,93,2024-02-24,4572.542996307196
3b0a2ce0-5ff2-4913-a046-e12052d8da2e,224,61,2024-01-30,2746.580125107754
7da4b1e9-7859-4995-864d-ce0f553f9b3f,672,1,2024-02-23,3254.9380099975897
ff41e379-4799-4c85-9ec2-85655826b6cb,922,8,2024-04-23,4447.005544978335
9bf744f7-2a01-430b-b2fd-4deda4793615,305,100,2024-03-23,3694.908112754419
1d0f4447-ff44-4888-a0fa-369f1b526449,478,80,2024-03-04,2547.0302747660085
3f52c573-6642-4a67-a274-c07c48ab8b26,572,6,2024-04-29,2166.060687300693
50803d1d-6b9b-4825-91ce-6b01f53a3ae0,166,74,2024-03-16,3982.9874330177663
dcc5b67a-eb19-444a-867a-b760138523be,535,33,2024-04-07,2922.363420253167
5b7db051-ebed-4f7b-854e-8a67bf08c7a0,785,60,2024-02-12,3238.245272465276
79214260-8ff5-4cf1-a5a5-24af5f08dd63,148,90,2024-01-17,2352.5122348390414
c26ed368-f954-439c-b14f-c655816f7612,59,32,2024-01-02,52.60854523289401
d9d4cc64-aff9-44d4-828e-80becf3ca175,523,20,2024-02-10,4993.34060723307
3eb9aa10-05e6-4006-9aa0-964ddf7ea137,740,10,2024-02-07,3495.5630169733654
86959588-99db-49c3-895f-fb338cb33f76,947,69,2024-01-06,4975.1708552247355
91118244-6fa2-40ef-954e-62065d338c0c,24,39,2024-02-09,2785.863395758762
9c6ae10f-d4a7-43d5-abe5-19c63bce8167,132,38,2024-01-13,1889.3441499881585
442420c9-a2d8-4849-afb8-d852cd6633cb,451,12,2024-03-21,4429.099437906276
39892a65-4a83-48b7-b71d-99e040bf2745,462,55,2024-01-18,3770.179978912636
bee9986f-ff66-4d4d-82c6-b499bfc186d8,452,58,2024-01-13,4970.248767129117
6431fbd5-6333-487f-aa5d-1f7abcfb184f,499,8,2024-03-06,1251.935291727068
3cba7514-c2b3-4e0c-93bf-c51bd2d95760,50,29,2024-04-16,193.69027965101577
2ffe52f9-1fb1-4ec2-a457-bf7843e4d0d2,152,46,2024-03-12,780.3711494500636
7aacaac4-2f09-4048-be8d-14bb17d6fc09,893,83,2024-02-16,4605.3495318750165
1385427e-8bff-4065-aa68-23fc85088949,374,49,2024-01-08,4223.5327982487925
d93c9673-a04c-4c2e-8b7a-26452e096e6c,317,20,2024-01-29,2187.9952764020622
2d87e4d5-db1b-41ad-97f3-e9a524b01c97,971,82,2024-03-09,4819.159815744437
6e7b9740-c9e7-440d-800a-9e10247c5f5f,124,100,2024-01-20,1304.0864624723577
4e3ad9a4-2455-4bbd-87b9-c527e6bb7ce4,326,30,2024-01-21,4265.618992485898
85ce0146-1790-4f6d-a601-1c8d12bca25c,196,68,2024-03-28,3812.598230232623
588a2470-f987-4768-b543-6f980cc59d5c,377,14,2024-02-11,918.524906642141
51a4caf1-5c7d-471f-a053-9ae32931f245,994,10,2024-04-13,3086.4055797133683
6c15e32c-4ee7-447e-969a-d5dbf989f6e6,828,49,2024-04-24,3793.971231471496
da805c5c-f1c5-4989-af78-316efa73fe0a,313,57,2024-03-14,2424.1447337305494
ae658bff-c704-4be9-92db-f65bbfed3552,932,38,2024-01-13,2805.609622360203
7f013917-1539-4ac9-a6b9-1ddc5c33f28a,546,52,2024-02-08,2295.168830584075
f04b013e-1aeb-48f0-af35-bdc105e6af3a,336,9,2024-02-06,3234.677116174467
42233e14-07d1-4a3c-b9ce-a72afdb98ef7,339,50,2024-01-10,210.7660141702618
e6d03cc6-fcc2-4f95-b6a8-36fb76e2295b,833,84,2024-01-11,4481.915175427375
c17818c6-9c65-4d2b-bc83-764636af038b,884,8,2024-03-10,3494.2020922372685
89db7be7-9b4a-42a0-b3bc-56fb9851accc,360,1,2024-02-21,2772.9225298561305
8539476a-dc45-4a90-9692-f635b418652d,28,24,2024-03-25,1937.7907966213772
ee6d0764-ab70-4549-bd9b-e88c0239e113,346,63,2024-04-22,2567.4535251657485
461e9b08-68e7-4a3d-9ae7-6eed1f74a709,377,68,2024-04-03,4723.663063313534
36a03869-2983-4cb3-8363-121a2bd2d508,839,7,2024-04-25,2027.0798439684993
697be38e-0f12-4b48-b7eb-94f3422d08c5,617,62,2024-03-22,4350.240638672346
4e990ef8-e2ad-4e90-b9f1-a70f04ae3994,669,91,2024-03-12,614.41957488647
09c6f59c-f688-4f94-9118-2f654604333f,980,13,2024-02-16,19.489546136648933
a0634bd0-2303-41ff-ae63-e4b00c77637d,629,94,2024-03-03,1819.0403825462165
feaea6a2-045a-44ed-8506-8d59af3ea2b7,898,100,2024-01-23,3210.654784465101
712d8a9e-be03-4597-a00f-bb0a1233e66d,867,23,2024-03-08,2157.573130550295
82bf83df-d841-4393-98e4-df62670990c6,328,25,2024-03-27,1013.7925928852532
f8c72d65-4ca9-4a26-91a6-46d295e17232,518,10,2024-03-29,3853.5401060495433
1c038d79-ee5f-4112-a1a0-ec36be781a7e,198,64,2024-03-29,4558.693916701426
2519c65a-c79e-46f4-8229-c21cddebf7f1,564,81,2024-03-08,3346.4197518049714
643e360a-1049-4ad1-a3ca-cd1ece25c491,60,59,2024-01-26,1079.1604000022635
f3e07c13-14ce-4cde-918d-e6f8f1caf1b8,553,99,2024-01-25,2656.035846667622
ddb899c4-d07e-4e47-bd2c-b2a4db1c63a7,314,74,2024-02-17,1909.87753714683
38b5f66f-f069-4833-8d94-47a9ea156fdd,933,83,2024-04-29,927.8116130385464
780fff44-674c-4bb5-bc11-287b721ba0c7,707,96,2024-02-21,683.775513386371
7e332ad5-c412-430e-910e-1332036bb274,736,13,2024-03-05,2613.135549511585
27095032-7548-47a8-8df4-86f0bdbadccf,55,26,2024-01-01,1649.757074163594
30b6d8a3-aac8-459a-a5e1-7425916b6e37,350,23,2024-03-23,2638.4576471432574
d2266c4a-469b-4254-9c76-89bd70dcf5bc,579,61,2024-02-05,4648.930041540136
1e3d7d56-0b3d-47fb-a8f8-2eb01b36bc0e,876,22,2024-04-23,2471.845594433258
e014c784-40f9-49e3-b1fc-3c95f7fecce5,409,98,2024-04-16,603.8602529053338
c6f93d01-c2c2-4de9-9a56-e5924906ecfc,847,13,2024-04-02,2091.6977760879795
74a54bcf-0eba-4a25-9f9e-5f2058c3ae45,466,46,2024-01-23,4909.868621315535
79034295-35fe-4386-b9e4-5265a8934346,679,49,2024-04-18,909.8314651345232
a9e30d2f-701d-42bb-9782-f6d9f8f6fc97,631,14,2024-04-10,2614.477828104607
fd3a5776-7343-45d9-bce1-b51dae6d503c,809,85,2024-04-11,1731.358732743554
7e7bd74e-8c8b-4106-be02-61d56958951b,87,47,2024-04-05,2208.070732592757
4112c44f-b223-45a7-a4a8-2c3f808498d2,744,17,2024-02-28,4498.333260033769
72b2413a-30a6-4963-ab91-5ae402f69b84,24,13,2024-04-08,2168.7268512427277
bbdfa63b-3286-483f-ab85-4b06dba6356a,829,55,2024-03-01,4129.723542874561
19447af6-b263-46de-9a3e-afca158cc59c,663,27,2024-04-27,3712.319591633274
5a460e9c-5015-4605-9095-a95db69e8288,309,13,2024-04-05,732.4632233643716
3ceeb8d1-984d-4792-b45f-b084e2a2041a,344,21,2024-03-19,2593.8261328862377
98091010-1c77-4b87-a795-348785a6084e,620,14,2024-01-17,176.22923914386251
9184d900-4a35-405d-b368-a1f177e802bb,672,57,2024-01-10,1974.5754322947464
27c23ef3-1947-4521-932b-58e3bb8734ee,595,79,2024-03-25,4435.550704105865
bba4de40-722a-4db8-881e-a37f53d35d02,219,71,2024-03-14,394.1597464061781
48d4a430-c35d-4607-a929-a0c7ed437d5d,545,65,2024-03-13,880.1529926348196
ad154e78-14fa-4ede-8312-e9edd6310c3d,468,83,2024-02-01,2992.148128675045
40d6c751-5d01-4c17-9acf-181286a8079c,646,14,2024-04-25,4545.287372302653
6cbd1357-96ff-4c13-9b3c-36afeb782cbf,839,93,2024-02-05,4658.774260884008
45fc4c6b-9a70-4340-ba58-eb9ac03a20b1,764,76,2024-01-27,4765.666690812012
ce4bd2f7-631e-4e37-94a7-52c9b427c463,638,46,2024-01-15,305.9766841090259
c7f641e3-8f00-4eae-8b85-67a6eaa5af83,625,17,2024-01-27,259.0642595954609
9a341c67-0b74-474a-8af2-7d5cbfdaf552,917,13,2024-01-10,413.2609597650543
698942b8-1a84-436f-bafd-6ba26473f32d,570,96,2024-04-15,4370.042213771577
ac1ef5d0-b47b-4052-a732-ab281b0d93ea,722,24,2024-04-07,2901.5079094864013
11d7b5c4-58be-4bf4-b261-88e2943e2f85,137,94,2024-04-13,285.70477235291025
b11e7b3a-4387-41c9-9490-101e1af32a35,376,49,2024-03-11,77.09798819107613
38474001-dcb1-41f5-ac48-52292b012255,527,19,2024-02-04,2398.6017695789524
544a703c-8f31-4941-a851-cff1dc0f44bb,784,18,2024-02-23,447.8206596806958
e5ac885c-a8fb-48b8-bec8-75cabb688823,325,77,2024-02-16,3575.23373013074
d405cac4-0588-432d-a1cf-096b64927804,606,51,2024-04-11,2066.5780689599083
bad072a7-182d-4086-ab32-7a31fe39ad5e,46,37,2024-03-11,14.031168218362554
15c8b7f7-edd0-4f6c-9677-3d0ea39395df,311,18,2024-04-19,4449.811706120003
77d5236c-677c-45a2-8a54-524cf1312bb1,897,45,2024-03-07,3313.2892399491243
5d30889d-060a-483a-86bc-02e8c40b2be6,499,11,2024-01-03,2205.2432370102224
1ed82aba-b564-4461-8f44-bd4b227bfa4c,857,100,2024-04-28,1216.018904185495
745cf6c8-3c0e-4701-80fe-d0da840f2fd1,15,29,2024-03-20,3870.071228227795
011066b5-8ec5-4dfd-8d43-1340b45bca68,544,92,2024-02-18,4626.4922703173615
477c6176-6c92-4ed9-84c2-85a79abb0500,961,56,2024-01-24,2643.5455381248817
20540e13-36e5-4dd2-aa9c-eac5fc569142,171,1,2024-04-05,2756.3854591221716
c919f51b-831b-4c24-8706-c2b76fac0516,247,82,2024-01-12,580.6666551100928
0eacc94a-3ad5-4e83-9b6c-bdd6301c0553,664,97,2024-03-13,3753.9296929050665
ee822c88-56c3-4c01-ae57-5effeb7b76ad,608,82,2024-04-14,406.840544790545
41919650-054c-4d4a-b19d-a4b2125b6c3d,931,92,2024-04-24,3213.5789581191793
1631c6ce-efe4-41b8-aa0e-5071fb860468,595,96,2024-03-19,3879.208684994652
2f7b1c13-b797-44a1-ad5a-9a0a6a3d187c,412,53,2024-04-24,2422.7653788518624
7cd4aad6-8548-4e00-8742-252a08fbfa63,236,19,2024-04-17,4579.221083048385
84816f17-3d60-47dd-a63c-fc75e926bc6a,616,75,2024-03-17,900.891122015597
3c4d3528-7e2f-47c5-862c-5293e5228fd5,255,38,2024-04-11,1772.088132408976
e558b26c-9237-4a16-a992-6ed1f59bd228,169,75,2024-04-25,197.10475555551193
9bb480c8-e56d-42ea-8078-b36b5f47a377,569,85,2024-04-19,2011.8000073519563
f10c208a-dea4-4d91-8b2a-eed2502f8372,932,9,2024-04-13,1881.3699925379733
41dc333f-090f-4e55-8e38-5c0ed2ea22c1,545,53,2024-02-13,1096.627083170943
4feb044f-a152-4775-902e-fef82e78d7ec,18,35,2024-03-02,4672.9762784995
9d805e67-5787-4844-9da9-9605a3f5b831,450,39,2024-01-14,117.53279063530628
baa639ca-475a-4684-865a-efd016b57ab1,523,90,2024-04-24,1865.192508366656
02932ce1-a0c0-4ed5-96ee-17837a87961f,286,11,2024-03-20,2997.0151830137925
2b181c42-abe5-462f-8a2b-f7ade3f6b0cc,294,60,2024-03-23,4819.029399101801
228d4ed3-eb38-44cf-ac22-28402e01522a,697,30,2024-02-08,3578.422197420374
eb9ae873-e685-49c8-ab08-e0310cfdac31,220,37,2024-02-28,3708.547269841884
5b2b5af2-2084-4b57-9eae-a3314e7c3e21,59,78,2024-04-16,828.5415743719796
7562c145-98ba-4521-ad32-cab50c6cce30,455,88,2024-04-20,1164.008149082022
8d23276c-8847-4118-817a-efbd61d28ab9,389,91,2024-03-15,1599.0502193697355
5934ab73-9cb2-4eab-8130-9e48d38650c4,598,6,2024-02-07,4949.825699291132
9be7183e-3e03-4e03-83e5-b49fbeb092ce,623,61,2024-01-05,3944.203887430772
b5fcfd79-e803-4c7d-9465-681a1991b57b,473,46,2024-04-20,2387.6052917645957
10e07d58-5321-43d8-b1c7-77edd8a67bef,345,64,2024-03-16,1538.5422814326876
ac77e558-ea25-400b-92e5-25ca7e06aa44,636,83,2024-04-21,1973.1656691367923
4091bb2e-d302-4613-8339-0988040a201a,124,37,2024-04-20,363.4571226614767
8ae0a767-4957-4fb8-b084-a3b7bb208375,450,76,2024-01-23,1066.9823426694943
bf159be2-93fc-4d7c-9db7-f45f5b8cf605,667,32,2024-04-09,263.6721435210053
9a8fed22-e3b3-4aa3-a14f-5e68a9d0b8fd,465,66,2024-01-02,207.4699320158252
487a1a7f-2063-459f-86bf-d647e65fbbee,490,98,2024-04-01,2396.0614306762436
2fbde717-4a90-4a85-b290-fce2e93c22f0,793,59,2024-02-17,3253.4903670319277
015f13c3-cabb-4b73-b0d9-7647984aa160,995,34,2024-04-14,4352.782264564827
09a693bf-e859-490f-9372-392c894e5ac9,746,16,2024-01-07,3977.7636567326144
fc49e6cd-6523-4fb7-87e9-dd7a1794cfb2,591,41,2024-04-28,3598.826062265773
738df553-ba59-45b7-a136-2a5ab07c8266,33,34,2024-01-14,470.7953604540034
44e71ce1-becb-49f4-b79f-c7631c8f26da,359,57,2024-04-25,589.1068356297603
e1810736-cb7a-4a3a-be6e-c30ecec4b300,326,87,2024-01-14,2420.903291074851
aeb17456-b78e-4168-afe9-12e47ea35d54,673,60,2024-04-20,1671.0331825961514
7b396916-ba54-47a2-9b96-dc082c9d7005,53,38,2024-04-04,4340.234902104827
0fae2c07-6610-4ce9-a145-3f7f02bc8da0,5,32,2024-02-26,3936.733335170395
66486137-3757-40aa-b5d4-6ea02a7a20b2,432,35,2024-03-27,2573.967922894027
44c55010-9702-483b-91f6-ec5809432f85,30,34,2024-03-07,4990.624760343862
090e5748-60b9-4046-8207-8a5b838864c1,811,35,2024-04-01,2486.004858272005
1f99a6ef-d846-4e60-9c84-a7973507292f,799,69,2024-03-05,256.52522173301554
d133a9be-d972-4ec9-804c-aa229add96dc,34,8,2024-02-03,3856.788590789218
40c91d10-506e-4898-b53a-cbc5860a7eab,494,76,2024-02-11,4474.269194669997
76cc9c4b-b4fb-4217-9e91-7a988599b3bd,434,6,2024-03-10,758.5913894572976
1aad123e-6290-4fac-9876-1cd7484e9f5b,55,74,2024-03-14,3630.318858483157
652f5e31-fbf8-466f-bae1-d1484e025740,441,47,2024-03-18,1763.8870015922644
d8f602e3-7162-4740-bbda-19bf1a372174,966,16,2024-03-18,4412.969366784898
98d0200d-8fe8-4ce9-aff3-32b2ce43e215,758,11,2024-04-13,1368.2456264225632
60da6357-3c06-4972-8573-20fc70940325,690,50,2024-02-23,4635.270498899551
89a53320-8b0e-4ef9-99f9-6af1ade2cbdf,968,81,2024-01-16,4348.33767056566
3eac2270-a003-47d8-8bf8-4b346aa589f2,365,25,2024-04-17,3882.188977343056
4475a1b1-db03-41f8-bab4-9c09abeeb772,673,3,2024-02-09,146.4471131152547
bf7adbf4-ad43-4376-b82b-6cfc4d6cb8cc,900,90,2024-01-30,4585.97685941177
5e64e456-bc9f-4b52-b822-913faaf6a0b4,508,13,2024-04-04,2133.806039511042
f6dbb7ab-ade5-453d-92e4-d604e7c955a4,460,83,2024-01-18,1789.1158549274369
8f1a5241-c86a-4d59-8e5a-7ec2b363ee2d,918,14,2024-03-12,3248.666263141196
bcfb9887-75e5-40a2-97a1-99d39603ddee,792,73,2024-02-02,4046.7202278292903
9682eb6a-4938-41b2-b032-b1c4ad5e9a1f,491,29,2024-04-23,994.3643082330948
26c548af-4421-4c3f-bb52-b212ef1690d5,96,61,2024-04-01,435.30499535159294
54d4deb2-f6d5-41c4-b256-2fec878baea5,592,87,2024-02-01,2763.4148297165243
1dd870e5-0ae5-442a-b089-624f0bdc8fd5,501,8,2024-04-24,4252.927772248123
f1e53794-37b6-4d42-97e3-de8262109d6b,828,19,2024-01-22,3135.6865559502144
b80bdf81-b6ea-4a90-a88a-dc50ca7661d8,398,92,2024-02-07,2703.010091044717
777905c7-74d0-4b50-b062-2c970ba05b97,751,71,2024-01-06,845.3182836038358
006fd802-33ff-4f9e-8ba9-729bc4e3a378,892,19,2024-03-24,3244.7277525609675
1446aeba-6aac-4eaf-80ab-d5d131334755,383,48,2024-03-04,2406.770046700778
3671f1e7-bf1e-4e1a-b29c-1eb04c85f1a2,67,17,2024-04-11,3061.4422008850374
ef0cadcc-8d2c-4981-bff3-54d41099532d,658,13,2024-01-09,834.3649286773392
cf352c7a-8da3-48f2-a1f6-abf534ed3bd8,909,70,2024-02-12,1299.186072067009
29444b36-98c1-4a9a-87e2-c9c5dfea3397,934,92,2024-04-12,96.00420869941588
c6f1ee27-6eef-4f88-b174-7747b074502e,630,45,2024-03-25,2302.439666626996
1676870f-9653-4170-ac86-8103d26a5224,690,36,2024-04-17,1038.3471302595492
c01c81f5-6818-4b41-a1f7-cb3febbcf599,401,50,2024-03-21,2554.464129869903
9d349f2c-23aa-4167-933e-db02a07b5e99,470,82,2024-01-20,3206.871345731488
4177687d-b4e8-4b48-8d0b-478ccf4ba424,540,44,2024-02-25,2002.058572398087
b2655a4d-f4cf-47a0-840e-8fea6b9a2eb7,154,62,2024-03-05,2465.6362577575387
447ad9cc-dc93-4f5c-bcf5-87bc3c70860e,90,18,2024-04-24,2656.0700128192
0641f25f-ee2c-4e11-9906-a90cdda4598a,924,55,2024-02-29,2975.4061638391727
ec9ca897-419a-4888-ad6d-829323fda735,248,5,2024-02-10,1301.6387693451095
faf80f8f-c237-4c11-80bd-7559b882f560,189,2,2024-03-15,1829.27744036452
1e8a30bc-b546-4ac0-9612-40c489424063,553,71,2024-01-17,4741.555571974604
c892faf4-0eae-4cfc-9da3-d2b007fda325,380,41,2024-03-12,2734.802908982945
5afeb0e3-0892-4ca0-a7f7-4a2b38424851,639,61,2024-04-10,2447.994021588066
e37a2cb4-fb29-4e23-958d-8314d1e106d3,590,66,2024-02-15,1016.5936408279554
b4431fec-7530-4ba6-9680-2301b74dd81d,618,27,2024-01-17,471.976021873062
c1e12d88-f70e-4de8-bc24-745e754b091f,56,58,2024-02-24,4100.125166653017
86652c79-07fd-41e7-a10c-07111896aaff,400,62,2024-03-25,4580.002597395176
26beef38-d531-4633-b31e-6d912ea876cb,710,90,2024-02-06,491.5563948882413
b9a8cb45-0a29-469b-a56b-a73d92ee7721,96,77,2024-02-24,1500.5643480910203
0f2c6aec-3373-4f62-b356-a007028e9f17,914,89,2024-03-03,3234.5892969302963
41972fe0-eb64-4270-ae43-3fefb5b8a4aa,911,24,2024-02-26,3248.0093470784645
ee3b8d59-4f28-4dd4-8cf8-4eea926a9210,80,45,2024-03-14,502.6073078552435
49357672-21d4-4369-b112-5e078e2c7623,36,48,2024-03-09,3646.1016562979544
80425af7-2835-4bcb-aede-be11eb6d5178,643,97,2024-01-31,693.5987662120451
16740624-00bb-4533-99b0-1c5be65f9766,645,93,2024-03-25,3439.98183800226
fa8c1870-fbbc-462d-a7ca-fcc6b7d9f04e,240,64,2024-02-21,2171.78642491744
72bd0d0d-8bb9-4e99-9935-ba2727a2fc9d,757,25,2024-03-08,3935.4286817405314
c1fb3f99-83b5-4623-bcf2-954d6b4a8be6,879,65,2024-04-11,2804.3812095670505
3aba92ab-4dbf-485f-923c-8bbb4228b94d,560,83,2024-02-25,2181.759494858417
9707c5aa-18de-46e9-af92-3ad179a02d6e,509,83,2024-03-19,1780.9858972482282
415863b2-844a-4f3f-8d6a-8d5f67db8eb4,673,82,2024-02-04,2944.879368517982
f2bd960f-ae12-46f9-9b8c-dbbfc60af567,866,48,2024-03-13,3829.2699472893937
945bf238-9456-4645-ab88-3f89fb2bca0c,533,70,2024-01-30,2745.2248121917587
7e06ff94-bcec-4040-84b3-d3b14e5e8e6f,206,53,2024-03-09,1367.1318795974532
ca3564b2-6672-4f5d-858d-32c4959fd2e6,913,39,2024-04-18,1317.6157433371368
aed6ff17-04d7-44da-9160-cdbf2f131cc3,902,77,2024-03-12,744.0230131770167
8f6b2869-10db-4c97-a420-2d02cdc7ede7,724,2,2024-02-15,472.0560648104881
407264d1-4813-43ba-9880-8e6236fd6fb2,181,88,2024-04-03,147.53805137260974
18e70af9-20f2-4259-9378-e2480a32b8dd,827,59,2024-04-22,3667.72975769051
6fbfa5d5-5e69-482f-8e2b-b409fae1540d,933,56,2024-04-01,3410.707861919504
bacd7b9d-97c0-4185-bf9f-aadee389773f,945,66,2024-01-24,2430.661336344221
1dd08c54-b972-4a22-a2a4-65d1c709f871,948,50,2024-01-27,592.8642355442772
ff4e33ae-2d3e-4ca3-a773-9cc126a09c69,651,56,2024-04-16,671.4511081343826
1d5655b2-a26f-4277-8869-364c8c75b63d,792,63,2024-02-10,301.5272810493485
03853e01-4aa6-4942-85fc-029152bcb30d,981,74,2024-02-27,1181.8955340935447
4fd16826-eb3b-445c-b3cb-0c92338c22a6,860,84,2024-01-09,2879.4657929467553
17efc9d8-0862-42d4-9c7e-714bb98ea51a,540,57,2024-04-19,3429.8666362848944
a28bd0f2-313b-4bf2-aff4-9fe8023297d2,502,77,2024-03-10,589.5753770078185
fcc25222-a534-4533-b16c-2057da47d009,536,71,2024-03-03,3642.381604739094
a50f42e5-f82c-4787-9be8-e0d03f71865b,553,18,2024-01-08,3735.5804212900466
e8ebd529-4fd6-4899-b951-cdf92e83b926,884,7,2024-03-25,3367.488696172535
894ac3e2-c22f-471b-86ad-bd4eacbe5026,887,79,2024-04-04,354.26706035102245
92956ae1-a8ae-4770-a815-662071fa1a99,561,85,2024-04-07,208.23708035128985
7e0844bb-9b40-41ea-ba86-df8d0783bda3,147,70,2024-01-02,2032.682896784033
c3cd8456-3ace-48a8-80ed-dee8195871c2,856,21,2024-01-06,2259.6261877508814
f54b3cee-f066-49ec-a311-9c36ddfeb5b8,968,51,2024-01-30,4307.323301006967
39656cf1-bd54-44a5-95a1-317b96c1c959,208,5,2024-01-09,4617.708974115716
b9c67bbf-b1b4-440d-ad10-771c58b1d226,800,42,2024-04-20,3646.0791083658023
9e44ed78-95b1-4a8b-8e00-fffb8810a016,388,44,2024-01-07,1869.00657532562
b70d2238-c0f5-4a45-9205-82288b752f50,128,79,2024-04-25,43.775015811413795
9e79327d-1ab0-473f-b306-ef7dca5aebe2,758,20,2024-03-31,4662.665078713268
196ba310-50ce-44d5-af9c-17eb4f1f4123,705,77,2024-02-20,1902.1084407628096
39788b5d-2a05-49a0-b097-74f4a0420c40,503,47,2024-03-07,1267.3991845766986
48850b5f-7ed0-4f8b-832f-7e9def8e7cac,30,90,2024-03-14,2950.5783495315222
be18a589-640e-452e-869a-a39a22910ad2,647,82,2024-02-09,701.9471041855177
39594312-b56c-4f3a-baa4-d123b5aeb757,571,36,2024-02-24,385.55228309310434
797a382e-e065-4a9f-8754-cddda1b10b07,300,62,2024-01-19,1624.0823918121057
7fc9bdbd-003f-4419-9602-dd3dbceff76f,423,33,2024-04-21,2675.4105149768657
d865ea2d-f5f1-4bf2-a18a-4e7a890d9960,938,31,2024-02-11,750.5432778346647
1d304d77-7bc2-48be-8626-ffce5e8d5d49,473,39,2024-03-20,1327.7260654386546
a8daf7d9-11fc-4bfe-901b-5141657996ec,152,23,2024-01-30,3751.7047190927697
ce74958d-16fa-48c2-b31f-f82b66a43236,111,89,2024-04-14,3262.054417455353
1f2b7dae-b993-4edf-a67d-72f13ff1fc22,838,26,2024-01-06,2116.47967264863
131ecdd4-f0a9-4ac6-9fcb-e1dd248de714,668,80,2024-03-07,1279.4284955040828
d517ab36-0bbf-4a99-aca2-908b838eec9f,78,31,2024-04-03,4268.3138044536245
1c772b40-08c7-4098-a7bd-bd62d10824a1,551,20,2024-01-12,4793.57342734112
b2f7de0f-c055-491d-9929-c43cde2f2f22,235,68,2024-04-13,1128.4349327400687
9851bd80-c523-41f5-a915-74cae4f17c02,482,66,2024-01-01,755.2050752103384
9867c413-a922-49c2-84e4-b09914c3d226,876,26,2024-04-27,1270.4905800166607
bb038214-f2c1-4f45-a8d6-89dcb12416bb,131,51,2024-02-20,3135.5540628850576
e8c11022-2774-409d-b242-6ba758a0afb5,264,51,2024-03-14,2822.353182483828
f73dafc7-67af-422b-a833-efc3f1aad7d2,502,50,2024-04-04,3910.5874551582033
367d447f-6c45-4e56-a363-90828ca6c961,401,71,2024-03-04,533.8010003509601
b3b47594-5258-4b2e-baae-15d9856bb153,532,12,2024-02-21,2699.923487166839
a8521e6a-769b-4360-90e2-5adfa91391cc,837,17,2024-03-29,1639.189135140585
81e50f58-fa31-4d66-9e50-844fc9ab65b9,949,61,2024-01-14,4668.2106179340735
aa2f0351-b6ba-4abd-a33c-8b38a1c737b9,59,57,2024-02-28,1078.208527265796
691e80ac-165f-4ca8-99f9-b551a6af6c9a,522,32,2024-04-15,4896.201738132814
cd8ab4ca-0b5a-4ce2-b249-6901048e99f3,353,45,2024-03-01,225.6527459843641
682c7420-9499-4b15-aa04-1715fbf4348c,633,62,2024-02-11,2042.1181601723988
2ba39fdc-0272-4f92-b86c-d8f870b2da4b,67,22,2024-04-11,4691.811210626152
9fba0714-9506-4813-be91-45304c398fec,913,46,2024-01-07,785.1871029354644
d78d99cc-42a7-40e6-ba28-eda7375e9bf0,180,41,2024-03-28,2927.3982416330455
291e912c-36a4-45c9-9547-1769787e96e5,520,29,2024-02-09,2773.034721012291
46e0842e-f1f1-45f2-a3cc-23960fbaff92,445,74,2024-04-03,1298.0100211600677
527597f7-16f3-4f44-8d24-8b4c53ae94de,451,45,2024-04-11,691.1851535494139
7853ecd8-6f6d-4283-b29f-cc692b474d07,251,68,2024-03-25,1748.1376965919208
746b10fc-c5ef-4b5e-aae2-986fd8f4dd1e,967,34,2024-02-19,250.09909349585212
5fbd1429-178a-41fa-97c4-86cf3f350b11,757,36,2024-01-17,2685.1454647964824
baa3159e-4c1e-4370-a6f3-e36dcf362a20,845,51,2024-02-21,2498.9563593968332
4b776e63-1cca-4a80-9f68-010d8f758c0f,865,51,2024-01-05,789.098437101116
b27b8fb4-430c-4024-8fa5-6d0cb2f103ee,380,71,2024-02-15,3683.611744406383
355b4834-8bc9-4232-8198-173082a42ff8,91,27,2024-02-18,1397.5390549977917
c29f7481-ae85-41d4-8147-20d7475ad4c9,218,76,2024-01-11,2055.3668319119506
c165bfc7-ed93-4d97-90fa-cb8385f89391,757,42,2024-04-02,4425.954449298581
fbc1e014-d9da-47ae-aa3f-7dc6cb8b25e6,933,6,2024-01-19,2435.278771920441
2209b1a6-cc6d-4c0d-b7b0-e3e86a33c921,687,38,2024-04-11,3735.748568381189
47373e48-88e4-4e01-ba86-c00c41771f89,656,56,2024-02-16,2041.661323951556
2afac28e-3fff-4e03-ad7a-096712e58836,877,8,2024-01-19,3496.391008946058
d19b149f-c237-4caf-bdb6-458002005eee,663,36,2024-02-02,4518.7959358008175
f42fd6d2-526c-4938-b6d4-d68e65a1455d,932,61,2024-02-25,822.3782770164062
b06553a2-528f-40cf-ba79-d52bfe864eaf,857,87,2024-01-25,4679.331129452906
89af1a54-f273-4419-9bac-8c1d9651dfdb,231,41,2024-02-21,2743.1173463918317
90ef2a41-69b5-42b9-8736-166df0905994,732,87,2024-02-13,3031.1003501544683
a9ce65e5-ded4-4eb1-9ed9-1b3124ed0952,533,66,2024-01-12,1570.3144193240073
dad86bd0-1dd5-45be-9a81-148bb4985eec,484,31,2024-03-11,4147.9499612372565
ffc558b0-337e-4a0b-bbb9-2a29586ca3bb,490,46,2024-03-13,3861.129286244563
b7f4b3a5-0db9-4e55-8831-4b06d6d7378b,270,78,2024-04-22,1965.545537833443
f8bb832f-ea31-4863-bdc5-807d3ed8f7f8,964,81,2024-02-21,1619.310726410039
a7e52781-9268-4efb-a08c-8339b73f1614,834,61,2024-04-28,4280.941943946078
f01a1e28-71bb-466d-925a-ef65c094af7c,918,80,2024-02-19,255.2109735366213
5783a89b-1a37-4627-abdc-bac878551d56,920,70,2024-04-21,4553.649173717176
2c0f347e-4f3d-407d-95e2-51a620d0f0e0,611,52,2024-03-09,3454.518698610736
1fe91c04-516d-4739-a49e-a597f214796e,863,62,2024-03-01,81.31287078854263
26166d3e-7aab-4435-9bff-759daacd6a15,299,74,2024-02-27,2773.0575919298853
82c7e1ec-56bd-4697-b738-223ddd57a8a0,965,11,2024-04-06,1110.615688662324
be6f40dc-0753-4e62-aff8-988141a65ebc,455,100,2024-01-29,2073.5673244077157
d72b5981-ff95-4073-baea-7031749cc471,68,43,2024-01-05,177.14538950992488
227126ef-5b52-4ed5-bc2f-f4f608528d7d,256,80,2024-02-16,867.298083053998
3f00f753-8a59-440e-bfd3-ddd2a5bd44d6,131,80,2024-02-21,4269.1282138950355
d6b03ef9-8965-4440-ace1-fe50629d0624,482,16,2024-01-12,3950.37734665515
2cb7d472-9954-471b-af5d-73a9164be080,468,48,2024-02-11,1025.839882346051
b1004822-f0f1-4f8e-96c8-b697edc0ec19,128,13,2024-02-27,4386.168214045763
8426fefe-6f83-460e-8c48-bc1ade1b30d7,160,14,2024-02-04,1936.2213313344869
e27c4353-f121-4765-a843-b01dc914b41a,751,83,2024-02-03,4931.640424320171
d69d6771-4832-4dab-97f4-a1a3966b13bd,773,83,2024-02-14,2380.380309623414
e8dd8d2e-6bac-415b-8666-49808fd71930,904,16,2024-03-17,2787.0931346156135
7b5be565-42ea-4bfe-b161-f2842296f289,493,44,2024-04-29,4004.0331985430303
36f857fb-d9ef-43af-a8cd-34602a548ee8,168,9,2024-02-04,4086.599582909908
77d02e56-d581-41ee-9b10-29b036859fa0,563,62,2024-04-04,4742.910380006112
d6a8a751-e6f9-45c0-86b1-6036175e8ff2,187,48,2024-02-14,3809.16558487629
e8c65d1c-432e-4db6-87fb-0d10b8502b59,395,50,2024-01-20,2923.187067923257
fd5ffd72-0c83-4ed4-b5b5-64aa1ff666fb,168,64,2024-04-06,2717.714546264005
011581b5-69ac-4454-91a4-f2cd89bfbf7c,415,45,2024-03-09,2391.2183611531777
6cb8359d-e6be-4302-9338-4eaaf11425c0,406,5,2024-03-12,3194.6066521247412
ce7037fc-57b3-4647-88a9-bb2fbdfe0f10,776,100,2024-02-21,3908.9992726662094
faf3e3ec-222b-4ce1-a218-8c75844b9af0,815,96,2024-01-04,3988.7259249231774
868be5a2-bc72-469e-9b70-0045fb636106,752,30,2024-03-12,3667.083155715
48c1d568-2b67-4222-913c-1741762030a5,79,47,2024-04-04,1863.368768756452
7e389b1d-c0b0-4106-8869-cd2eb767123a,913,84,2024-04-25,4817.717451146747
e5a504d9-1418-4368-88f3-8bacba084d8b,635,27,2024-03-11,1422.7207871454425
3cb47e99-a701-4143-85a6-23e5824d9dcb,912,14,2024-04-27,4599.559291852393
68d443ef-f5bc-49b1-bdf9-9028c7a8586d,822,34,2024-03-12,1523.700512447267
fb7d8304-753b-400c-b2a9-6017c5f42427,861,58,2024-04-10,891.6861675728754
49592dfc-1b01-4c74-a5d0-621c78899531,184,75,2024-01-18,3500.872969888244
a3ddf68a-e45e-43a2-b13f-2bcba60d16aa,751,96,2024-04-02,2594.2081522071303
fda58e64-ed85-4b5a-b28d-8a0d7d1f949b,586,78,2024-02-15,462.56570154697226
c7cff1d3-4398-4991-836a-fe1a535e82d8,195,66,2024-04-07,802.9251909307841
f4f75da6-19be-4475-bbfe-6a32c4391b83,822,91,2024-04-04,1288.3080122348229
0c2a706e-7bf3-4fee-9220-5487db0bda7b,558,28,2024-03-22,2267.340092672394
88366bc3-2ab6-4a9b-8e1a-8b0390b46a05,781,35,2024-04-26,3150.2430465971993
e6d52eb8-097a-43aa-8b22-95b2fde86aba,695,35,2024-02-23,4461.283856893548
7c0c3656-fead-44ef-97b2-d141924fafda,592,64,2024-04-22,2768.967228378404
8d445ea9-ece7-4f73-a988-86707c80ffc2,392,71,2024-04-25,567.3567991455541
4f897784-fef2-40a8-a0c2-d9ff1fbd90ef,530,19,2024-02-07,2967.848883751846
ce65702e-af92-470c-974b-2f609c71e21e,231,36,2024-01-07,4802.332557028843
e6038058-f11b-42b0-8ba7-140a8a271ac4,785,92,2024-01-21,2218.245598805994
ea2758e7-1fe8-4c4b-b7e4-1a31af16ab5b,258,91,2024-01-07,2009.364707966795
4956acc6-3320-4014-8b75-c0f39a6f2945,878,34,2024-04-04,1795.2389996215836
5f77f90a-9945-4992-8ef7-030ce0888966,494,81,2024-03-25,2557.9892567915513
83d19bfb-c97b-485a-a0da-665e1a561a25,855,54,2024-03-29,4719.338133718182
eb0d2be4-d89f-4e00-993c-0ad75284784d,544,59,2024-02-16,2290.3255269937363
7832ed5c-494f-448c-b0b8-7fa098de927c,574,59,2024-04-13,4091.725649245852
ad446422-a547-489b-8804-c5e397e36414,785,70,2024-01-27,101.07195644475496
4b08c856-28de-4a71-bc06-993b53e86e4a,670,74,2024-03-13,3215.5847777180534
12f80a87-876e-4189-9275-6a2ddc2f3fa7,119,37,2024-01-29,2700.705020549991
0079e482-871a-4475-b0c8-fa472c7037f9,163,73,2024-01-31,2301.617912691461
e7f4ad23-d5ca-49f7-aadf-4f72d39649b5,280,18,2024-03-08,961.2035155038944
ad142e80-91c3-439d-abca-c2d697027957,127,73,2024-04-11,1428.224314442579
07b58f3e-39d5-45bb-82f1-7f24a1547fd8,552,98,2024-01-15,444.4621410011448
7bb009df-0e60-40b3-940a-5ce78919a62d,361,70,2024-03-19,1125.3528190070028
02b44deb-0a3c-419d-8d17-4d3b9630a43d,318,26,2024-04-10,2767.4925390758094
7e31818a-b676-49d8-9016-9cc648573e1a,658,60,2024-01-31,4719.18552143416
9c5c2e2b-3779-4caa-b25f-3c8f18a82164,664,59,2024-03-31,4482.347167448941
9ac3f1da-cbc5-41f8-9963-351f6f4caa8b,678,82,2024-04-16,1707.616645173557
902707d8-818d-43ac-83f8-2d1059ec5515,659,21,2024-02-28,2766.725703317573
0d0966f3-ad8d-4302-b840-fb97364274bd,11,51,2024-04-11,410.0032811368045
d580ced8-73f4-4af8-baf3-135bce8f002c,442,40,2024-03-07,1585.914938843577
d9ee06a7-7ffc-47fe-946c-ccb40156e717,938,49,2024-04-03,2096.303600758333
b9449280-eb39-4eaf-ab4e-9755bf0c48e8,314,31,2024-01-19,2574.3178660082144
46d3a8e1-89ee-4e1a-b8bd-7da897ef42e0,560,49,2024-01-16,3813.990253465385
9ed80e13-24df-402a-bf0c-4a90f9a8b154,906,10,2024-02-20,3159.798545571485
9ea08d2b-b2c6-477e-9fc5-1c460cac95f0,320,53,2024-01-21,2222.712157298228
26319ac8-e1c2-4106-92df-1f1179dbe787,207,75,2024-03-24,3388.73617383335
4a1b2ee1-8505-49db-a187-221e64988131,235,79,2024-01-15,608.6033578886735
15e9b09c-7656-4104-8fec-c4b5df188294,750,75,2024-02-16,3604.852541372608
6d1bec33-3270-4960-885c-d1e314f451dc,409,38,2024-03-19,1345.613937511951
91003bad-ef62-44b3-8522-e7c0f662ebf7,462,54,2024-03-22,2037.914059812585
127b3241-3661-4482-91bf-bead8bf7a9dd,222,21,2024-02-19,2731.1801513377177
67266ac2-549a-42f9-bc80-33ebd15b0773,641,37,2024-03-03,3290.795964264169
2ac93555-50e5-42b9-99b2-a02f7f2bb119,980,9,2024-02-26,2965.5548200506864
4a870b32-04a9-43b9-94ed-645fa4ca2e2f,615,45,2024-04-08,2158.328795489101
ecb79ee0-fbfa-4106-9a13-c449f3944e83,323,63,2024-04-26,4935.273470696482
48c49aa3-069f-4196-a184-cf9d8edfc00e,490,21,2024-04-13,2632.9544871194903
0cd3ab1a-d73c-43c6-9730-9ab8b6cd042c,598,16,2024-04-26,3158.697860010057
84683373-36ad-46a0-a04a-c52f672f8419,907,34,2024-03-02,1918.767930178292
11d53ab8-dd34-45de-96d8-902a9147a6ba,450,90,2024-02-17,3331.783510123379
8cce5191-5b84-4789-ae34-8f62093191a7,976,68,2024-03-18,1760.1365098824715
039b8780-137a-4601-92a8-8e446da7aeb7,949,84,2024-04-13,3445.5090123752593
b375674d-a3d6-40f3-b3ef-52711c0399c0,770,49,2024-04-21,3700.4640543964056
a7282733-eb05-4141-a4b8-33a18281afb4,970,93,2024-02-04,2505.3301830630176
bf7ffec2-5449-4766-a818-aa41dc936ffc,562,46,2024-01-06,3252.462453002453
c0375954-a147-4f78-b845-c81501245c4d,335,58,2024-04-07,730.0108102758348
5532c6ca-5ba7-4c83-8fc2-42b2e48c68e8,661,94,2024-04-18,366.1398610075751
20a0e523-13f7-49e9-9884-542c5e04abbc,927,3,2024-04-23,536.852915299638
5799c8e5-2a88-444d-b6f2-ae9a28fca5e6,576,40,2024-02-25,481.2440725757714
82052b92-93e1-40e4-8ec7-4eaaddb19ef4,198,85,2024-02-11,4160.455369347351
45da97d7-0df4-4ddf-8908-9387cc4849d8,311,81,2024-04-17,2404.6958860665973
21de0410-4c11-4648-93e7-01944340f2cb,200,96,2024-02-26,3153.111462487658
25857538-0d96-4e46-8288-6e39766d86d4,47,16,2024-04-21,1072.039730921215
be5a2dc1-9433-4c33-8d6b-c046e568e956,739,29,2024-01-14,2256.723498573682
516eed65-7836-4dc9-af6c-b5bff0d2dabe,986,64,2024-04-09,750.0225335488351
9aefe7dc-1ecb-4e74-94f9-51157fdb5b40,510,44,2024-03-25,3958.249094147672
c5ea04b5-ce96-4a9a-b6e9-bcc71aa6bc1d,911,23,2024-01-17,4092.274405147876
3c439d3b-c022-417c-b871-376a3ebd2f6b,85,78,2024-01-31,3103.9679271572336
cffdfcab-5388-43ac-bd8f-2451de858b6c,88,47,2024-02-17,2116.3111331025693
a8f4b3cb-f1c1-4590-ab81-82a34cac0db0,894,74,2024-01-13,3459.946532605745
3c31ef8f-4150-491a-a4b9-b894a34b5885,565,19,2024-02-23,1276.2273817905857
94f74bad-c99c-423b-9392-a85e6551e1fb,197,27,2024-02-01,569.2582279953912
7704f25a-415b-434f-9495-74c510b4a574,189,4,2024-02-26,489.84571530914974
21046240-cd31-4fc6-9cc8-7a0a3b00117a,254,83,2024-02-04,3304.519042480186
1a0d5f72-283b-46bd-9ea2-43b333d971ca,938,71,2024-03-16,2229.4081708176213
81c226c3-544f-4ef3-8656-3543849cb32c,292,34,2024-01-23,3131.925718062376
c79537f7-57d9-4ce9-b626-bd24f7a6a852,253,68,2024-02-08,2221.836516530386
9de65a17-dda8-4778-9824-46806bb567f8,451,45,2024-01-01,1013.4683032230512
8b9cb9ad-e702-4f6f-b431-bb12c5be1db6,283,61,2024-02-18,2614.0972819451936
5b4a8b65-289b-457c-9c6d-70757b1d2f04,117,49,2024-01-27,3952.4336290958954
fb460f0d-800e-4e34-8f2d-3500cbc2d032,698,87,2024-04-18,4950.869460189312
df5af39d-1f37-4332-9d57-b724ea408443,723,10,2024-01-04,2410.685868545837
f2b3a626-9ce5-49c3-95cb-27a2311038f7,131,57,2024-01-17,4621.588280231333
616d562a-e527-4283-9def-48ecabdd2c5c,232,14,2024-03-14,3575.3336892649577
d8225fcb-deb4-4a5e-b51a-4a73e198f345,898,30,2024-04-15,2258.4156650493433
6c0679bd-b4ce-4e8f-8a93-ab6b4323391d,261,31,2024-02-23,1347.6839035937962
165e4e70-18d3-4379-b1d2-d0034fcd6623,571,74,2024-03-25,4567.097160692689
5a251dfa-3842-4b35-b1ee-8064293c14e8,435,59,2024-01-26,1112.237901071551
a723c159-30b2-4325-a4de-42ef7d598d33,309,48,2024-03-28,1668.900759625623
6aa98b40-8e38-48c5-8edb-b1d0f8bf2d51,926,62,2024-04-05,764.6395866561916
b1fec192-e065-48f8-951c-464606d2fa79,197,95,2024-03-26,560.5723969714564
45da2a19-3c6d-4969-a7d2-744703a6b025,887,23,2024-02-29,1306.0519256885343
d42e7a8d-21d5-4783-9f09-7d74f57d46bd,628,7,2024-03-29,1986.086745795385
746d3d1f-a11c-4448-8fd6-5a8d67b593f0,131,28,2024-04-25,432.3801024672751
b5564e6c-27de-49ec-b07d-a8b0232e77f6,793,8,2024-03-27,1340.4944285130691
e873a6e5-7a49-4312-bae6-aa846ef5c85d,384,27,2024-01-24,2714.8566353618075
8d5a971e-4042-4d5f-b2ab-004d4177524b,41,70,2024-04-19,3180.8756395435735
ef583009-3b38-4409-af2b-9aad6a320d52,363,44,2024-02-25,3976.535958899251
0e20468d-1a7a-4513-bd3c-7ee715504ebe,188,98,2024-02-17,264.39135772210193
111569bf-a7ed-4c66-8b96-ba2a01ceef5a,252,7,2024-02-11,3737.418466152367
8f8e5716-b08b-4f99-a022-673b8cc4d609,235,18,2024-04-02,259.2428527069608
b1dc595e-826d-4670-9145-dea2186c3154,285,16,2024-02-24,2917.2485319534553
f5fd4b38-9829-4854-a4a7-9eab5b4165de,653,37,2024-03-31,4725.661047871111
b781cefd-b5b6-42f9-b6aa-4a22db66cbbb,35,99,2024-02-10,4415.948805451937
f3af01af-52a7-4fbc-845d-bbf226389057,476,92,2024-02-15,543.6596884246924
a1d48d3d-04d0-4386-a0dc-c13794366b7b,931,13,2024-03-01,1074.5120861118082
8508752e-f472-401a-9070-ac939c9f11e4,597,20,2024-02-28,4020.1868794174534
4a6b44ba-9a0d-4c39-a2e6-a42fe7159076,558,42,2024-01-01,2392.120079928736
7ddc02ed-b8f2-4566-8e1c-0a807d575cc4,376,51,2024-04-28,1410.8945218654687
0313f6d7-966b-4aef-b092-523353748643,424,61,2024-01-12,105.17812734641016
2f4f4aa5-0064-4dfd-9ef3-770aae9399b1,980,94,2024-04-19,1966.6236480991693
2bd7dd60-f27f-4c5d-b0e3-1b4e1d91d7d8,685,65,2024-01-09,1558.076212812786
aee2c207-d38e-4607-8782-a7a370f97ca3,546,35,2024-01-10,1231.7879021852707
dfbf17fe-0bad-466f-8aee-f553abc5fc30,229,3,2024-04-15,2797.8618944571103
abd2b7fd-e697-439d-a3e2-d100a2033e11,441,28,2024-02-19,1314.450011225301
d880c66e-0973-4cbf-b4a2-1dadfd4f1fd6,555,94,2024-01-28,290.3393982815495
935f33ba-84d1-410b-b743-d391041a4d51,353,40,2024-03-08,1035.1901862480906
95a6db16-1435-4d6c-a3a5-cefc4cc10c73,680,38,2024-01-01,3264.033064571117
ff119f67-6f2a-4c91-a088-8d57dc50f63d,213,24,2024-03-20,2278.3977981061253
a0120969-1041-40de-a6a9-d148de7b483c,890,74,2024-01-22,3809.253425997408
cf224961-776d-4df1-b767-317a08f8a4fd,742,52,2024-02-23,4902.4972530883415
6ca925a9-e6fe-427f-9a4b-ad4630788d95,176,63,2024-03-22,3517.7153363713905
5ea924cd-43f3-44ad-b7aa-a05418283879,923,80,2024-04-26,4140.592332707043
ba999cd8-5e15-4cd7-85ab-0d93e651bc91,4,81,2024-01-08,4053.0650249715222
8a767933-d785-4224-9d68-6bb2aa149d83,664,15,2024-02-01,2440.7920690127476
7202ee79-0c96-4f5b-8349-b88e930e1b8e,877,50,2024-01-28,2214.6781784987943
6747833b-15a3-4a7b-a06c-03b0c8068dc7,731,45,2024-04-12,2821.3106548251167
622ecff1-86c0-4f83-9be4-debe43a6eca4,776,88,2024-02-28,3873.5131812930294
cb07c950-bcbe-4c7f-9d94-d075541d8467,161,7,2024-03-13,1316.3883211741647
6246646b-7343-43a1-87ed-55aeb34212cd,262,71,2024-03-09,1999.616277593438
ac1145cc-8ab0-42c2-9b5d-2e338631dd0b,401,52,2024-03-25,4209.3233373105495
bd929fce-d0dd-4777-b437-4ce723f77c34,224,42,2024-01-17,1805.4110352276648
27ce3fee-d391-4525-8b45-5e467c500446,569,52,2024-03-10,361.39061084328983
7e59d050-7917-41f8-8d52-569d462bb828,593,80,2024-03-12,4623.623733264077
00fea0c4-4752-4518-a0f5-7375f72ccfa4,349,24,2024-04-24,3028.105142638547
497a82c2-41c6-44f7-aeea-8ccda01b431d,911,13,2024-04-04,661.0704090013534
46d58c09-5f31-4b62-a05d-1bef404d405a,777,33,2024-01-29,1387.0842631739429
cca5b1f3-53a6-4c1e-8b4c-230e338a5489,155,49,2024-02-17,4145.915250719341
509b998e-48ca-4728-9431-5f7d2d4f3cd1,849,20,2024-03-28,690.3775608263845
8ee456f4-00ab-4f1d-a9c6-6f342560228c,773,4,2024-01-13,3980.71310426225
bd254020-bf8f-4b44-bb37-aef9c2761db4,268,82,2024-01-23,2492.153237669453
250a8ade-e724-4858-bd5a-295fd32c6b94,130,54,2024-04-09,4305.715904906517
3ffbe2e5-ab07-41cc-995f-f73439d700a1,178,79,2024-02-14,3641.2836957360423
67122e94-45f3-444b-8c98-6f3439ca137e,871,84,2024-04-11,2048.553270147785
2239ead3-9982-426a-a85b-9626908115fd,561,48,2024-02-05,4970.597312983744
07761d85-77e4-4fc0-82d0-200189961f04,391,97,2024-04-16,2325.6947447144753
d3d9b0ed-bf54-4c3f-9b7c-8c9c32d04c97,822,38,2024-01-13,3011.6443700693408
f8f749c0-c435-4e05-be18-bfdad3c327f6,871,91,2024-03-31,4345.5273144866305
ade6d416-2e8a-4644-ad4d-fd3408d1c51d,820,78,2024-04-25,3654.5771134853903
51b514dc-1cca-4a6c-a6b8-ccefa4710e2b,392,19,2024-01-24,3929.029470918846
9516fa32-7b8d-4e74-9941-8b972b2b86bd,253,75,2024-02-14,83.09697758490007
0adc5a33-02c5-4eac-b9c2-f4cd3fee297f,898,17,2024-01-20,3889.874683090797
584df54c-f683-4b74-8199-6e8e931aceac,345,49,2024-04-20,1179.5835264701825
562ef581-bd13-4910-9af5-7ba8865960c5,52,15,2024-03-11,4085.4916709148097
1248ff96-c90e-4eab-99a8-0cb7329aaa4a,571,50,2024-01-10,3485.646248278773
38908bca-6054-419f-9053-260de0bc4e19,130,51,2024-04-21,435.2501789911557
8a6496ee-89d5-42d6-af7e-7f3983363a2b,727,43,2024-04-18,4551.207713994161
41e80860-d19e-4156-ae80-4596f7fbaca2,499,33,2024-04-20,743.4075790630487
7e9696f6-c150-45cf-bfc7-385a5f8b299f,559,14,2024-01-21,4520.680689099397
19baa1ec-dc0d-4423-9687-6e64a0be07e6,152,38,2024-02-17,767.259358914164
aa3ad3fa-32f2-4567-9fbe-b581bad77600,894,19,2024-04-25,1493.3590143418735
16a1d666-69be-46c1-ab75-b823421dc974,653,80,2024-03-31,4916.150256867305
f66980d9-aac7-484c-84c4-446f0fe14d38,274,46,2024-03-05,4374.2428322250935
b3c2f20b-729d-4378-aeb4-3c21cd5f77b6,119,55,2024-03-25,1948.541211142536
bbdfc000-a2b3-47de-9d56-7b9b3a2ae68c,904,6,2024-04-21,2454.961463184715
6cb53935-3a4b-4be4-8590-98c5f42fafbd,154,73,2024-03-21,313.53793065079867
74c48802-e4d1-4790-b491-23c9c15025a7,790,30,2024-02-20,804.8787248133925
c9f4eb63-0722-4b37-9ff3-897609a76701,251,44,2024-01-13,2920.3355336648774
45f386f0-52bb-4190-8c87-ccc24cab6d0d,432,2,2024-02-09,269.3154587237091
45acc8dc-2fee-4b4a-ac98-0dc0577d9ca8,876,80,2024-03-28,2771.2733323928933
be9453d1-73ff-48f4-bf21-d69fd746e075,657,69,2024-04-16,2287.887954943581
0d17fa36-637f-487e-aa52-db4aac404fe6,923,94,2024-03-21,4108.214529534874
0a5f8ad1-98fb-4840-b528-cbcc4377d660,133,72,2024-04-16,48.066776446874016
736daece-b1d4-4352-a3f0-b42901a481b5,195,84,2024-04-15,814.6167041506385
8f43e5cb-345b-4d7c-ace1-b2b98826aa0d,842,73,2024-01-06,730.6094706016243
bdb1ef2f-e228-4f67-9e4b-eed038c9dd3d,225,31,2024-04-19,2504.2175956889487
b8117605-1fb5-496f-a537-2a8114e0c331,152,83,2024-04-29,2775.294692565912
a87c145b-e481-402b-b482-caf5cd396aff,45,49,2024-02-22,350.0092547904515
6f430a1f-cfaa-4b89-aff0-0912dd8a8233,570,7,2024-01-24,2249.2406706022957
5d459ecc-ffba-4e99-b7bb-f0ea68832765,886,96,2024-04-07,4408.138388416047
e973efd4-bd07-4f55-a65f-47cc8e606897,322,36,2024-03-22,1072.5736416770785
f81b436c-c89a-4242-8b1f-7e601f36facd,428,68,2024-03-09,3988.567204705704
b7134be7-8f23-48af-9998-aaeb1c7dde06,547,8,2024-03-18,1704.4258916707886
399e5f54-7941-42c6-8051-cec33004f7c9,37,58,2024-01-25,3459.8772549669843
1d2016b7-dd99-45b4-b267-4a8d84fc6346,503,33,2024-01-02,4178.137869442995
68e4fc23-67b7-4ce4-a84a-1d322f721a86,402,64,2024-02-26,3570.1370435220065
19f50c92-2688-4484-8598-f45599779d3b,331,94,2024-02-19,4594.1324148888625
faa6c47c-c653-4232-95eb-641d68382ffd,239,84,2024-01-02,1369.563106238804
9b63eac7-6536-43cf-8bf6-7e8491d48795,446,46,2024-01-26,2666.43173314106
e6074f75-4b8f-485d-b543-57a8fe628b0c,470,83,2024-02-08,1975.4119839339176
6f36b60f-1816-4451-aa78-89a47f0ff12a,425,34,2024-02-16,1374.2393537539156
6d60d0fb-6873-4a2f-b1fa-0495c178ab0d,298,46,2024-02-09,98.30752986452624
b17615df-344b-452c-98f8-5b8315e9bb17,687,93,2024-04-12,218.87320630627093
7a6248da-6403-434f-88ed-c658db41a5d7,813,98,2024-03-19,3644.158043607113
009ad0dd-e008-49ab-b83b-fcf11c54d1a6,908,22,2024-02-06,3558.1893206356126
57b86ccd-2c2c-4510-b8cf-f4d76d1a65cd,157,81,2024-02-21,548.1405781754805
b5278df0-44d0-4786-b57f-3054f640c6d8,277,82,2024-03-07,2685.832884822815
85188ecb-4d6a-47d5-92d1-801e053a649b,796,51,2024-03-31,1601.2024614378306
6d130370-92c6-4b21-b88c-f99d2de7ee9c,527,96,2024-04-24,690.257023349428
de324c4e-c9fc-4957-8a4d-aade41e16fb3,918,40,2024-03-30,2656.5037955903267
bc123e6a-cc20-4918-9dcb-1fcc1d6057b1,599,67,2024-03-20,1908.0442037171629
0ef25608-e4eb-48c1-b65e-5f28cec357a6,245,48,2024-04-02,1077.622890719508
44d18018-dfd5-4e2d-9198-7f4ee688daa0,512,37,2024-04-24,2802.886537566588
5a82bfcf-cb5b-4b5a-a265-d57e81544de5,778,7,2024-03-28,1379.1056137336054
342dc6de-e5d3-4ffd-ba39-7cc39c0571ca,751,41,2024-04-24,3901.778457007704
d9a1806a-a22f-49c2-8344-08bec534e8e4,288,14,2024-01-28,1285.893214592021
57bae3bf-883a-436e-9700-c02acde3a58e,432,46,2024-01-20,4358.501040431497
2a7dd37b-fc32-4a48-834a-79a38046e121,636,23,2024-02-26,3805.397746103883
8fea9e53-1fd7-4bf0-81ed-c3e5e948b263,695,29,2024-01-28,3511.874299176707
20b6d112-af60-46f2-bd13-b450b939a968,333,86,2024-04-16,1045.721570109893
9a847a06-eb34-4709-a595-8e423217c53a,381,89,2024-03-17,1503.36078790666
ba8a20b1-81dd-4b9f-bf2d-f8f7dc24129f,74,83,2024-04-06,927.6944715603228
27036078-ce5f-4b73-a4ea-284c05fda60e,951,89,2024-03-11,4396.436437539854
46838350-225e-4aa5-bc89-e40bc7a2b801,323,4,2024-03-14,171.86497519379463
0f458d60-1b46-408a-ba3e-d04075878e0d,913,20,2024-04-07,3920.52772704983
2c6ffc7e-99ca-4e68-bb22-51144ffd2b50,415,14,2024-03-10,3050.893337439878
5413187c-c548-4889-a012-f9bcc8025867,158,60,2024-02-12,1795.2773392300296
becf9f6e-dc99-44e8-b7f3-df818adc532f,471,84,2024-04-01,88.59668355517188
46fbe331-d56d-4cf9-81af-329472d8608c,200,56,2024-03-02,4909.770069951336
e8f62d19-7191-45cc-8201-f3221d5303cd,748,71,2024-01-04,3042.0168396321915
172a6217-f68a-4246-8f88-3196412959f4,951,83,2024-01-03,474.29044551971504
63ebfa16-1f41-4054-ba92-39fcf662cb83,703,47,2024-03-11,1851.7735684079923
73a07d30-5536-493b-aecf-df9a6fd137ab,83,44,2024-01-31,1240.6672540208554
4b796dd9-ff15-4b23-ac6d-7805fde6d8af,608,20,2024-02-05,3964.756004008257
470cb120-463d-4a3b-8f8f-233b99658483,655,59,2024-03-09,1908.7182943402831
801d249b-4541-42ee-adc6-4ff6943d1e0d,980,82,2024-03-28,1922.558044971738
79b53e5e-17e4-4ccf-bd0d-e2d5530f4b31,158,38,2024-01-09,2256.8783929326028
78b18b7f-54de-4f42-8324-01ecee3e9805,786,37,2024-01-28,4715.951120287591
6881bfc0-e35c-47e0-a87e-077273aff88c,181,50,2024-01-01,3048.4175952984588
f05f4e55-46df-4cb1-a439-89b53952824e,757,58,2024-04-16,559.7621628705816
308738a9-68c2-4dd4-8098-40d123f26fad,214,67,2024-04-23,1502.327467571414
b1d6f967-31d9-40bd-9e69-5749c0378e67,514,47,2024-01-12,1783.5090657058315
dd3d2a8c-9937-4187-8524-0aa233d99ca2,430,97,2024-01-30,4743.855647906274
04d78fe1-1339-4bf8-bf05-1dca831d0b0f,53,47,2024-03-24,3047.895679362028
55646829-ba47-48b9-98d9-75aa45f71027,249,13,2024-02-19,1146.0416310278042
19a27acc-2721-4b1c-8bbe-24e8710009d0,620,79,2024-03-11,4905.3395952480505
ba0e2e25-c05b-4465-af52-c878864d6f32,871,40,2024-04-05,2911.7427992010353
d9d2dded-4936-4520-ba61-813319409473,90,77,2024-03-19,569.9216459776028
b364ab1c-d798-4549-a131-769c454ef89c,199,15,2024-04-14,4232.198517320418
75aaebf3-f734-45df-9672-239e419076e2,9,9,2024-01-25,199.6469306119592
a8557c8f-0eea-43e1-8ed2-3852dac643f5,578,53,2024-02-17,4598.299829925188
3fb0d05e-dd11-4fac-b17b-2252537a0aa4,562,15,2024-04-08,2196.15251468754
251d61fb-9f38-4de7-8e7f-a57089db93e4,765,89,2024-01-24,1056.36475897017
88a5e7a8-d8b1-45ba-8830-34f8d00f4fb6,127,46,2024-04-02,632.6607970037331
c546468e-5c3e-489b-b298-18c48cb5e6ef,222,2,2024-02-04,2115.332810858638
0f909bd6-abf8-43dd-8678-b6790eed6238,675,1,2024-04-17,3445.0936879564556
16da5770-4b63-4b9a-9a1a-1141f652e3e5,211,3,2024-01-18,4644.578995917406
733b97a5-8597-4d99-b5c3-bdd40267c1ba,325,19,2024-04-13,4164.255222122676
65044762-e594-4485-ac51-6c15ff1197f4,184,97,2024-01-04,3066.1511896735956
f759fc0f-ead6-477c-adbe-6c961e8532a0,742,42,2024-03-12,370.2265996115094
d62e72c8-cc45-488f-bd20-39caa20de23e,653,52,2024-03-18,1333.8826031765311
b0e32371-3a25-4c4e-9a91-2c84b5f590dc,288,93,2024-03-25,411.70458177777294
443b4160-ba22-48c6-9879-022b0eee93a5,519,76,2024-02-02,1727.5435832060489
cf67de30-eee4-4b2f-b2b8-03f614844410,846,19,2024-02-13,2581.666019886194
be3d00f7-8c9e-4a21-9361-bd9894f82409,569,43,2024-03-03,889.8502052651285
132098d6-80f7-4274-958a-20357e1b78d6,214,16,2024-02-24,4916.566637629491
210f32cd-dc48-4bea-bc45-d124239aebf2,427,96,2024-01-18,2419.624731682233
76ad54f3-4efc-4005-b1e1-60944337e9ca,598,7,2024-01-06,4262.556975502493
2fc1cec3-714d-4304-9e2f-319643421467,682,76,2024-02-10,533.6661314376659
92d184e1-9aab-4601-a989-a97093f2e959,345,42,2024-02-26,426.9561310975553
b056952c-f941-4dd4-8cbf-fa69c04821c7,244,69,2024-01-07,4157.77963651623
9a9374ac-2e70-47a4-b5d7-7e256a655454,12,97,2024-01-03,2431.276927315371
bcb0f48a-8434-4439-a3dd-36bde53f7ca7,550,10,2024-04-24,4270.581119602386
f7c6cc00-0a88-42aa-904a-b4af7a335de4,555,85,2024-01-18,334.44593509930456
80a7c4d7-0972-44bc-9a8d-12ca621f14b5,960,21,2024-04-20,2107.2077203815065
9c528931-ec10-4c2d-9be2-5d4e6663e8cd,285,100,2024-04-18,3223.4927678729596
0145d9f9-625b-49db-a1c6-e7e0c287166e,667,97,2024-01-25,3239.6884738706867
87fa642f-406d-477f-81e3-dd5d97be89ba,514,77,2024-03-04,2459.2893657700747
f190b57c-5124-4345-9104-8a92868b5036,266,66,2024-03-17,4207.402677290403
06070760-fbdf-464e-b237-326257150747,641,52,2024-01-27,3450.444672510321
be1ef8a0-1b47-4fac-ac2c-8d6c43690646,235,16,2024-02-15,4070.426292655148
d4371e49-b07c-4b09-921d-156d94c6cafc,140,96,2024-01-11,2595.829402384587
eba77aa6-1f59-4245-98ef-fbfe95b65098,322,87,2024-04-11,1862.178179020845
c3d449b9-892f-4dcc-8f40-be7b9c72e5a7,424,12,2024-04-14,2138.51763343888
18907806-1f0f-4f8f-be6f-c671d515158b,357,16,2024-03-11,2414.4737703299024
25f09b0d-8bf4-4ccd-8c24-f94cb7b1c3e2,196,56,2024-01-01,2938.083203336414
84c2bdc2-3d4a-482b-acd0-8f40375840e5,152,64,2024-02-10,3222.834378637207
7b20cb2a-428b-4db7-97d8-42bbbfa5403e,186,54,2024-01-06,4547.313257001604
ecc8b4af-9471-42ca-b81c-8febb1980861,813,18,2024-01-05,4580.457005701471
478dec36-2b81-4f87-aeed-a3ad622bbbd6,681,47,2024-03-14,465.37402882098326
b571e160-413e-4e56-adf6-bd39c864aa3a,391,32,2024-04-04,3513.70000187822
02e515d8-7991-4bbb-a116-c507d004fdf7,356,50,2024-02-08,3214.6811972398555
657f09cb-00fb-441e-aa4e-8264dc9a0eb4,25,93,2024-04-06,2502.2886264495846
af1818fc-f456-4a1b-b96d-b1fd0c03563c,504,79,2024-03-25,1801.6273910070156
cc063861-8b3b-4b5c-b335-231016d20319,173,97,2024-03-14,1202.1519496032683
4f86b531-34d3-4f60-9bdc-4f712c8da924,413,15,2024-01-01,2141.520711192614
5e260fb5-2275-4dbb-96fe-e90edf3bdf4e,30,18,2024-04-07,462.1653982777471
8759c695-0d01-4254-9b2b-9dc70efc5e74,118,10,2024-02-26,4085.8229166223423
6d163740-fca4-4475-b809-9269e9bcd937,134,5,2024-02-23,1351.5613357316736
147dbb69-a7c5-4718-acac-2b36caaa86ac,221,19,2024-01-16,3700.329362735306
e93cea58-3cf3-481c-b329-089a2265ff36,586,97,2024-01-06,1945.3285611007625
59269bbd-324c-4cad-935d-d13c97514033,955,48,2024-01-16,4350.433006948774
814a7a06-6740-43e3-96c2-88b35daccc90,731,74,2024-02-22,221.5029777235871
221761e7-789f-4e25-95c8-75f3d64e6ed8,681,87,2024-02-07,4531.153366401933
0e5e5ffb-c105-450c-a828-7623c17f168c,54,39,2024-04-26,4133.656916902152
21a6c572-161f-49a4-a422-03fc145b0824,288,74,2024-01-17,2821.819410916273
48173d2e-d83a-4f63-bf12-9445ca44d989,612,40,2024-02-20,2871.3710590962614
7fb966b7-75d2-4a69-827c-c44cedef0bd9,476,40,2024-03-15,3217.396193651842
65bde77b-323c-4439-a901-366e563c9bf2,955,1,2024-02-01,763.7685004366951
6962ac43-b210-4b90-8934-273fabf24bd3,482,59,2024-04-07,1578.3263500100118
ece4980b-7603-4926-8188-a171cdb3f780,278,91,2024-04-29,1328.2371869975414
91c54d23-5f7b-4a2d-a5c0-f3b8014afc63,644,90,2024-01-26,4129.798011101938
97ede6c0-3708-433d-803a-f858e3231f87,833,63,2024-04-14,3172.408822635789
a52763be-628b-4993-b2c4-173ece334965,817,50,2024-01-02,4543.614060547542
d57c6334-3abc-46fa-b539-76c1640c6b54,3,7,2024-03-09,4023.029115865069
44e7dfc3-18fa-4405-991e-90887bba9e46,266,60,2024-04-27,4858.331391781948
f24bc46d-0335-436f-8a55-8ad70055f0cf,581,20,2024-01-27,3233.8566499042986
121d01da-7df4-4035-b89f-22be735e5a4b,750,13,2024-03-02,4408.127720255331
a18e6c14-3ca8-440c-a34e-4137f47f804b,171,71,2024-04-18,231.4302757434058
a6c7d7bf-71dc-4c9c-ac0e-2367439b0a50,705,86,2024-01-09,2391.1832159559085
bdf318d0-ab70-4bb7-97d1-eb16badccc88,615,6,2024-03-24,3260.4828861065344
a3737b7f-67bb-48a8-ab59-82dc8cd43f39,985,67,2024-03-02,2449.656970390206
195dada4-c567-4abc-abf2-ad6dfbdc2053,968,40,2024-01-15,1357.5871217913748
686d4162-53bd-46ec-ab8c-e58a26cd2054,9,6,2024-04-26,3742.649790883148
de20a1d2-6718-40f7-b1a7-d497387574ad,749,54,2024-03-06,3507.704826921964
1c266bb6-a753-4aef-b64b-0b552d4814a4,637,86,2024-01-24,4205.221637512061
b3875844-8ce4-479f-a934-bacbcebfd80a,314,15,2024-01-20,2409.120871159451
8a202e6c-6ed0-4fa3-8a7d-b6cc755008ed,627,27,2024-04-03,4012.3985247894834
60b732bc-6a42-43b0-8721-4c874d77ea6b,661,90,2024-03-16,458.8859733039397
024ae330-7f8f-47f8-a0b2-c27e3c299ecf,790,6,2024-03-12,3254.306054872338
f7420070-bcf6-4477-9490-ab5c779577f6,484,75,2024-02-24,431.9722135982212
163877ab-b8f9-4fcc-9e2d-0319b1d0e1c4,842,32,2024-03-30,295.8832362673683
b4c4e14a-1144-4c2d-b1c4-e8432d1e2b8e,405,19,2024-03-03,765.7696874088381
2a28300c-80c0-4097-85b2-25d73a72db81,736,82,2024-03-21,1077.3356316936145
6dd506d3-0692-4eb3-84fd-e14453ed93a6,471,19,2024-04-26,4071.376716818463
4937031d-8986-4f2b-bbc8-90af2da65a00,139,80,2024-02-03,4142.151933737906
4124092e-35cd-4de1-92f0-b6c090c8b3b6,778,32,2024-04-08,118.75924144465792
5f7fc345-0e7b-44c0-9be7-5add6ec0a8b8,767,56,2024-03-19,1739.1613029710868
95eeb029-4bfb-4c19-bcd6-5a9cf85fb877,813,63,2024-02-16,3429.706673334172
625d4a67-892c-4e4e-9d67-a1d0c81894e9,434,59,2024-02-26,4806.288205760753
6810b28d-0399-4e67-b055-2e6e9c3a3e25,166,90,2024-01-22,2044.2642361976325
7ce1b272-e0bf-43a5-8922-38b2f8b87be5,856,4,2024-03-06,578.7917405645633
8e6d5b79-2ef2-458d-8244-f1607e91e84e,306,57,2024-03-20,1861.724968445284
0d4b9724-84ff-43ef-a358-0beafe04855f,299,100,2024-03-13,3076.3601279927643
624ad377-1dff-4ef3-a68c-104761517fee,182,53,2024-03-25,2643.1216979252877
fbcf0ca1-2565-474a-bfc6-10150ee5c09e,555,27,2024-01-11,3836.9390982206887
83d2531e-44bc-463e-b08f-344e2493ef96,400,77,2024-03-16,4402.364049682547
038b9491-4131-4f0c-b9e2-d953f615e11b,780,39,2024-01-05,2326.2700152410443
a7921d92-3d3b-44b7-9ff3-5650814e7f5e,255,13,2024-03-01,2919.7322794213833
0079485e-76eb-4c3e-9f8b-0d405f316590,881,80,2024-02-05,3621.258487418144
c638be47-1eed-41be-be79-60303f5ceb32,364,94,2024-04-21,4999.465542553661
10d52201-cc9f-4a83-a6e7-f7a641079145,155,63,2024-01-07,4554.598588552575
5f4bb96b-c817-4862-a053-c01ab1e38eee,889,82,2024-03-03,1333.3426173615253
25067d7a-5975-4302-b7bd-109a16c22872,180,64,2024-01-04,3400.3793650845305
9e10bb96-7698-4c63-b158-e083c1c14448,477,4,2024-03-25,3326.6229102808497
8a28acf1-a72f-46fd-9a8c-6520e491c97a,928,13,2024-02-08,1540.6962350683004
c3302b43-d734-4dda-a663-2b5b9a6bf6d3,372,63,2024-03-07,2204.907203858895
35095b9a-e8de-4731-901e-8ffeaf3e332a,88,3,2024-04-02,3459.3561920814336
427d6327-55f0-4180-beae-960a6f1ebdb2,78,80,2024-04-18,2500.5918665874815
b5afc4f0-c83c-46b3-9392-b2301fd47007,581,48,2024-01-04,4483.194817567002
419fdc78-ef8e-463c-b5b3-75fa8400853e,393,35,2024-02-09,2468.4193448586666
c94912c4-dac8-4e8f-8475-0f9d365b4884,712,47,2024-02-24,3837.236780992661
6c6c97a9-a3b1-49eb-aa3b-a174dfd80e0e,22,81,2024-04-04,3520.293074665935
f21272dd-ca0f-4e67-89f1-c5dfd32a7d9e,204,99,2024-04-06,3463.817521820338
80be4177-b428-4000-a498-18ba2ee0347d,674,79,2024-01-05,3204.854660226251
06e585eb-294e-4926-afc0-ced2e7833de1,305,20,2024-01-22,4148.839155932752
1a90a08a-5ea2-4084-a199-fb33b9b96f8a,210,75,2024-03-23,197.01336153610856
8876ef2d-9930-42a4-8915-ff979acd5e76,573,21,2024-03-04,456.32860101182416
a1308092-fc13-4289-ad18-131061817275,677,36,2024-04-07,846.2185552939254
0e49c2de-585f-485b-9899-6056ad5b7433,512,31,2024-02-17,4632.340515713181
d91bb5cc-e9b1-4578-bf45-38ada2467631,419,31,2024-03-17,3265.285724676902
939e52b4-77cc-4019-a1bc-6d97775fa6e6,376,87,2024-01-06,4486.398298733096
1f5d0edc-0709-4519-b267-ae12a9417ba3,612,10,2024-03-07,4320.523886820702
ae5bd01b-23e9-40be-81b5-806d72e92949,880,69,2024-04-03,932.1191522330962
cc820467-bf6a-4c13-8803-ef43442c89dd,598,25,2024-03-30,716.8469415083256
45d87796-8632-44a4-915a-c16548ff3e18,242,39,2024-03-04,279.21194147393663
51245474-9569-498e-a46d-4e128d2a7c34,589,15,2024-03-23,1282.5673836505264
3916bdb1-2568-4d3f-b63b-fc585a7a76e2,428,10,2024-01-29,998.550002192274
5818c15f-d854-4d6a-a4a8-8857db7e2ea7,611,29,2024-02-26,4249.439935265609
30afb57a-9e17-4c47-b13b-6f7b01942a20,807,47,2024-02-23,2924.4145744267194
10e0eb1f-6bc9-4a93-82e2-7d56afd77772,173,7,2024-04-07,2622.6318379041704
1e8214a5-6bb6-4e45-a323-61744c998136,295,49,2024-02-16,2689.019014310655
75f5aa14-a43e-4a45-a799-42f07f51c886,449,93,2024-02-29,3052.0509122843146
4062373c-90fa-48fc-a146-41d95f684b22,214,79,2024-03-30,2578.73842236372
fae594ca-ca1b-43ac-8c93-c62b784f26ff,136,68,2024-04-19,315.08204134680557
fed2672e-1fda-4abc-a090-9dd05cf60e6a,92,52,2024-03-06,1432.9049448570738
c140058e-2862-4f14-a141-beb9af7bc5b6,40,23,2024-04-28,3278.8735598479516
eaf081aa-1736-401b-8d77-c2d5825dc943,205,40,2024-01-24,3223.1125742491304
e0201eaa-3253-4f14-aa1a-cd8647e2f73e,628,71,2024-04-03,4667.88486744257
749c2dd7-86a4-46d8-9530-db8a5d38c23a,700,35,2024-04-13,424.46344666360744
8f2eacde-dce6-450e-89f9-1a03c6566c0b,266,7,2024-04-25,1989.00514011246
accfa923-c771-4e7d-9b5f-0d9f53780a6f,652,81,2024-03-31,405.1750973996123
67906a6c-c626-4949-be3b-0bdf85090c54,939,19,2024-02-15,3553.598289603636
b86183aa-2b9f-48a0-b5aa-28cbe0ec3edc,585,35,2024-02-02,3754.079196562207
b218e86b-67b8-42cd-b11d-ec0b80dcf6ac,660,85,2024-04-02,1704.975269031505
7f65fede-d686-4c1b-9877-67f93d868655,678,26,2024-04-16,116.17923446182
075c0a00-9a39-4b73-91dc-9a80315eaf65,677,3,2024-01-30,3404.599154675481
05e64cd1-ab90-492d-971f-05e3bd8a4cf9,425,79,2024-04-20,3928.7414217894056
c82d2005-148a-4300-be5b-62304e4d9115,993,29,2024-04-22,642.1639613581541
dca48c93-b806-41c0-b0be-054cc70984bf,82,55,2024-01-12,2538.6554104388665
5772c9e7-85ef-47b5-abf3-9e719819e9f4,996,54,2024-04-26,1845.345310692901
19f16a4b-e738-4579-a8cd-9a9cf015da6b,445,45,2024-01-04,883.3001406506168
784b9971-cdae-4da3-87ac-d1015be621cb,448,11,2024-03-22,1147.0668278117848
e361c161-15a5-470f-b409-85ac07fdb687,574,48,2024-01-25,2817.252794590576
53708c5b-09a7-41f1-b9b4-a0ba865465d6,503,100,2024-01-03,3340.042982127773
ef5cf760-92d3-4fce-b278-82a7f69d9ac3,757,59,2024-02-04,1940.149097324579
ca27c5d1-8437-4680-b47a-d877ad8ea8fb,25,8,2024-03-10,1476.6434488466905
af361680-baae-423b-b86f-ac6ad24fc53b,963,8,2024-03-15,4543.280837678395
4bcc95b6-8d74-4c37-8531-cdbc5786d400,891,46,2024-02-13,4869.44477586779
074f6b39-ba09-42bb-b69d-5ec2e6e90a87,184,21,2024-02-24,3999.773738593438
835871a6-09cf-4d2e-95ed-8aeeacb114e8,669,6,2024-03-10,3632.4038544075615
ee894dcd-e421-40ca-a481-01fda2b22303,644,59,2024-02-19,1374.4861711516326
b8b07634-59a4-40f1-ad44-b846416031f8,131,69,2024-02-13,497.8311577280225
a7073c75-d257-426f-8e40-28f9f01bcf97,868,9,2024-01-26,2565.5443259341287
f1dbb58a-93c9-45fb-a00e-cbf5263661b4,309,28,2024-03-16,1255.6407083282168
f35a7673-7a5a-4ccb-9729-6f926ccde52e,50,43,2024-04-26,1837.085169257173
32f03e12-dfe7-484a-b3fe-bd450bed42a7,335,9,2024-03-24,4370.9900376755895
5d5eca83-9be3-484a-aff5-a6814d6e2394,415,38,2024-04-19,4733.236933260593
5a01b6e9-b08d-4d02-9620-5f127c5cb6cd,403,69,2024-01-01,627.5012435871715
6f033fcf-bc45-4d17-8d8e-6faf2dfe0660,291,5,2024-01-10,1498.9833915460265
a171f031-3495-4d89-9e14-632b336b77d9,31,40,2024-01-26,4312.886912587442
4ef32337-f7de-4269-bef3-ebd23c17bcbb,982,1,2024-01-02,4229.357504392856
26c1d517-0f99-4b73-a5db-7d368d5af167,853,56,2024-03-21,896.5290584366142
011ea250-6647-4a5a-8fb8-899ff7dd8c9d,617,6,2024-01-06,3957.01726683723
5feb527d-fbf2-4d95-b566-a6939400abd5,779,49,2024-04-11,4085.416359860149
9dc5f0f7-ba65-432d-b696-e0bd77b898b1,223,18,2024-04-13,4302.939865036549
4a4ffa15-1343-4009-8ee6-6537b6a23bb2,469,30,2024-02-04,2698.115108659559
d7f78171-87c2-4b7e-ac87-0629d0ad03b6,527,71,2024-03-29,4882.934029961087
abc882b5-2c8d-4923-94fb-874ec710f399,604,24,2024-03-21,1449.6136485117115
3fbf65cc-e9bd-4295-816d-34840d500188,772,21,2024-03-04,2788.091887846276
93b831d2-d05a-452d-b1f8-af4a387cc922,756,49,2024-01-19,2377.429336450712
3d5da1d7-a387-44bd-9ec5-d2e5848a6973,209,16,2024-02-03,2177.4193465414364
864a1d86-8ae7-45c4-96b6-c9631927e8f2,939,18,2024-04-23,3148.0220917103484
090d6abc-54fa-46e2-bec1-0c9f91a809f8,250,34,2024-03-21,2105.33472796266
d91b52b6-9967-4068-a7f3-571f166872ac,310,14,2024-03-22,4063.964039239186
a71dadcc-80b3-4c45-a615-3ae6fcc7f5b2,983,71,2024-02-23,4815.095912063199
142f7f2a-e6d6-47fe-8ca4-a45cbacbea3d,19,55,2024-02-22,4354.984084724566
a5f7dcd7-e4e7-47f5-a41d-4a24ed035b92,165,98,2024-03-17,902.320559464124
5a2b790c-090f-45e8-bee1-285079c7f06f,498,19,2024-03-21,516.7882277282574
1f042f97-730c-460c-bccd-7f33c0735d1f,203,100,2024-04-26,932.306072675171
057b1a7c-2bef-4f07-b679-213353243c7d,532,12,2024-02-22,1823.505725531153
9a83a0e7-b221-4383-8bf7-28cf50a2ad45,999,42,2024-04-16,2337.090281501073
a849f318-49fa-4d54-a4d3-a382d44a3a95,335,49,2024-02-24,2982.7588666725737
2e5f04c9-6e07-4967-a0b8-7ee881acd464,8,94,2024-01-15,1606.7915172651892
d35256bc-f89b-47be-a54b-72ef3dff3a48,895,70,2024-01-02,2968.4041950488095
