email_id,campaign_id,date,opens,clicks,cost,channel
b5c9aab6-9e1c-47c4-80f7-3f5e50fb151c,75,2024-03-01,425,90,338.086638327363,Email
95312b06-1a9d-4897-8a3f-1449669379f3,58,2024-02-13,333,161,958.5594910291152,Email
84a9f799-437a-417b-a433-acbf89fa7294,77,2024-04-16,105,102,1577.8693849785395,Email
18f9cddf-bba4-411e-85e8-6ae81d3959ce,89,2024-01-11,181,172,222.1317687024557,Email
3530eb1e-c541-4dee-a4cc-4ff82ea73dac,79,2024-03-21,155,177,625.4259079261219,Email
773aff67-e538-4077-ab74-c03144f3e497,10,2024-01-16,309,161,571.2919550757824,Email
6909c349-866e-4f3d-b880-a836e2863ef0,64,2024-04-04,102,132,1511.7623086625886,Email
a4e14558-4fd5-43f5-9c97-5d0c06f2f753,10,2024-03-26,125,131,1841.4156022464117,Email
eb1d2e0c-8331-49b8-b155-29a3e91c55e3,11,2024-01-15,255,150,279.9247273856595,Email
dfac06bc-3bd0-4109-b571-ec3e7df64c63,95,2024-03-13,183,196,352.5694103815266,Email
7fdb511e-5639-4335-b55d-84ac639a4231,3,2024-04-20,148,98,254.8568137733635,Email
f730a06f-edd5-41fe-bc96-ef75640b693e,88,2024-01-31,370,195,1810.6313674166793,Email
75d359c5-bf6d-40ca-bec4-5e6b27729b07,61,2024-04-23,421,128,1811.602857412787,Email
f6502013-d998-49c5-93c1-32fd1d5b5115,61,2024-03-12,270,72,325.1589973615412,Email
9abad6ea-3221-49b5-b8ab-1de2ee7d363e,44,2024-04-28,441,189,1760.2523356142256,Email
295af412-715a-439d-a20c-3b79c117f174,90,2024-01-30,394,97,605.2972778003548,Email
9a7e82d7-61de-4ca8-aa09-0122d5af0644,60,2024-01-17,369,127,827.5147970550141,Email
0533c15e-83d6-4792-aee0-6e674197364a,36,2024-04-19,360,117,607.603465820934,Email
19c61e84-3a86-4771-a42f-f665d78e4069,60,2024-01-01,108,179,1291.1699905204746,Email
655af004-0be2-404d-a09d-8b4a0d92fb68,23,2024-04-27,112,200,341.876609940742,Email
7513bad2-773d-43fd-92f5-458534a0caf1,95,2024-04-25,141,164,1680.4886350138638,Email
6f1938ba-17e8-42c6-b145-c0d8c10ce254,44,2024-01-14,368,158,1091.493674394436,Email
de7a10b1-c7c1-43f4-bb89-60e5671648cb,6,2024-01-20,244,95,761.4345365316422,Email
fb05eb64-e54d-423a-ac76-6a6177293b5c,93,2024-02-12,272,196,465.18042313196287,Email
0a9c14ea-a796-4779-bcc9-2b75c1d258ff,84,2024-04-10,187,96,257.09593162146973,Email
983e07b6-1073-4451-9b83-65b814521c20,63,2024-01-20,497,89,131.82520004754937,Email
d45a9512-ca8f-4c30-85e3-39d7ef0969ac,13,2024-03-21,270,179,1770.0993340791772,Email
fef70df6-38b0-43f1-abe7-2681a6a516fc,15,2024-01-11,362,51,340.24070182532034,Email
83b8cff5-8dae-4b6a-83b1-df278e37efbd,96,2024-01-23,397,180,1018.5824103596716,Email
b907f9de-f40f-413f-bcfc-029abb6ac3ed,38,2024-01-13,383,124,541.1860854257093,Email
0d894532-d227-43d8-8ca2-e1d2eab00409,97,2024-01-23,387,100,465.7073342553694,Email
9435f298-c41a-4bbc-b2f1-217ef6dde763,85,2024-04-03,131,108,1725.6915107713037,Email
aa3ac963-4912-4411-b149-58b70b95921d,33,2024-04-02,482,77,501.2983962521424,Email
9fbe7b6b-1c52-44a0-9f30-567ac3e96985,91,2024-02-29,463,76,1855.396309188008,Email
52815097-3aaa-489a-a57a-09d1cde43eb5,12,2024-04-12,117,172,964.9661324255388,Email
ed694cf6-ae7a-4729-909a-76d8c227faa3,98,2024-02-27,448,196,1133.774897514256,Email
5f32c228-40ec-49eb-86fa-dce945f21bd0,46,2024-04-10,151,73,381.5232406189793,Email
ff518eba-31f8-4029-9e24-4200ef09c9bf,28,2024-02-08,378,153,908.2764372304516,Email
46ab2ddc-88c0-4efe-8e51-44ad58ccf7bb,76,2024-03-24,359,133,963.6164341388406,Email
198c9671-6d9d-41bb-a738-6fe511ad0eae,39,2024-02-11,469,63,727.9367819826462,Email
c85e46a5-be04-473f-ae7d-f8ea2cb38fbe,33,2024-02-15,227,79,1152.095187081652,Email
e8a3f3ea-4ff8-4e27-ad82-ec759d5af515,53,2024-02-20,371,198,1966.69137584003,Email
335791dc-839b-4b18-8625-df2f42834ff6,52,2024-04-28,300,100,1195.8163892117634,Email
93e1341d-0d66-4af4-abd8-4eb07db9b174,1,2024-02-22,156,159,1526.9778890010684,Email
5d156083-b23b-4593-a8ee-d4ae4e8a7060,52,2024-03-22,146,192,1219.8203700746346,Email
91c218a5-d6b2-4775-888f-c46bfa1fac03,11,2024-03-27,180,80,106.64589159776465,Email
23dd6bfb-86b5-467d-8e04-a654a6b7d898,60,2024-03-26,431,79,1733.681577033979,Email
04ed60d7-ee13-47a1-a47d-7a5dfa2c0f2f,76,2024-02-03,378,194,202.36925467643465,Email
ecc7343c-bdec-4259-9c92-3911cc331c12,64,2024-03-29,326,193,1082.9121104332944,Email
abfdbe81-fc35-457f-a11c-5ca0c282bd81,36,2024-03-20,346,166,1919.64658221301,Email
dc9659c8-ed7f-46f2-aaee-ad3b7cc4babd,84,2024-03-14,453,139,1935.908580970558,Email
5a25b261-06ab-4d43-a763-c49b1b88c7c0,8,2024-03-14,213,138,1443.9491280610273,Email
edb59ecb-2181-4fa9-8f7c-6bd0f1952edc,97,2024-04-12,463,168,1904.8771551602908,Email
32602692-9816-4570-92e0-f3527f4c0260,5,2024-04-10,117,101,1643.944713729161,Email
dfa135a2-8fb2-4416-9be5-c4abe63bbd6c,93,2024-04-04,492,121,151.3512986169975,Email
f0227030-5ab2-412c-9c4f-24af5344e3a1,58,2024-02-28,498,54,140.4241209425808,Email
8772f449-d12e-4cac-b170-29e1e989d876,71,2024-01-26,162,59,976.6919931908184,Email
6c1ada59-c06c-429a-bd18-bc92f9dbcaad,10,2024-02-16,404,117,464.99743150934296,Email
d3dfd4a6-5f7c-4276-8ce4-79cd30f9fd1f,89,2024-02-16,298,53,1174.4265438694265,Email
e5954d26-561c-4bd2-ae01-a1e12dc61f03,12,2024-01-14,304,104,1176.41214251913,Email
96ba47a8-2477-4560-963f-a92eeaa58d9e,86,2024-04-19,369,71,1626.6126709691284,Email
516a8dd3-fe9a-4f51-a111-93de19fec48a,55,2024-03-31,395,185,846.2338342754875,Email
f96ee93b-2b8c-402e-885a-bc1c1e6bf83c,96,2024-03-29,118,141,213.4501036043017,Email
9018a79a-2e9a-467d-8de1-fa1819c764b7,41,2024-03-20,499,124,1550.623258392184,Email
da80568e-e683-4d5c-b208-526cf1c15612,98,2024-03-31,423,124,1983.9345854836915,Email
d66411c6-9840-4a9e-89fd-f5f3a9149455,43,2024-04-28,178,80,647.0313238617503,Email
12d0c34c-bcd8-4e07-9b7a-813fa7c10e9c,35,2024-02-14,139,179,893.24998394735,Email
9a160846-2408-45e4-8968-9a90c5ace22c,52,2024-02-03,354,126,645.5590655658209,Email
c472c922-0e1f-4c1d-9043-792c3cdea03f,99,2024-02-26,259,190,1294.8276402721424,Email
fead3390-ea39-4d12-9a3d-a9d4cf9823ac,26,2024-02-12,299,165,601.0058034199529,Email
538b782e-ecf8-40ed-9df4-5a838c772ed7,41,2024-03-15,387,164,1892.9067912214225,Email
0e0f2e09-20b1-49aa-b570-e24e180a1ed6,82,2024-03-25,119,168,774.9646213377389,Email
18a6a621-cec6-4b67-b4a6-4af8e08107ca,2,2024-02-05,247,162,1434.8114005712462,Email
a91d1f3a-0a37-4195-955d-df2fe49d5a25,5,2024-03-09,456,197,1563.409268664824,Email
50eae4a5-73d1-42e7-acc0-f2b14e605e76,66,2024-04-10,403,72,275.1134291979837,Email
22c52a16-b0ac-405d-99f8-e61fe17ba028,11,2024-03-30,293,130,221.16271383212137,Email
d9ec8062-b8db-435f-a051-1166aa1528c2,69,2024-01-11,105,55,584.6247489705034,Email
bad41242-c5c6-43c3-ac84-46c506c2e293,99,2024-04-15,200,151,1953.4833234094033,Email
2add80e8-1718-41a9-8ae1-cb7d27e59987,5,2024-02-26,464,52,1192.7457311151795,Email
d531e1f9-a711-4929-8d41-6e87bbff20ef,14,2024-03-30,299,139,988.705106944688,Email
e5d7dc7e-dd77-4e26-98a9-25afb51e8ec1,79,2024-03-02,368,170,1758.9087787189353,Email
7f45d630-4906-426a-ad09-0ef79cde9347,50,2024-02-26,480,144,732.3042407794336,Email
95670fd2-09f9-49b1-9dbb-2786407c726c,47,2024-03-04,210,99,560.4584752275534,Email
c3b473c4-b0bb-498b-876b-ab0249d5490e,76,2024-04-29,487,186,1808.9721918598264,Email
5af56214-1524-4fe4-b172-b9fefad5dc18,18,2024-04-10,184,197,1032.4931069665718,Email
a69b946b-9718-4612-8d33-c240ecb1740e,49,2024-01-01,142,157,649.2140492856088,Email
5d66802c-a988-4589-b50e-5fb31ddf2a36,21,2024-04-16,189,84,171.09312793273253,Email
bf769996-5ad2-40f1-ac2e-fc17b28b278b,66,2024-02-10,400,70,1880.0094037879592,Email
174af707-acb6-4414-8dcf-5cee0673dd60,87,2024-03-03,451,143,1913.8999932353925,Email
8c19d99d-01f1-44a5-9057-5b275f805ddf,50,2024-03-18,283,94,1764.8417841919825,Email
c66f772d-30ff-4f2a-9911-24ca483ad196,83,2024-04-20,415,95,328.31595731063646,Email
b405b1f4-954e-48de-a1a3-553e12ab2fdd,24,2024-03-28,199,88,1603.4126177105222,Email
f389f220-d32e-4566-95df-cbf0df6f49a6,38,2024-03-16,297,168,1510.5529050979137,Email
7ce89e4e-5228-41dc-a589-4ec607784ae1,9,2024-01-01,400,160,664.8241181612843,Email
04cbaadd-14d9-44df-abef-d137dce68169,19,2024-02-19,375,149,1447.379722722748,Email
5a88272f-67c9-43b3-a20d-c3095966fa04,74,2024-02-29,286,160,1269.9123453468785,Email
a24fd70b-38ea-4204-82aa-b90f974aa131,91,2024-04-04,307,175,1868.2742760186304,Email
ca8699ae-3328-4a1a-91be-b1ff93860789,69,2024-01-11,286,86,497.3857529226318,Email
138651c9-0484-4680-a83b-c0dc3220f8b3,69,2024-04-18,259,119,1857.963985902838,Email
93d5026e-350b-4093-8465-0d88206752ba,98,2024-04-21,421,104,1209.0786828998323,Email
78faa908-0c9a-46f5-858d-5399470fe0ca,22,2024-02-22,149,165,480.3938051904347,Email
4ef4d021-2546-46e1-ad49-728c69b85787,100,2024-02-14,459,75,408.5345131102263,Email
b014766a-0ca1-4f90-adb7-a9580cf07f9b,93,2024-04-24,246,200,1591.022750068899,Email
53381f56-fde1-4bfa-96ef-f230f80b996b,7,2024-04-07,220,60,1488.334195147294,Email
c2ce4756-c24f-43fa-8df9-8aa68f079601,75,2024-02-27,206,128,1875.90622676377,Email
94220ce5-efb6-481d-8074-74bb533212c2,47,2024-02-17,302,199,250.62170448442947,Email
8fb5dc69-deda-4acf-af9a-050e3e16c492,61,2024-02-23,274,163,1345.6524689564892,Email
20789a5a-d85e-45cb-bab8-ebb1988e2a3a,87,2024-02-22,191,179,1543.7439254825426,Email
04eb6f18-fcfd-44de-a487-25d7004d5bb8,3,2024-02-14,334,54,1036.10613681292,Email
59ede09e-39c7-43bc-91d0-f7098dd0271c,6,2024-04-21,390,192,1561.134906684597,Email
1822fbc6-9014-419f-a715-46b0fea16aab,41,2024-01-11,148,163,1097.526989133268,Email
f6acb348-e827-4b59-a1cd-f3e09b5eef26,98,2024-01-12,284,61,1514.2591745660875,Email
356f2f1b-3308-4208-ad96-27fea837308f,43,2024-03-17,496,154,366.4500297336232,Email
5e152aa1-f02a-45d5-905a-22e5ff1cb178,100,2024-04-25,456,95,756.6130584353238,Email
59892d93-25ef-40a5-b522-6de91597ff89,31,2024-04-04,217,56,1356.210180947497,Email
97fef2cf-49bb-419b-bf59-56368099d9f8,67,2024-04-09,311,72,1257.318086042583,Email
95a40b49-a04e-41ef-b58f-9aee060f37cf,66,2024-04-03,193,85,1409.525699518298,Email
92039352-c730-4cf5-8683-ed4ae1aba159,47,2024-01-16,146,105,918.1147847360548,Email
23961c47-41d7-4c83-ad31-aa523431288c,90,2024-03-29,359,186,267.4815256172584,Email
5bc7191d-943c-4720-bd5d-1dce2cc62600,25,2024-01-09,299,76,497.3222626301545,Email
570df105-0eb7-481b-99fb-238e8ce3d280,31,2024-01-01,378,118,104.59131148877955,Email
118ebcbf-cb88-4ee4-8f06-edd540f36a8a,40,2024-04-23,457,78,863.5883570823722,Email
6479eb12-a076-4211-be91-c3044bbe9964,82,2024-03-25,401,154,348.9289548354934,Email
92748849-5e77-44d7-b0ba-bcd17cb6b391,48,2024-03-17,145,169,502.2161405715854,Email
9365a07d-14ec-4076-b7c3-e5720787a9d2,95,2024-04-22,365,149,260.7251643948306,Email
4a2e5a26-09f7-406f-8d4b-174ecb11c826,39,2024-04-20,457,81,412.23296869906335,Email
a02bb6c5-24cb-4de4-b8fd-7d3b6961b39d,90,2024-01-30,161,79,1406.4713100624856,Email
2d1b6ca0-f850-471c-b3ae-5b9fcd59f20a,95,2024-02-26,278,71,1495.1739814014632,Email
dcd3f427-b035-455e-a39e-f35819233bd2,17,2024-04-22,458,123,598.6514006530845,Email
188e67e6-818d-49d8-90bc-c9772e98108f,46,2024-04-23,291,85,1437.3184540088314,Email
43d40634-b2a2-4144-9821-4c62820e2322,57,2024-03-25,362,172,1262.0428271376886,Email
e4fbbfee-e3f5-4425-b7f6-578b504b8d96,28,2024-04-15,153,155,160.14802388523952,Email
86f91b01-5eb9-4bfd-bda7-2829a1eedf2c,1,2024-03-13,173,57,1094.358437750416,Email
c3c904fe-e302-4294-bc24-286a07a1b5ca,45,2024-04-26,283,68,834.3369131737343,Email
2cd44229-cc0b-49ca-8e6b-27dfa3b8f90c,31,2024-02-01,487,90,1480.710197759371,Email
7a4b2c93-b1d9-428c-b81b-5568a55e1a4e,30,2024-01-15,485,199,746.0762943432525,Email
76152d84-7a07-4f60-8192-7cd6b9eb846d,35,2024-03-29,288,57,775.2611999334478,Email
ef5d6e79-b759-48da-afc8-caa99a357d5f,67,2024-03-11,290,169,445.574725000772,Email
5185b6c5-1f8e-4e92-8295-682fee2c21a9,100,2024-04-13,169,156,251.2399107418048,Email
69ccbbce-7ad8-4cc9-bac6-638466667623,49,2024-04-09,482,121,565.0457384660074,Email
1c46a818-3d0f-4a80-ba1f-042bc23adcd9,98,2024-01-04,432,136,890.8335450222304,Email
b54ffcdc-246b-4d9b-b012-0e3c3ff3bc86,82,2024-01-15,451,117,1168.9912877783145,Email
1a066303-62d6-4081-b26d-85bb0c43b148,88,2024-03-10,212,120,1945.832254876778,Email
ac41ba7d-04a5-425b-94f6-7441eba26352,47,2024-01-26,237,198,805.7245345709891,Email
f0e3b178-7176-4cbb-bbcc-b749ec94cd84,1,2024-01-14,412,153,825.3330852540317,Email
ace5b7da-9e63-40a9-9bcf-8700fbfa6a91,100,2024-04-28,122,103,198.7232257193164,Email
2c603c88-ecfa-4f7e-9c4f-510ac2c585d1,15,2024-04-10,160,75,1189.1062250082812,Email
9f6c5bd1-5d61-422b-94ad-de788498e63f,50,2024-03-29,426,146,1830.6803450413224,Email
25975a34-ca1e-4e1f-9b47-b4acba94085a,48,2024-03-08,341,93,312.2959124662177,Email
1471e886-7b0e-40e9-b2b4-eabb88d3096b,18,2024-04-22,109,83,177.32898455306398,Email
10100ddd-ee84-4f2a-a61e-6639609c7402,2,2024-01-16,182,162,1416.371670057352,Email
acc51903-de58-4abd-92ee-056865afce0c,94,2024-03-18,462,171,1836.8270122418169,Email
087f6ca5-ef96-4282-a655-a087c7b6ea06,34,2024-03-23,126,133,1989.6491557861536,Email
a5880e9d-162c-403c-8d83-1b3a4b28a205,31,2024-03-05,103,176,1912.159988104593,Email
2ee6e885-85d0-4133-973e-98c4f3cdaea5,40,2024-03-06,497,100,1490.8833481779782,Email
4645566a-e93e-4b32-858d-d82afab1f886,88,2024-01-14,184,176,1955.881065016448,Email
181ca7ac-a320-4cb1-8de2-6301e85b1cbf,7,2024-03-26,148,147,1766.7025609977334,Email
f6ad60b7-44b7-44f7-b36d-af59e3fc05af,72,2024-04-07,138,189,388.5291037497479,Email
834ed334-c8f4-4638-88d5-195e8794e622,34,2024-02-17,313,146,1116.822057090665,Email
5a56def7-c17a-4781-8bbb-61246cb20d19,72,2024-02-24,279,176,925.981480468692,Email
2e31d910-dbdc-4ac6-bbb1-bcf8c66608fe,41,2024-03-06,398,94,1655.99589436398,Email
5772f1f3-f0c3-42c1-82dd-ab02dfdf3f10,39,2024-03-08,226,186,190.07311351989316,Email
d2294863-d0c4-4199-86d5-59dfb0513639,32,2024-02-16,165,184,301.96176749594065,Email
802b72c1-5adf-4703-908f-b4139653a628,89,2024-02-13,296,149,1687.1855420136687,Email
a4fccbd2-499e-4a86-8656-ceba03671abd,35,2024-01-06,192,191,460.3770291879411,Email
8d75cad7-b6f7-4bbd-9322-3d9744d078ba,78,2024-02-26,230,173,255.0817722908328,Email
9531c551-4435-4dd5-9187-9631e838614e,76,2024-03-14,146,106,1621.4226345433797,Email
7bbc5ffa-e86f-448d-b5ac-a57466e202e5,9,2024-01-12,460,107,1777.1505849709229,Email
aa52abf7-626e-4d29-bb30-111d60c397ce,47,2024-04-19,409,138,1485.8011775770392,Email
ac006b2f-e92c-4708-8a01-3e127f6fa906,35,2024-03-04,475,135,1603.6190472346382,Email
7a27bdf4-c7f9-45f8-b890-d56c61201a16,31,2024-02-02,298,52,1103.369462642001,Email
3a00d240-8897-47f6-b9a0-b89344c7d9a4,97,2024-01-19,100,157,1563.634749680176,Email
12825d72-b2f6-4ce0-8b2e-23d83d6f836b,90,2024-03-08,142,61,336.5845583981435,Email
dc13213b-05c9-4bdb-8044-eb9e63153d2e,63,2024-03-31,229,195,694.931879334553,Email
96d4a87a-d047-42f9-a6ed-9c6a19f089e8,78,2024-04-04,341,76,770.2759179191495,Email
998a3cff-b0c5-48ba-b234-1928efd9d757,43,2024-02-13,222,77,1615.50647504952,Email
859f495d-2504-45af-9d7b-b3a16ea430e5,86,2024-04-10,492,190,1484.852185129523,Email
c5a122d9-4384-4899-96c9-0dd37e4be466,29,2024-04-22,253,199,829.1693976118291,Email
56c0fdb9-4762-4353-9ace-3ffecd815bb7,91,2024-01-09,450,54,650.876778751309,Email
c0ada812-bcea-4ea4-8145-52e010a0487f,88,2024-01-30,163,115,1100.9068849875944,Email
3a29e723-a5b4-4a96-9623-148cd68f0ebf,49,2024-04-20,417,73,548.6045040635936,Email
a7cc63a6-65de-414f-8b64-5ef26b9e1fc9,19,2024-03-27,134,102,678.407818888283,Email
de2474a6-8035-4ceb-82c1-34620759805d,44,2024-03-28,490,179,1522.427900401624,Email
e46bc717-8980-454a-ae33-01bdde88c69a,41,2024-02-23,361,170,1971.5108704930708,Email
91e6d7f1-54a9-4181-b81d-d34feab317b4,17,2024-04-13,457,66,1625.000038372806,Email
7c74c76f-2085-453d-a73a-4eca3fcbb3df,41,2024-02-09,140,143,1523.1273231303203,Email
59f818fc-c256-4678-bbb5-edf787be4c03,39,2024-02-03,309,67,467.66583840578033,Email
7502a5f1-6cd3-437f-9e41-73a138bc5f6d,13,2024-01-01,142,108,1691.8361811100951,Email
12caf7d3-547f-4b79-a34e-472887fc0df2,86,2024-04-22,257,124,412.3229920428796,Email
f2ff2a32-cd8d-469e-a615-d10c66cd9ee1,85,2024-02-09,126,144,898.0064425442612,Email
2bcee3cd-c05b-4e88-a8c3-7f7c9fefc456,5,2024-04-26,401,163,522.5166977842059,Email
3b8bc4e4-2549-4298-8ec1-2ae3b954cba6,88,2024-02-05,179,146,893.397227046372,Email
65d5a255-83cc-4449-951e-561ccc16ae49,5,2024-04-03,212,195,1229.0074680719654,Email
8c5b6800-c243-44ef-950b-220188b80418,43,2024-04-03,245,159,951.3815710763048,Email
86467ad8-7358-4f8a-87dd-4e55cde41dfe,68,2024-02-28,435,170,670.8457995167906,Email
98747a27-5a2f-48a6-ae67-ba86bed689a3,50,2024-01-04,276,146,371.1240445800638,Email
4477a4ab-500f-4367-a895-a185c0dde9f8,49,2024-04-12,335,118,1568.9083535844272,Email
ddfaab66-81d5-4b1d-badd-c9d846e4c096,44,2024-03-21,483,199,830.9705138284527,Email
4466a585-a5c9-4370-8741-ed2ef34bf839,74,2024-03-05,237,122,589.9429193554613,Email
1098c9b4-e548-48ab-85ee-5cd9174f6a19,23,2024-04-29,128,52,167.26010670575096,Email
fa95f50f-1f35-498a-b527-cff5381e2d71,99,2024-04-18,394,81,1606.3973846083898,Email
e99b2e9a-3da5-4903-9fbb-3a24693b50d0,24,2024-04-20,280,189,928.5317831937508,Email
3e7d1e64-6d8d-424f-989a-33b62bc8acab,21,2024-02-11,144,100,381.3707621217422,Email
b2d1eceb-da3f-48e9-9e40-448273be4e9e,13,2024-02-26,128,114,1354.344365964687,Email
786f1634-a203-4705-b7d5-5697bb7bcfd7,87,2024-01-29,335,165,1384.226469026006,Email
9aa03e31-5693-4403-8cfd-6b57c8b893e0,92,2024-02-06,233,71,569.5226082687718,Email
dd20737c-071e-4722-a03a-c9b2c453f4c2,63,2024-02-25,483,195,1058.0941420070726,Email
4f4941a9-9185-4285-8de4-848f2eda2720,17,2024-02-12,192,178,1338.471449231621,Email
d87eafed-5fd9-4bde-b190-8aeb208cf97e,28,2024-04-12,191,59,1485.6545104597533,Email
1a7299eb-8d0d-487c-acaf-4bff386dbc7c,3,2024-02-07,178,173,1190.415608376535,Email
03c46056-4318-469c-9abe-092c399236de,44,2024-01-04,172,65,1371.8091835068308,Email
124036b0-fcf6-4354-b4be-e3e1b7a47c3c,67,2024-03-18,196,197,290.06762052334886,Email
79fd0332-8bfe-4fc7-b9c5-0ff64a87713f,31,2024-03-19,340,111,1446.6984016742722,Email
91a089e8-e963-4bd5-aa99-2a965bec8f21,52,2024-03-03,128,114,604.6471420826281,Email
7024183e-dae6-4fcd-a586-2366bbaf705a,11,2024-03-26,266,182,699.7020018244276,Email
0c027627-9853-4a5b-abed-0c9498efc020,46,2024-01-26,430,129,1170.030220086924,Email
2b9b9af2-8fda-4b17-a051-81fc6eb9733d,3,2024-04-23,128,134,1910.62545933278,Email
51b65f90-e20e-469b-bc5c-269d71671f00,91,2024-03-10,467,131,1886.343500870934,Email
e953a09a-feea-4d6c-88b9-cdb0b01ae036,75,2024-04-05,143,151,267.73951806886436,Email
ade10575-d5a7-4807-93e8-3e360f17e71f,3,2024-04-06,349,138,611.5000168354629,Email
655c8d72-b232-47d0-869c-4a240be8943d,70,2024-04-28,113,70,175.72507064774547,Email
5aa660d8-1d93-4266-b152-ce3b1ca95ac3,66,2024-03-08,373,188,975.6025124020564,Email
c910a42e-f919-4830-908f-86fb4088e784,26,2024-04-25,449,71,1570.815447445373,Email
072f0d12-b647-4f64-9552-ae7fc9fe1183,18,2024-01-07,173,135,1197.1175872121432,Email
8a47b5ca-177a-4554-8c86-f6fa171a6e47,76,2024-02-20,408,62,1145.5793522554786,Email
ea39af7f-d252-4f2a-96f0-9b893950bae8,32,2024-04-12,433,184,833.3303129921812,Email
76922690-c76e-4692-ac0e-7f69e3039a64,52,2024-02-04,237,147,399.7205839323392,Email
84f50edd-86da-448e-9b67-1ed54956ca14,65,2024-03-11,447,76,407.271040260901,Email
3479702f-fefb-437a-87a4-f0986e4fd2c0,56,2024-04-27,425,151,1481.446570377721,Email
00d9afe3-d88e-4d46-8d51-d6852eb6d382,6,2024-01-23,412,69,405.97702654201646,Email
70a24207-5524-4bb0-93c0-c0d9c736dec2,81,2024-04-03,109,86,1770.6395080088887,Email
091d8b4c-3240-4c85-aef9-1ba4ae39c62f,19,2024-02-12,433,109,1290.3737562862048,Email
072533d4-6f40-4e01-bc9d-68113b52d348,77,2024-02-29,209,101,133.686169567449,Email
c943c952-1e9a-4c27-841b-78316112e349,75,2024-02-21,220,99,337.22560044676203,Email
40f8fbe1-7327-4ade-add6-f5b300a2a5eb,66,2024-01-19,294,142,114.37948871727188,Email
cb699b87-3a4d-4180-99fb-35c36311c2a2,41,2024-01-20,319,150,1250.339445535324,Email
33dba49b-9aae-4cd7-9130-18e69938bc7d,19,2024-03-24,299,149,952.7087956329776,Email
48e41aee-fb99-4bff-ad48-f535508ac2bc,79,2024-04-08,184,189,1567.6260985105555,Email
f262b927-609d-47f7-9159-104900962933,63,2024-01-04,406,168,901.3029997760276,Email
0764ddbe-b361-436a-a6c1-06c4d9753eaa,15,2024-04-11,373,88,1651.9610039648464,Email
952e320b-2bbe-43bf-be9e-b1d2b8523e74,94,2024-02-18,281,118,662.4586390211708,Email
b921a1cc-0cb7-4a4a-89b7-97654b3d7e01,95,2024-04-28,475,70,1078.3644836024655,Email
fa69bea2-a97a-44d6-b2bc-fbcfc28e9796,75,2024-01-01,466,54,270.4257157875253,Email
9f9d7092-90b3-414b-b98e-82ec5f17ea51,48,2024-01-21,459,88,130.06377094718636,Email
b8730ace-56a5-447b-9936-8ddac511a7fb,75,2024-02-05,465,79,1955.413635695135,Email
59cb41a5-a407-46a4-a71c-acc48db3af8e,74,2024-04-05,443,71,186.96178736393497,Email
356d068d-8225-48df-aa47-b3a62373addb,34,2024-01-15,104,67,1534.838829367591,Email
69f3a8b8-9554-4a18-ab5f-3bcf5d52547a,49,2024-03-17,278,61,1211.6259350101454,Email
13720486-490d-4fa4-a86f-d8475ef5e86d,27,2024-01-24,237,188,536.966594191503,Email
09f0be2b-5b13-4517-8cbd-f8be99647a99,6,2024-01-19,151,144,603.8749504351416,Email
98679eb9-aefd-4c9e-9b98-6f64c7e87f16,34,2024-01-02,423,169,1366.4658769076025,Email
87240827-d22b-4645-b101-1f35d391e603,62,2024-02-17,340,187,1258.3802256457825,Email
ef96ab9e-8c4a-41ad-8c8d-f691842668cd,80,2024-03-26,361,61,1456.0418027578594,Email
be0f7d38-c8cf-43c2-ab10-2f81a9416a71,67,2024-04-08,449,144,1989.4264533416576,Email
33826d9a-24a1-47a4-b2bf-74578d0e3dc5,45,2024-03-21,247,54,1119.562744283191,Email
b6ff0ff8-bd7f-4907-a84d-d7f025554fa3,37,2024-04-29,366,193,1930.8488637296311,Email
1e678f12-2e9f-4567-9bc1-1120b5db2060,55,2024-03-17,288,89,1451.2506042281077,Email
76306081-abe2-459c-9997-5eb3a37bd644,83,2024-04-22,296,57,1122.503710062039,Email
c8eaeade-2cd2-4b3f-abeb-56cc944a39cb,26,2024-03-29,182,65,1403.875522552052,Email
79323394-e3df-48c0-8d3d-40a25daa4cb6,47,2024-02-13,387,89,1807.7524609254297,Email
9323c746-5a98-4102-97b8-427c0e3d0538,71,2024-03-19,460,177,676.9555742664528,Email
2554a8d0-be4a-4f42-86cb-9686c08e5092,65,2024-01-02,477,94,659.6176655087323,Email
8d8ac4f8-7379-4a85-bdd7-a167c78266fc,71,2024-01-19,382,169,1356.20473859458,Email
598edfe0-abaa-43b5-95bc-1f649c941c9f,3,2024-03-29,496,193,1400.8896006018108,Email
03fb3ede-40e6-4dd3-97c1-fea421500c59,93,2024-03-21,350,80,561.2012072748726,Email
8bea8f95-5d06-49c8-b081-9fae965db7e6,53,2024-01-08,185,112,853.0139428572179,Email
0ea303aa-f0a0-4c38-93fc-d4c48f22b9e6,99,2024-03-12,414,66,124.62510605439998,Email
714de047-9e4f-4dcc-829f-7a557c06a98b,9,2024-03-10,484,175,1109.364531493895,Email
1cd9fb7e-25e8-4f33-ab38-61420b0c0bc9,47,2024-01-18,222,94,475.8342051980805,Email
10a45985-0063-4f8e-b1b3-6532eb93e993,96,2024-02-05,221,186,1899.1890021033464,Email
19acd1b5-32d5-45c4-b6cc-2018fab8268e,18,2024-02-16,307,147,166.45139745565405,Email
db615ae5-64f0-4fda-98a6-03e7d19727db,69,2024-02-18,114,111,1511.1920414546328,Email
ff92f72e-364d-42ed-8964-62a1a7a3bd01,30,2024-02-26,282,146,1217.02885172827,Email
69d83ea6-2cd1-4100-8a74-f8a047da7eeb,92,2024-01-22,236,169,1328.3692869388983,Email
60787bbf-2b1a-46a3-b0a5-cc83cda98fef,90,2024-02-04,467,196,147.6217452219803,Email
b6ea5dbc-1594-4414-960a-bacaaaa4ad72,1,2024-04-12,381,110,255.3980014017263,Email
cee1e0ed-bfb1-474b-ae23-3ebdf5a9c95e,97,2024-01-15,487,52,1779.1491635664618,Email
b423a0ad-3e04-42ca-ae2a-821c4737d50d,20,2024-04-06,377,76,296.27652607182586,Email
a744a529-5b3c-4df1-8e3b-ea8a871815f9,53,2024-03-19,473,63,863.9632222863812,Email
82cbfb97-f8aa-4e63-886d-c001b31fd3a0,21,2024-04-08,190,186,236.1638655800155,Email
f7d89386-8d84-44ea-8e08-2291a9ee90d8,93,2024-04-27,174,135,1404.1177512443346,Email
e8e30b26-d474-4a19-a6ca-59f86731a650,31,2024-03-01,264,168,525.5312998887102,Email
9605e7c2-9c78-4901-88e2-ce6d5d00a4be,11,2024-03-02,319,71,1738.6057418077032,Email
7d393d42-3a61-4a96-9774-c610c84c00c3,7,2024-02-23,225,50,1141.369201146888,Email
db199a41-4878-48b7-b496-9874dde8fa20,90,2024-04-03,443,143,1159.2395492602068,Email
1e199639-5f8f-4b70-bde4-c6e9c0530680,38,2024-02-08,385,106,1612.548752942172,Email
741f8a83-908c-459f-a574-05ce698c974e,1,2024-04-04,373,75,1498.7671726088097,Email
192be580-4e43-4ad7-8d4f-9a8f02e4c42b,53,2024-03-29,429,172,1210.5581999787507,Email
74ea1237-0206-4915-867a-1b6259aac5d0,80,2024-03-30,151,56,1020.5704157215964,Email
20193633-4557-4d07-bbc1-9e423f48c6dc,43,2024-03-29,320,178,791.9197389309343,Email
ec99e329-7836-4481-ae2d-e56eb7bfcfba,33,2024-03-25,236,117,871.3909151232974,Email
9c84d8c5-214d-4acc-8b1a-2a65f19ff3df,99,2024-04-18,452,178,1759.944347575116,Email
3c444c4b-c1e4-442d-bcc6-989238dc3753,70,2024-02-11,275,194,127.50778821997744,Email
1f490194-f214-47bf-86bc-651c63b0202b,40,2024-04-08,207,51,1971.7059342032323,Email
70dcbb35-41a8-45a6-9cc0-02d14360527a,29,2024-01-21,121,103,815.075759335677,Email
ed8f707f-961e-48ef-9e94-948a5222be04,37,2024-04-12,414,190,199.21060967797663,Email
2ed04ba0-8a62-4c72-902e-7198ea7589bf,47,2024-03-01,489,140,1517.0805530377013,Email
22277c22-05c7-4a7f-85bc-ef7663139bad,1,2024-03-24,392,158,1729.4994940985764,Email
91b9c306-e755-4159-bd43-bf2d24a330b0,40,2024-04-27,169,193,1497.160549036278,Email
a04da697-1570-4492-8264-1328e8c57da6,26,2024-01-17,180,105,437.55939365696133,Email
b325a981-9e4e-4646-b7e9-416e91a975f1,34,2024-04-23,277,93,1808.8388860402015,Email
276ed2c0-6243-4af3-ad00-c54acd8af185,78,2024-03-27,287,150,228.9965770550211,Email
2a847d23-e3cf-40ec-b64d-455f41b72222,99,2024-03-18,263,130,1999.0894515077,Email
d07d798e-3381-49b3-98c9-601db8773643,3,2024-01-09,414,139,816.2918179280638,Email
d2dcfe41-7c2b-456f-bbf5-fbfcde41eaf6,81,2024-02-12,425,58,1701.306295937323,Email
f5217eda-5d93-403a-93cf-f3c86e409f47,65,2024-02-25,480,130,424.7567002824367,Email
f04135c6-8141-49e2-a609-00d4525dbd59,75,2024-04-24,468,67,635.097423098319,Email
67072b5a-6fde-4387-8d1c-677aab9cda05,22,2024-04-11,150,96,461.3142742171263,Email
f4f33d5f-266a-4ee0-8f1b-3c7abe4db4ef,54,2024-04-11,185,85,1751.6279076787162,Email
315d4594-8e37-4dc9-a801-37a49a15b6d3,78,2024-04-10,382,182,1072.777244085416,Email
a726dcda-bb56-45b9-8266-908b2b7529dd,89,2024-02-22,467,65,1585.6113133177475,Email
a247203a-9243-4f9e-9e0c-09b82353f4c8,65,2024-03-16,249,190,1025.379916250739,Email
b62b6a34-86b9-4bfc-9d4c-423eeb30fb53,70,2024-03-13,255,128,1617.3439620197933,Email
4de8dfc3-2cb9-4d62-929f-714361278ed8,42,2024-02-17,261,106,945.9731617629642,Email
9a11c94e-3ad1-46c3-9681-d9867c385fe4,42,2024-01-03,459,118,963.5934834374988,Email
74d5f6d3-ab33-4e99-872d-e2a61541754a,63,2024-01-06,289,53,1372.073199407319,Email
ad31b048-d5b0-41b3-bea8-b08c9cc098d7,95,2024-01-30,329,86,1354.2119280005336,Email
b62a3c24-b37b-4487-af5f-e74bb4d9c23e,45,2024-03-05,118,152,1390.0964510336507,Email
2d36f08f-f0e5-4ec1-b830-b4088cfb10bf,47,2024-03-10,178,53,371.7310197646353,Email
45acbee3-0067-4e26-abb3-796df0344607,5,2024-03-07,433,137,1306.822858657526,Email
05c48572-2576-4da1-a958-2a70cfe3e2ed,48,2024-01-13,389,79,807.0938070860994,Email
21cc32eb-8694-4e89-a2b2-db0f1c8fad18,19,2024-03-28,279,88,222.55652606158057,Email
fe5b081f-e0c0-4558-aa0a-6e6771e672df,37,2024-02-10,460,124,1661.724773247032,Email
5e27ce35-b8e7-4eb8-b2ff-db2d6a5d8363,74,2024-01-11,399,148,254.880899369959,Email
8ca93147-1e9c-43c2-96bc-f9a97ab6c2be,12,2024-01-05,277,58,1149.365682350881,Email
544ed2cb-630f-4815-a73c-19e79546dc14,20,2024-02-03,117,195,1947.340027668478,Email
8e44dabb-379d-49fc-9d59-660ac75eb864,73,2024-04-11,263,119,1191.5158069403078,Email
9d8efec5-4ba6-4b57-9b62-5180b9585440,74,2024-01-13,284,83,1985.032934499175,Email
a44977ce-bbc6-4aa5-b306-df494e728752,83,2024-01-07,284,188,788.8440538400985,Email
d6a2ad36-a8d9-416a-a0bb-5a44bc1d6bf8,27,2024-04-10,362,93,397.266723601799,Email
a3576a40-cbf1-410b-826a-11da62919178,18,2024-04-03,189,75,822.1301106412209,Email
066217ac-8485-4fc7-838f-e34a3e9eb49f,78,2024-01-03,337,152,1637.2085713255042,Email
c19491e2-956c-4889-807d-be99c1eda5c5,38,2024-02-07,308,167,797.8327045601022,Email
5c1fa725-de1d-414a-a5ea-cca802ca5cbe,84,2024-03-20,475,101,387.54298793881503,Email
900703d5-adf6-47d5-b6fa-74398e412aa9,85,2024-01-09,142,160,210.74467144939717,Email
8948d0f2-862c-4d2f-b6ac-1bdae73aa09b,12,2024-03-10,438,148,619.2569039722312,Email
f8e0cf8c-cd52-41ac-8604-7cf5a1fd23e7,54,2024-02-29,309,72,364.0979221308933,Email
794af482-12ae-4ff8-bed5-9822526fde14,48,2024-04-06,347,91,1086.0036328969004,Email
8f78a4bc-4f27-4fc9-9a2d-867c63dee654,100,2024-03-11,200,72,477.93970571552825,Email
a90c1f56-d20c-4dcf-b1f8-c174566d7096,41,2024-02-01,263,104,1943.051381927287,Email
6221f7cd-8b4a-491a-9f4d-b148aedfbb97,34,2024-03-04,479,55,896.1217028604095,Email
e62740eb-eb55-46eb-99ba-aa00fb9ae135,28,2024-02-08,291,106,556.8433200916886,Email
4c82e62c-4f00-40f7-9ca2-9cc4f04a588f,8,2024-02-04,177,149,430.43021729043875,Email
609e3eba-2f87-4934-8e80-6bb0c250825f,10,2024-03-20,376,56,178.12680163395953,Email
ed3faa95-36e6-4f83-b097-4bd12f1ec926,29,2024-04-09,423,194,1817.8615439646624,Email
76b9b97f-f7ab-4da8-94e5-db132cfd288e,78,2024-03-12,166,95,1676.8034897586026,Email
a4d63010-da01-41aa-8302-3b1454a6a374,31,2024-02-24,431,172,1361.6324915682924,Email
c2a035ff-9c38-4ecb-b85f-ccb7ac8cc0e6,24,2024-04-10,489,174,1206.2136355382238,Email
72cd3b4c-d64c-4fe7-b8ef-1a7967c6a176,47,2024-01-21,108,81,972.68508396864,Email
09212c0c-5fb6-44bc-a100-73ebe204890a,4,2024-04-19,290,120,1933.833458094986,Email
fd79fe3e-897f-4cb4-8c2a-f9d729af5cc0,42,2024-04-13,364,171,1470.971525042478,Email
cb1f256c-ffb8-4a71-b114-f7df7b06966f,86,2024-02-10,115,65,269.0962709980498,Email
ad66992c-2461-455f-99b0-d9b612cc224c,82,2024-02-03,413,159,1879.9105515104736,Email
3df9a3eb-1683-4fb8-bb8a-d5bc4321c72c,74,2024-01-27,144,132,1888.0396920706423,Email
2279232a-8889-49c7-8c49-ad9da4cce99c,7,2024-03-10,239,95,383.115627621264,Email
d70f3e6f-38b3-4b0d-8c4a-926b15c11e15,84,2024-01-14,487,97,791.5996983703412,Email
a5d3f820-7e4d-4c42-9299-f38b4ce5219f,73,2024-03-17,441,198,1107.4903321624083,Email
8d5a86dd-e4ca-4e4d-8efc-19df6ace8042,21,2024-04-28,430,128,480.07557994741785,Email
db7bc4a0-6aa3-40c7-8539-b3f2436e5d50,48,2024-01-29,323,102,481.2763353019407,Email
8a6aaa00-3889-4c4f-a2b4-034869aee2e7,54,2024-02-20,235,167,1670.6434175235306,Email
f3db15be-070e-44cc-b9ac-28f38579ba40,73,2024-03-16,367,191,1668.5542946914502,Email
f2a42f15-f13d-4bfc-b393-67927c994613,19,2024-02-06,411,175,1208.4668392146611,Email
f65072d8-cbac-4e63-85b5-5401f4c00a9c,56,2024-02-12,313,85,1873.4215564397373,Email
b760059d-5aa1-4a83-a625-470027a626c4,45,2024-04-21,343,101,765.6340431051989,Email
710a67cd-1979-41f5-8228-4eee0495379f,81,2024-02-25,213,188,551.6492016967402,Email
5c2ab781-78aa-497b-9da3-904dcc7e4480,64,2024-02-19,200,110,1009.6202409413212,Email
1d9a59cc-d151-414d-acd7-badc0b2bb526,14,2024-03-04,386,119,1517.8709171900475,Email
5662e882-c891-436e-a628-41dbf5f2f389,93,2024-02-22,425,67,1149.5542589980116,Email
d307187a-593d-444b-aa12-431699101c35,89,2024-04-04,119,137,1899.348033552082,Email
42d9f076-43e9-4184-b526-03d4c60cf8f6,99,2024-02-29,435,117,1368.7100302753083,Email
7cab880d-ce38-45a5-bf6d-982dc08f4104,52,2024-01-28,169,55,1175.622877965213,Email
11fc11a5-de4e-4e43-9894-bcfc7d265198,52,2024-03-12,106,114,1638.5912096310983,Email
5ee75db2-e7b5-4f01-bf4c-efb68b80a830,39,2024-04-22,340,163,1523.9847808128038,Email
45f54124-12c2-4243-8d9e-a9fdd76b23f0,35,2024-04-11,476,125,376.2338341964549,Email
b3230ced-36c7-45b1-80f3-9c8e6d4c7d80,81,2024-04-27,363,168,750.4239314609865,Email
c316c525-dd4a-4f9f-8f4a-ab54e1687371,28,2024-03-31,406,167,1041.7079475236728,Email
d51ac7ae-6033-44d6-9576-fe85f818ddcf,34,2024-02-06,195,112,516.2872981934711,Email
ec155624-0584-4753-9b4f-d02ef6187557,12,2024-04-06,298,82,1423.7742056826614,Email
33a40eb1-c824-4b24-aa6d-a30c04fee2b9,29,2024-04-25,215,144,1897.555088724072,Email
f4fd0402-9afd-4653-82d9-dcad82ce844a,20,2024-01-22,481,141,1045.9274874633652,Email
6903b10d-a3f0-4e2d-beaa-97eef660ec27,70,2024-01-27,250,131,601.3413230086005,Email
84c9f56c-c5b1-45b9-a5dd-70047464560c,27,2024-02-10,194,71,687.2428769054987,Email
d3c83468-3a17-4c8e-aa18-09b4cdeb29e7,94,2024-04-09,189,164,460.88815124739034,Email
5c062837-909b-47b5-abfb-9d30ed69cf00,61,2024-01-07,303,159,1001.0963286932092,Email
88c2f329-9023-4a3f-81df-9be23b038029,97,2024-03-02,399,106,1267.1953905914716,Email
e66d6b23-c122-4c3e-a702-4166ff2da7a2,4,2024-01-17,469,62,1208.626635669763,Email
a208ca87-7e38-41c7-abd2-17dd407b1020,22,2024-01-20,113,64,836.8538929818227,Email
e92f5ff4-80a3-46f8-90f4-52805ecd4737,36,2024-02-06,497,108,352.4359970076855,Email
cbcfbb8b-f772-42ef-bf8e-02e4409c1595,40,2024-04-10,116,53,1856.1794444052657,Email
725342b9-0ac7-4e37-8f0c-aed855b762b0,41,2024-01-27,346,78,186.7307362336197,Email
1c2d2fc8-8834-4200-94cc-687cb955582d,38,2024-01-25,158,119,277.21493144095354,Email
ead8c23a-3b1b-4db5-ba19-242e6d35531d,54,2024-04-04,342,175,463.97028677666367,Email
f0e2ac26-ba89-443d-ba6b-9f49e6461935,22,2024-03-25,315,170,1402.056251457254,Email
c2747e50-16f5-45a2-b905-b73c255cd799,14,2024-02-18,170,182,1523.3657424490625,Email
c70b56da-9f21-474e-88e6-c2822d243311,13,2024-04-09,153,98,625.6338173601032,Email
2853aa60-fe3e-4a57-9b4e-dcc3124266dd,46,2024-04-16,129,176,1971.8009859354895,Email
4c2204cf-8a1b-4c33-93e2-00550000b770,52,2024-03-14,353,144,553.8891438710586,Email
4fff27bf-4fa2-4a6f-afe2-ad43b5362152,81,2024-02-03,437,162,288.32450757186626,Email
b74ed284-f2a0-4c9f-9ffd-49cc91d483ab,55,2024-01-12,415,113,978.8162865517218,Email
f79d49b3-44d6-478a-8f07-6eccc73900ec,82,2024-04-23,476,53,881.6302514056216,Email
321d3097-7e5b-4fe2-853e-32ba68439f42,58,2024-03-05,248,195,1536.1621851943266,Email
01b5909f-85b8-4bd6-bee1-8e5972fe9c43,67,2024-03-17,470,99,1088.2326490764826,Email
a34923d1-3ee7-4e4a-8441-4db02ba6a8d1,13,2024-01-06,395,115,1803.514210076246,Email
4967a73d-d6be-44e8-8b1f-c642b4be173e,50,2024-04-11,200,141,858.5302306110688,Email
0fc1705e-6a42-4e23-b84a-f5ad544aded5,100,2024-03-29,218,117,140.96821796769663,Email
a3445265-99dd-4f2a-9b39-a193ea38520d,50,2024-01-19,194,103,1176.5977358605508,Email
0c36a515-771f-429a-ade8-33fb43ae0f01,97,2024-01-04,383,87,606.1184188072173,Email
11b6d921-8990-4e73-bf83-01ac2220cbe6,81,2024-03-07,294,158,427.97870808921783,Email
006caeb4-08bf-4430-82ef-54f26889b2a8,84,2024-02-17,443,176,787.3298535161399,Email
d15dcd70-b29d-4b4f-9115-a1f378be7f5e,30,2024-01-04,194,119,1368.2095412832064,Email
eb036494-55ec-45d3-8ad0-c6eaa37353fe,95,2024-02-12,279,117,467.7939020638927,Email
beebf7d4-aadf-41e0-aa1d-2b07803520b3,83,2024-04-13,466,94,754.0998092774554,Email
7d092360-ddf6-4854-b146-6e10259e77f6,12,2024-01-14,142,104,192.33752671288875,Email
2e458b4c-64c0-47a2-840f-3c60fcbd79e9,67,2024-01-11,326,79,342.69964292623945,Email
031415a0-083b-47be-a373-cf6670debdcc,25,2024-01-11,179,58,1369.5127101502248,Email
bddd5960-9154-44c7-9681-7a14e39662ef,21,2024-02-11,392,129,1045.028364136375,Email
2a82ada6-94a5-48bd-8173-25aaff93a601,93,2024-02-25,468,88,1982.898795050278,Email
6ac52d0a-b6ef-4038-92bf-4dc812fb59f5,55,2024-01-25,143,88,344.88440129691605,Email
c5f4778c-6732-4874-95fd-c521d19eb498,64,2024-03-06,163,184,1964.9359725286083,Email
261f05ec-86d2-4fb0-a69e-64402c397ba7,59,2024-02-17,450,148,658.4191535542195,Email
d687f663-2d1f-4412-b38f-7bf462fae69d,16,2024-01-30,219,135,1107.656199262964,Email
b593cb25-fa9b-4f17-94ef-60dd1bae3581,39,2024-02-12,403,134,1275.4824173805482,Email
d1672d39-5fb3-47e6-84d6-ba6c5c39f4f6,46,2024-01-20,131,114,162.0604595463695,Email
eda164d1-2f03-4e60-a506-89fee17e384f,31,2024-01-13,451,135,1681.8953797910776,Email
e8a3416b-9c3c-4431-996d-2475159f19f0,97,2024-01-09,176,128,745.7747537019533,Email
c2c5289d-fa7e-45f2-866c-0c9ddc8352d4,70,2024-03-24,247,138,210.39626047805757,Email
242e493a-dadd-4d51-9622-1147252241c0,59,2024-03-22,183,190,1293.7968178058466,Email
b377b038-6383-41d0-ac01-5fd89b583f0e,72,2024-02-23,204,140,1433.9543969279698,Email
3a7d03c8-66f7-4882-b007-f7ee0c02b5a5,95,2024-04-27,408,184,1605.0471700035796,Email
122b18eb-aa37-46ee-bce2-c1ce47ce4481,7,2024-04-17,204,103,1012.7461608079636,Email
0652706a-f766-4159-84fc-50be07138ec2,57,2024-01-30,385,177,970.24310966187,Email
c3898cd3-9e18-4b69-a5a6-e0d83bcb40ad,78,2024-04-12,198,179,566.8490250244975,Email
e89cdec7-8c43-4a1a-a566-d14e4c59a903,86,2024-02-22,378,105,1593.2467500554778,Email
82568ad2-c61f-49b4-8853-c0ab99bcf4fc,77,2024-01-09,238,186,714.1093702865546,Email
6b9a7f13-483e-401b-a3da-cb92597ea069,23,2024-04-14,287,67,115.89208225813574,Email
5cfbe656-2ffd-483c-897e-be5f50b8bd7d,72,2024-01-14,455,193,1305.5122473625413,Email
79ef750a-983f-440a-b467-5ef0fd167a5e,28,2024-01-24,389,111,464.63640870333273,Email
1726bfea-9e20-4483-a1d1-28271e804208,46,2024-04-09,249,81,1724.1136161005616,Email
aef91c4b-e83c-4af9-a365-338a7294fbf5,78,2024-01-13,262,155,942.9975548141716,Email
6bebdc8d-265d-490b-80f9-04fb0d2ccd96,95,2024-04-29,237,106,1234.8222887601078,Email
d79f0544-105e-49eb-bca5-b1aecc9b5749,76,2024-02-26,113,67,1865.0690005992192,Email
eed88c09-b683-49a6-9395-b51253bc6afb,10,2024-02-04,297,79,1279.7042893399032,Email
524d5264-d364-49ea-99de-72967fd675da,11,2024-04-06,302,158,660.9505157174651,Email
2d438bc0-f7ca-4bdb-9675-ebfe56754c13,73,2024-04-28,372,138,1997.8422288967429,Email
39432ee5-9b56-40e5-b51f-925da1e9bbf0,86,2024-02-19,491,120,1225.4194185381248,Email
255a6fa8-d6dc-4e95-910f-f1d9c63ad050,81,2024-02-27,491,79,1283.0685975228823,Email
a61cd423-d47c-46f5-a147-78916a9e8cc7,19,2024-01-27,227,56,252.83966546951456,Email
87502c36-326c-42aa-b470-c4d7d434899a,14,2024-01-24,466,156,389.69067165891937,Email
7e6ae7d4-6039-40e6-aa43-cb80fb25d239,55,2024-01-01,219,184,1178.6128959247962,Email
928cf3bc-db90-4110-8442-47dbfa49b1d8,54,2024-02-04,434,179,987.0095469157436,Email
dcae7b35-bbed-467e-bf87-79512bd23c70,39,2024-04-01,493,94,1516.228907664204,Email
208f2e36-7ecc-4d6c-972b-aeb1594213f5,94,2024-04-22,433,128,882.4497193575376,Email
e4a6e2e4-83b9-40d9-856a-d63ed6a5a9b0,60,2024-02-13,185,130,195.31782707582096,Email
5fd9e325-d5c1-4022-a123-b2fa841266e5,83,2024-02-28,252,155,102.74777665143652,Email
28549e89-b21b-4372-87a4-186188fe49fa,91,2024-03-18,142,120,771.3323496084909,Email
a891f70b-1bec-4aa7-9b61-1f880f74dd3f,46,2024-02-12,109,71,815.1558734176465,Email
0257fd74-c62f-477b-88fb-14621543365e,19,2024-04-25,186,148,1461.8019523505834,Email
ae6bd6c8-bcdb-4f22-8b92-536135539c6d,61,2024-01-08,215,170,434.2939156923045,Email
2a523103-8108-4eb8-971f-fbf9a67bf050,68,2024-04-23,181,114,1314.9967169373615,Email
72e5919b-7b41-475b-bde4-85aa2364c6ae,59,2024-01-30,111,148,1213.3982562380415,Email
57b85ccb-84d1-49e2-af10-3ef179c55034,70,2024-01-22,194,131,1904.7278587406329,Email
5eda0f1b-edaa-48c4-bb56-1c49d9494ab0,23,2024-03-06,400,163,1320.9670496510585,Email
6bb790bf-ce84-4d37-8c9c-bf6a1fed84c4,6,2024-04-07,500,145,1355.0227884083672,Email
402143d8-6759-4243-844e-7e76a9fcc0e9,81,2024-02-25,499,75,1473.4678739981498,Email
6ce66e18-f117-49f8-87e6-379a00b9ecbc,12,2024-04-06,357,97,528.9768398497806,Email
6e937e1c-26b8-4320-af88-b6960ddca8ec,63,2024-04-13,128,133,753.1028312434246,Email
be6dafb7-c5b5-434a-9a9d-05f9ff5513a3,37,2024-03-10,212,149,360.80099178711635,Email
d6f8100f-fdc2-4db1-b816-0aaa4a88fd21,55,2024-04-25,126,123,1849.8976339312096,Email
0081b1b9-7c8c-4c5b-9052-f3a32eb269da,51,2024-02-15,239,101,1696.0784488634204,Email
755e962d-8deb-4544-8e8b-26ad693f4eb5,34,2024-01-07,198,123,1817.8748837036776,Email
89bdea50-470f-467b-9e40-85b028ab1593,65,2024-04-01,411,148,1407.195288768318,Email
88bd7e16-71a2-4037-a580-3ef3885bb013,72,2024-01-26,279,159,1254.8159775612555,Email
4fc53d90-f6f1-4260-aee9-b487dc21bbe6,49,2024-03-15,440,55,685.1625238845977,Email
46b1402e-7cf9-4c26-a131-f8fdf5cc1e82,9,2024-02-06,401,98,274.5886765472934,Email
48417a23-9e94-4d7f-9491-0ddb591bde6a,10,2024-04-16,422,199,1673.6443433537086,Email
ef65c6ba-5c38-463b-9a59-80b8c49c30f9,58,2024-03-03,158,93,374.67292707882694,Email
e3433f2e-f58d-43c9-82c4-a9cb58e4b704,25,2024-04-29,490,162,808.0691275114892,Email
4321e838-77c0-4237-a9d1-06fe820e4685,86,2024-04-28,406,162,906.1125981040432,Email
fb97b9ae-d989-4eee-bcd1-8031c9535c80,90,2024-01-28,164,66,422.5435114099531,Email
0cc349e9-59f3-4ec2-badf-23f4a6651d89,4,2024-03-25,397,194,1869.0003544286187,Email
c300f4fc-9e7b-4d18-83fb-2b65c8b42858,35,2024-01-11,319,76,285.1436913324485,Email
dde25a95-fa00-422f-82d1-4328e6fb1384,9,2024-04-18,186,111,1862.9368703575371,Email
f6d94db5-6c95-471c-9373-0c35174a2833,10,2024-01-03,438,128,1468.9875387747009,Email
b7b04fd3-4822-476a-8ad9-000f2a98ac8c,28,2024-03-28,262,107,855.5275040938285,Email
58711f06-05e3-42ba-917a-270d439da0b2,25,2024-03-10,250,63,1799.1656277066932,Email
4899f6ba-85f3-45e4-84bc-f8beff8a65b8,62,2024-02-04,431,103,1774.7440132075478,Email
cb65790a-6aaa-4788-9735-68dc9dc87c6d,33,2024-04-25,445,146,1011.2492327215276,Email
3b60e7d8-e979-48f3-a17f-322c4ba3f2fd,29,2024-01-16,246,71,1882.173518060504,Email
09a7977a-5e02-4ab2-8447-42de175ce7ec,1,2024-01-30,372,91,1968.386443116961,Email
941dca01-097b-462f-bf64-fcf50357deab,41,2024-02-01,479,59,1789.6020848145158,Email
855cae8b-c77f-483b-a9c1-495e84d58689,47,2024-04-25,262,87,845.3385454713574,Email
9befbb2d-753e-49ea-830b-fd844f071294,29,2024-03-26,148,110,1400.1404274910385,Email
07f2a060-de86-4313-8ec8-150dcafc084c,10,2024-01-11,431,55,1450.8243009825842,Email
f1b50e54-2e5b-44c6-a5ae-0a0752d7041e,98,2024-03-10,152,107,1793.087113147052,Email
f7a3097e-926d-40c0-8f8e-93a1d98ae38a,59,2024-01-27,320,160,1783.6188670189188,Email
f374e759-6bfd-4789-8096-203c9de33a2e,27,2024-03-26,392,56,323.4885864537529,Email
e01fb208-afd8-4b63-bdd5-1744f78423e0,4,2024-04-12,173,139,1396.8993811779992,Email
4cb38f7f-6ac9-4b69-a283-e6c3c20c24fa,32,2024-02-27,298,148,1463.5006746633303,Email
2321fe0b-3728-41f3-97d1-c8e0ad578e54,26,2024-02-18,500,198,1718.0833489858123,Email
0c6a23a4-baaf-4e52-9d02-a659d5179ce5,45,2024-02-25,395,168,147.72774433695346,Email
262c92d0-1f9f-4e53-9ada-084b5504e091,36,2024-02-05,185,105,1562.8204276975546,Email
d2436e69-561b-431b-b853-5085ba1f4608,35,2024-03-08,188,130,1861.993483128024,Email
60547f9e-bd35-4928-9894-d6126539a43e,79,2024-03-09,278,191,855.1887289346009,Email
6914fb51-d38e-4b65-87ec-42fa86e8802a,25,2024-01-24,161,54,1504.8334168646086,Email
306ff8ee-e6cc-4f27-9b5d-00dc6958b475,10,2024-01-06,130,152,1675.0269263563332,Email
a86e06c4-816e-4b7e-92c9-9cfb422659c5,63,2024-04-17,415,119,1791.1615958643968,Email
c1826b33-7e97-4543-92ed-3cfa5857c5b9,8,2024-01-16,499,116,650.9949607743009,Email
6cd6c566-4fc1-4cfb-b17c-83d5ca4b7d6f,99,2024-01-20,373,151,965.2927728260958,Email
a1abf3c8-2589-4b0d-9100-7c3551b59c7b,56,2024-01-10,194,169,1589.5356198165557,Email
b8bad511-f355-4412-b4e9-1948d0cf3e31,41,2024-03-01,219,117,939.5122896580408,Email
c5927b1a-db45-4f91-9639-8927cb4476e4,86,2024-03-26,252,139,518.3460546513897,Email
e077562c-f660-45d2-aa75-caf0383d037b,22,2024-03-07,442,156,574.6016312123793,Email
68aa781c-2852-4fd8-b379-c0633d9359ab,44,2024-03-15,390,90,1233.7623946729911,Email
e31ecffb-d5ad-4fc6-97af-ed64958f260f,39,2024-03-22,363,104,1140.1803805536592,Email
9f2fa343-b8bc-428b-9569-21b96a847a33,30,2024-03-11,293,190,608.9974499141645,Email
d7b77395-952e-4b58-a2ea-0b7f20f957fb,9,2024-01-08,292,177,1020.05408802285,Email
b28ea33c-7d8a-46e4-ae88-7c27cf917b32,2,2024-04-20,382,70,517.2711698084152,Email
8e102db0-a240-4022-892b-ed85979915a1,50,2024-02-03,236,68,1843.8671745438523,Email
67ade402-c9e9-4c71-875e-543d859de04d,30,2024-01-16,462,67,367.0059527843888,Email
cf55bbd7-df8b-4d9b-a3ae-90a8a02be60a,44,2024-01-06,344,136,247.855019313408,Email
62ec5f6f-eac0-402e-a62a-544304de8d29,22,2024-04-26,173,153,1539.493315617007,Email
c147ec75-dd33-42e8-8379-b7c29b19573e,35,2024-03-24,180,194,891.1480565062446,Email
183b5042-26bc-4bc2-b52c-c109ebf4e274,81,2024-01-19,238,57,186.0648264423757,Email
011ecebc-39aa-444b-82b5-daafb6872697,56,2024-04-14,238,177,1285.3917588647057,Email
33937768-dc02-4d65-9e5d-5554ecf957d8,58,2024-04-29,469,188,1497.4359013953665,Email
8c2e73eb-b3e5-4d00-82ba-c3a0c5f1398c,42,2024-04-11,134,82,1956.91921638197,Email
e611c05c-536d-48bb-9f30-b76e5268bfee,79,2024-03-08,374,117,1100.1898251840817,Email
568df6ce-2f3f-4d9d-a219-aa9f3d933121,69,2024-04-25,343,192,1124.7221947158123,Email
9ec3fd82-589b-4a93-aad6-39d5f7077320,1,2024-03-04,220,66,518.1087588807193,Email
ac81fa31-253b-4b43-87eb-dcd67df8e18e,58,2024-01-26,155,185,645.8691761836751,Email
f37a6cee-6b26-4750-bd10-805cba09e1a3,52,2024-04-03,376,91,1323.1042594733772,Email
9f80079a-36dd-423d-b8b2-49d0c878b26b,36,2024-02-26,125,189,1037.4643008916191,Email
1041404c-bcf7-4663-a2ef-bb6379f34cf7,61,2024-04-01,160,181,1079.2197657676911,Email
bfb059a9-2b43-43fe-a413-4037ad61b155,76,2024-03-22,204,98,1671.9609793947016,Email
b02fd9aa-d0f7-49e1-a8d1-58257ea08a29,35,2024-04-04,333,53,180.0527679232246,Email
109fc061-8261-4344-86d6-484f8944a2d0,24,2024-02-07,368,119,1300.622209470494,Email
ea1eb571-18f9-4801-a4a0-53f73cbea207,82,2024-03-31,124,106,1339.41353420508,Email
c6a1939c-708e-42f9-a6a6-d405a9cc1cd8,36,2024-03-01,196,94,1107.4833516303413,Email
181d1002-317a-457e-8d54-2b761b913061,59,2024-01-20,107,83,1447.6823971857884,Email
5304b896-8c8a-4473-8004-b9312f5fb959,71,2024-03-26,146,128,1827.8209901855816,Email
b73169ed-567d-4b6c-93dc-a34e42b9829d,63,2024-02-21,236,148,1838.0322444285553,Email
36e50f35-bb6b-429c-8412-64346b180c46,11,2024-02-11,409,121,1261.2235412596317,Email
a787fbbc-fd23-4edf-b2dd-274bf1585e5a,3,2024-01-31,228,156,709.3859254599259,Email
66064284-1507-418d-92e8-5bb9bbedb0bd,8,2024-01-09,114,106,859.0464014072649,Email
d9323ad9-6121-49f4-8791-155998635b28,52,2024-01-03,409,190,1311.522227463439,Email
2776a5d6-ce92-45a8-a705-fe79c8bf6bad,37,2024-01-25,134,72,1631.7255037327852,Email
52c6d66c-32fe-4251-b5cf-850dced65ab7,74,2024-02-15,471,59,1172.4603340648353,Email
f79505e2-56ac-4278-98a1-8ffc8af7c4c7,10,2024-01-16,300,91,1364.279571417878,Email
7f86aebc-48e4-4729-92b2-25cf6065943f,13,2024-01-04,153,118,1809.4222811525156,Email
fbdcf339-bbf3-4946-9b99-079b17759a9c,14,2024-03-27,474,51,1449.9808870292627,Email
1122d1c6-2fa4-4e5c-8525-b293e59eabdf,85,2024-03-30,155,135,539.4028468215192,Email
7bcf041d-4db8-4f8b-ab51-ed2a8c9ffa6d,67,2024-01-19,183,56,1716.5565389388182,Email
2ac0377e-2f84-4a46-9fd8-d5d3f051d252,99,2024-03-21,273,181,1049.5941517298434,Email
acb3193a-a8ff-4f59-9365-c406b3779638,83,2024-01-31,258,76,654.7607346670402,Email
20837d30-8f64-40a8-b54b-f41b73a4941a,38,2024-03-03,408,133,411.2497767285551,Email
6545f391-8ffa-4a17-b101-33af4fd11126,61,2024-02-21,260,72,1021.4479369063235,Email
a6e6a117-e1fd-4780-a1b8-70e46a30ef2f,77,2024-02-17,126,89,1655.4740292354277,Email
a7681c49-c33d-4a24-815d-88bf733547c9,36,2024-04-23,136,113,975.178624106308,Email
f1f0b844-ce22-4979-9e33-8861b1c611f9,19,2024-01-07,103,65,1778.2413472143292,Email
9316b176-0bd1-4384-9d1c-3d08b8823515,61,2024-02-24,465,58,684.7172252667513,Email
2da14483-5795-44a6-8cec-d76dc5166a5b,80,2024-03-30,110,92,1447.5768291854183,Email
d80b083b-c175-41bb-ab8a-50d1416375f4,9,2024-04-15,475,111,1239.1659345047794,Email
7636f616-e0d1-43e7-9376-7d16af17978c,73,2024-03-25,256,108,1594.1891389442633,Email
e455822d-cc7d-42a3-b120-c5655d305462,45,2024-02-15,483,189,512.8909090646757,Email
20f91999-61ab-48ae-bff4-bb70bc833ace,39,2024-04-03,111,141,1694.2899963771492,Email
a8a4d53a-ddf1-4cc4-bc60-5bca38402477,77,2024-04-03,187,80,1625.7172783433282,Email
e5b405ce-6e33-4fd0-8da3-63fb6663b70c,98,2024-02-07,403,190,1431.3210481052276,Email
dad3d581-501c-4bce-884a-9e70e498b806,69,2024-02-09,187,200,120.934858918862,Email
b63b3ceb-ef2e-4622-81ae-a2bc9d5eee5a,34,2024-01-21,382,120,207.61278337743389,Email
f1b3e674-8f12-4195-a3fb-1bb257a43f25,61,2024-03-06,190,122,495.22865608445994,Email
b60ab5dc-b112-4dc3-919b-055ab7da4a24,34,2024-02-15,119,63,525.8643296767536,Email
5c240837-ce84-49e2-b142-8c3d9b0ed8fa,50,2024-04-19,454,133,696.4998696645446,Email
94b166d6-aa1f-4efc-b973-338502a6cc17,99,2024-02-11,299,85,1334.4944440223433,Email
a193459c-531f-490c-9c27-c88e1f1c9d31,44,2024-02-24,129,109,1652.053284303154,Email
9cb95610-cb41-4695-88ca-3b157d3fd066,64,2024-04-04,299,105,154.36434054788953,Email
e02b7492-b970-4d40-912b-04432875cd8d,62,2024-03-19,228,178,357.11577071518667,Email
2bc9c7d9-3749-41f8-afb3-db7f153bae0f,4,2024-04-19,130,118,537.6019678796795,Email
68963368-961a-447b-a501-5f46f7b4a357,53,2024-02-28,433,150,1538.3829024241024,Email
b05025dc-517e-4ccb-bf2a-9aeb6c3b58b7,56,2024-04-14,123,153,1247.2297611640206,Email
903871fa-7242-4c09-b53a-00badd6a8e87,59,2024-03-29,223,155,1026.8913725347063,Email
d8824075-828d-4339-97f9-dbc08edd9c6b,71,2024-01-28,211,56,667.2012673946693,Email
13ca0846-43fa-4e64-be29-cc50c9203f88,85,2024-02-29,335,111,1346.5720654848394,Email
4f6d150a-f322-4539-8467-49daf04adcbb,57,2024-02-08,143,114,1580.990648038118,Email
e71b5591-f329-4220-af85-b250368be625,70,2024-03-30,372,120,1975.773413611257,Email
87a3cc79-097b-4711-bc89-442f075eeab0,24,2024-04-21,499,167,1070.2650693748135,Email
e50d94f9-1c4c-4b51-9b4a-b49671ffa8ad,14,2024-04-20,237,131,1188.9860288775403,Email
15b48dea-5c4d-437d-be9d-26a30e3a436b,61,2024-03-10,193,119,1276.4130732188637,Email
8bfc8f89-9b88-448a-92e6-83de35c27fb9,98,2024-01-24,314,91,1989.8594653955952,Email
3679329c-9051-4b57-9826-6d861471fe62,73,2024-02-21,479,102,415.2654635469441,Email
e2a42176-3b0e-4b35-950e-a4c4898cb86d,23,2024-01-22,156,155,1475.8625069185214,Email
338ab90a-ecc0-42cf-9ee9-aa9e6bd8ae3e,87,2024-04-22,433,98,1407.3367342809186,Email
7f940c60-c375-4081-80ee-e18fb8c41220,19,2024-02-10,225,74,656.7725235811226,Email
ea490827-7079-44e9-a960-f48ffcc27a37,42,2024-01-20,300,114,765.1699129514647,Email
e3ba29ed-e97f-4078-840e-0b308814f433,5,2024-03-10,408,117,458.1838090311732,Email
ee8faa41-cb67-431e-b34a-72bab9ddfffb,61,2024-04-09,206,140,1384.7436143174646,Email
6644f5a1-6705-413f-a041-bc7ebd96512d,56,2024-03-06,137,197,1199.615127451722,Email
0be77f89-2723-450e-9f8d-760572828e5a,27,2024-03-07,391,164,1326.0352342626927,Email
61a7c777-d78f-4294-9fed-c28b835b3a54,44,2024-04-14,374,69,678.6865060035775,Email
139e7ee5-3a29-47f4-9418-2650add2b93d,10,2024-04-18,335,56,1099.4390764778698,Email
8e411493-77ba-4bfb-997e-049c411a1102,61,2024-02-02,386,200,1048.6227270222962,Email
e02c951d-c89d-4171-a18f-1efe37162482,68,2024-02-14,328,115,1126.9496323967728,Email
72501626-5c72-4576-b405-19ac174d7a6a,42,2024-03-20,465,91,1083.568284189334,Email
0214e745-9a73-4d45-8ef4-d4c4600647d9,24,2024-03-05,316,150,363.599650145768,Email
f76311da-c483-48c5-8b41-722f1ba5aab2,34,2024-03-01,271,158,1732.9361600038408,Email
232b13c9-0c53-46b4-a892-8983bbabdeff,30,2024-01-30,304,193,1086.8361162386425,Email
4c2db608-3e3a-45d5-b1b6-dace3ffcf870,88,2024-02-28,308,157,1176.8775921334916,Email
d1093821-bec3-44b8-a00e-7abbf9615d34,18,2024-03-04,394,182,1374.3278914684895,Email
e6fb0ab8-366f-4b16-b028-005982460236,97,2024-03-08,216,191,398.0271660878246,Email
d8e0a3ce-9c98-4427-a2be-54d8b5c20d75,37,2024-04-15,228,84,1044.3985243364268,Email
85b3ff2b-edef-4d55-899f-c0a0189f15db,3,2024-04-05,295,176,1516.9769060684478,Email
d2c33efb-f88c-437b-886d-55876b8d96f8,91,2024-01-02,245,90,1175.5201285311698,Email
802e2f97-44a0-436f-8ba5-32b623fd111e,81,2024-01-22,480,91,1537.8469578462357,Email
832571b6-90f4-484d-95f6-66a514666191,67,2024-01-05,483,135,1902.6306029072905,Email
22541bbf-5625-470e-8db2-4cd064c02038,97,2024-02-25,105,68,281.42017108076084,Email
9284969b-5bae-4b73-9bc7-9fe7e1b29752,65,2024-03-01,344,163,1700.7210359955222,Email
76fc45a1-bae8-4493-8fd0-cd00e08fde67,57,2024-04-03,208,144,1672.8205037941889,Email
c44739b7-c9c1-4a11-b651-5046961e9d5b,39,2024-03-21,222,145,683.0805202271098,Email
38e0c7cb-c067-4ae4-b23e-80d219fade66,9,2024-02-06,220,108,1462.461723939263,Email
dd310e87-1da9-4db3-a650-32b9a8f73f68,52,2024-01-19,442,67,792.6993764193942,Email
902ab5ed-c095-431f-bc5a-9c4fef45f9a1,40,2024-01-20,343,185,490.4286229887948,Email
d72b3129-bfae-4603-9c43-4932eb0bc01e,89,2024-02-12,136,83,1379.509158090427,Email
d3a59535-048b-4b10-b69c-81a43f886d9c,60,2024-01-03,212,61,826.8039770918114,Email
d6ea7966-5d24-4405-8ce5-dd1bbf639725,53,2024-01-23,310,158,1267.2466152984748,Email
271ca45c-1a7b-41ec-b0dd-24024f4148d4,92,2024-03-18,321,155,478.6465352812869,Email
5bb29c55-e39f-475e-9466-976c8c296c3a,22,2024-03-29,260,50,467.8725559928979,Email
89c01e69-377a-4586-9299-6a99dfa5a330,13,2024-02-22,207,121,1253.8672893743594,Email
e74eb643-220a-4b45-a4b6-71e9486c9d0e,48,2024-03-02,465,73,556.3749609709353,Email
ef453a1f-235a-42d4-9304-56a9b33f72fa,62,2024-02-15,429,110,698.5760849828703,Email
a1fb7c31-d743-40d7-a954-17b1e89eeddd,57,2024-03-03,207,53,1518.7793980282947,Email
ddbd95c6-af16-4537-99f0-4ac2e3ffc13e,48,2024-03-18,385,96,1115.2133168957307,Email
5d9b7869-3262-4cf0-8923-866eda9f9dd6,62,2024-01-25,265,59,124.1769309783816,Email
f83ac440-71f6-4e7b-a7c7-5d276a182c7f,45,2024-03-22,163,107,857.3149566596481,Email
0fe59a3b-bc7f-4df8-8edc-cf7e032f30ff,46,2024-01-09,258,193,194.66477861313444,Email
fe25f610-895f-4f04-a9ca-a07b27bea2f0,99,2024-04-06,407,56,1292.622330419943,Email
9c9a2fde-4732-4ead-b4dd-898c30c509bc,82,2024-01-08,350,122,1115.2814727623218,Email
3727846e-688f-42c7-85c7-0d738c08ad0b,49,2024-03-02,402,84,1815.1738147491203,Email
a7660f98-648d-43c9-8e1b-1a951821daf1,3,2024-03-01,255,108,548.6788646780334,Email
672f5abb-40c8-49d1-8f61-da9cedbc119f,82,2024-03-13,249,61,369.07869006413387,Email
ec668025-a4e6-4d4c-b8ae-7aedbd3a40a0,92,2024-02-13,373,154,1277.6115068363229,Email
aee7f81d-f367-439e-adeb-c8ba7cb00fba,56,2024-03-04,474,84,645.6267350156213,Email
98d221b7-bd6d-4301-8b18-b54d1be4fa21,34,2024-01-03,266,63,1311.210280321308,Email
23cb2126-1475-4a8b-9426-560a045e8fdb,37,2024-03-06,263,149,1571.8205819804566,Email
0fd14312-7ec1-4323-ae5c-dc8d88de7abb,9,2024-01-27,288,137,909.2806478137747,Email
f4081216-e13e-4448-9b6f-9fea486b4fae,98,2024-01-13,102,152,1471.724978402223,Email
1a2d0f4a-504c-4265-a7f0-44c4daa394a1,91,2024-04-26,392,183,1011.274154264408,Email
e7fb1d2e-fc93-436c-8070-3927153aab1e,52,2024-04-07,380,163,300.7048445705119,Email
5959823d-7382-4298-8cbd-9662fa289a53,55,2024-04-23,241,170,1670.2252233498466,Email
5ddc2adf-ea3d-4145-89f6-0890dc00e04e,34,2024-01-19,423,91,1889.8701510347016,Email
2bd61a2e-d3f8-42b5-9b65-3d15f0783e7c,32,2024-01-04,183,199,166.21419286695573,Email
71ce0df8-2610-4b24-84ea-42657936b02c,58,2024-01-12,258,143,1945.460896376907,Email
0eeb091d-7a09-4503-a60d-4d496021529a,70,2024-02-21,110,185,696.263554987418,Email
804e711b-5fa9-4f83-82fe-3243650a9e2f,56,2024-04-19,446,148,988.4848805793332,Email
e107498e-55b8-4d99-9e4b-0f2fbc22e677,74,2024-01-14,262,197,1545.260807751508,Email
ec489350-2040-4f89-81bc-3dcd77268bde,90,2024-04-16,251,80,420.7218588022113,Email
3dcb21eb-726f-4824-8a2d-cfa0d13a5ab4,64,2024-02-25,300,112,1282.899612717129,Email
300bd6e7-5e5e-404a-afc2-c6b26db2d1bf,79,2024-03-02,419,74,1360.4764871424632,Email
5b7d5f56-3229-42e4-92f2-9b7338b40ed0,69,2024-02-26,262,83,667.7974278494269,Email
3e6827d2-97bb-49c4-aa0d-cfdb0618b413,73,2024-01-15,406,138,1214.0919971655994,Email
8b6e49cb-4495-4ddb-a556-3c0499b58252,82,2024-03-08,473,173,659.8873648940556,Email
4ce415fa-c9ab-4020-9357-c14f660abf3b,55,2024-04-08,389,121,247.4706224121957,Email
99b47697-845e-4f66-b4d0-4a9bd0b7c717,23,2024-01-18,407,192,827.6199792955974,Email
235e7f8e-f6f3-4510-8ac0-8e8b6d5bb9dc,32,2024-02-02,408,197,1418.8137766455725,Email
a6fbb06c-d52a-4920-95aa-bbc27c45b89b,72,2024-04-06,334,112,618.791490529355,Email
926412fc-551b-4785-93ce-4df7a17d88eb,22,2024-04-16,236,56,488.0460966137058,Email
0b6fa75f-15e4-432e-8375-ebee45af2442,75,2024-02-03,227,89,161.37808100907077,Email
bc3033aa-f852-4bbd-a959-4cf4bc111883,99,2024-04-13,122,56,667.8764356776672,Email
a30baa2a-053a-42ff-ae77-b113a416f09f,2,2024-03-18,444,159,509.6019112415564,Email
f2cd9ff5-14e9-4160-85ee-6086b1769ab7,71,2024-04-09,193,114,1197.8908374131222,Email
3628b1b4-aeae-48ac-b718-f467840efa42,77,2024-04-11,321,197,347.7256082360858,Email
6071e094-ce17-4464-9f96-2acaab6d49cd,50,2024-01-22,469,185,1330.4936121448366,Email
8cf572a1-01c4-4456-8e78-7e4b1ff91fba,77,2024-02-26,489,73,1046.77500916471,Email
c82845a5-61c3-4576-91cf-1a225284085c,32,2024-01-19,487,124,1186.5276606736834,Email
231cccb1-e4e3-4660-a7ce-7699dead8bdd,61,2024-01-28,370,194,910.7750499942932,Email
2f447bdc-f8df-49c2-b938-63bf4880249c,37,2024-02-13,357,190,1684.8294677293254,Email
15c7226d-92bb-4ea0-9446-2d600779fff6,84,2024-01-16,192,69,542.8525737575344,Email
38c58fce-6af9-47f4-a6e2-b21d33755b11,32,2024-03-07,256,87,1845.867763557332,Email
f934d524-5c71-4011-932d-7a779f62276c,59,2024-04-23,218,82,860.0949186548513,Email
dd683920-733b-4f3f-9511-e2375c4d12f6,87,2024-03-01,475,79,1259.5010848928648,Email
ba788b31-0629-4a70-bd4b-f85f40e72fd2,99,2024-02-11,482,97,1648.309872426925,Email
92c1250e-6724-4be1-8e4b-b58ee952ecbe,20,2024-02-10,325,65,1430.1447943290257,Email
5d70355d-d076-4540-a3f1-b3fc3e1c535a,22,2024-02-29,238,76,1208.0940777842911,Email
c1beac0c-689a-45a6-b6ce-73ff88ca9840,96,2024-04-17,342,187,104.9934862282608,Email
9136053a-5ac6-4244-9cfe-e957bbc6d556,58,2024-01-22,393,156,394.0084085394713,Email
f8990a6a-42be-4280-b271-f0f2e8195ac7,33,2024-04-06,408,179,1809.4305778474256,Email
bdfb6eb5-e3da-48a1-a22f-4cdac978e4cf,93,2024-04-18,115,194,839.6962854847558,Email
8fd155e5-7d00-428e-b2f0-44b48012ba76,76,2024-02-15,455,175,338.3266483854166,Email
249edf2c-1a0b-457a-9dbc-e6581fc19d8b,16,2024-02-15,483,181,649.7780338809436,Email
7b8654d4-d717-4677-bec1-65d4ce400c01,97,2024-03-22,127,100,570.4918041628257,Email
3d330677-4598-494f-885a-d13fb224edb3,25,2024-04-04,129,123,1506.3654721533344,Email
2aeeab24-7ca3-49c1-8d2d-04bbed1b2fd6,73,2024-03-03,277,102,139.522162820963,Email
8ff8b33a-8da2-4861-a834-61f9f1a62b28,13,2024-03-27,116,150,1332.624351775495,Email
016a458e-4b2c-4990-a51f-e2c8fccf26bc,72,2024-01-24,471,155,835.8204034328056,Email
78300429-78f7-4de1-940b-9270cb7ffb3b,99,2024-01-29,110,95,608.8825628284208,Email
3a5dbe65-c81b-485d-990c-7f4412c31275,35,2024-04-17,167,179,1565.729438742111,Email
224c9fba-d0af-4850-b9ef-5b080f0e0b1f,88,2024-03-13,483,76,1914.3962808251908,Email
670f39c5-0393-4833-ae98-4572421d8990,88,2024-02-13,355,169,203.06145678442633,Email
84c723e0-19e0-4ac5-8a2f-5675389e2732,71,2024-03-14,226,54,1853.8068437934232,Email
0d7468de-8391-4721-bb3b-55371385c5f2,95,2024-04-13,377,198,1629.5441990105533,Email
4943947f-5232-447f-8411-0b99bee8590e,66,2024-03-07,491,186,1032.9405088927374,Email
6bc4b5dd-8a59-4eb2-984c-74aff4fd702d,63,2024-04-11,286,58,1964.3337486548776,Email
1a1668cd-f1a9-453d-841c-8d97a1822e4f,92,2024-04-26,495,127,937.733829188468,Email
1a8bdcf3-6efb-41f3-a6b4-addd68e92597,65,2024-03-12,182,100,1326.748759241982,Email
8130be61-ea9a-4f11-98a8-e9dcc570f1d8,41,2024-01-06,341,108,1616.3211925294463,Email
ba513649-6cc0-4298-a5b8-b03fd9fa1ad9,52,2024-01-07,133,134,252.9164380774855,Email
3f676712-383d-4b00-83dc-68fcd0e893ef,82,2024-02-05,118,190,1803.5222608755505,Email
65f20708-13ec-460e-addd-8a61292b3131,96,2024-04-27,244,103,1848.1235255035,Email
210b2bbc-2001-4785-94d7-580f40bb0b55,59,2024-01-04,394,55,1806.7012820588964,Email
585177da-0660-4a81-b361-9d226ce0f98d,23,2024-04-12,422,75,318.3452156054818,Email
251a040b-cdca-4854-bf2a-5eb0433b6260,80,2024-02-15,299,121,248.9186561227675,Email
6c2500ee-bb9b-43a2-90a1-7aa559331617,24,2024-04-24,410,187,671.05163731603,Email
38aed538-c09d-46ed-8efe-f9de6b2466c6,63,2024-03-01,455,186,1195.5900317723708,Email
30faf4fc-e1f4-46cd-8f28-53c17e59e9c3,7,2024-03-14,414,161,696.8406977902355,Email
c9a20b5e-1a3c-44f4-9dd7-aa977f7cce58,77,2024-03-10,157,165,1954.6925178111471,Email
cfde2def-9c32-45c5-ba6a-100843d99e04,41,2024-04-21,165,106,1047.2208336674098,Email
a263ec7d-292b-4957-8b83-e2bb6d08a5e5,76,2024-01-27,314,121,666.1222337288204,Email
cbc1290f-3129-4143-89e6-af76408b2194,45,2024-03-14,455,104,1650.9176462118633,Email
4ba73a05-4ed9-4f09-bfae-d0894ec354c8,28,2024-03-07,347,179,1225.7722495295486,Email
b96a62b4-f92f-4ded-819d-ef653cdb5940,67,2024-03-25,301,89,1270.1030760238375,Email
e184f7fc-8904-415c-b7e5-cc7cfc81ff3e,38,2024-04-22,346,150,1101.8303435454864,Email
f852b89e-abff-42b1-9b01-4f743f118cba,77,2024-01-20,425,96,1652.924236414257,Email
3043c083-9aee-4484-81c8-969a5aaad9e1,17,2024-04-15,255,126,904.2303359762616,Email
3a281e0e-a753-4719-a795-fb27eb21c712,1,2024-02-15,481,116,1564.096341648465,Email
b672fc96-a81f-4579-82e6-7a3e6d7cd974,62,2024-04-19,182,99,460.0735690365587,Email
26e56fdc-22cf-4681-a6a1-f0f479b0e253,48,2024-02-21,356,53,135.20929167821805,Email
baefd19c-bdde-488a-ac4b-c4b554f4206b,79,2024-04-26,443,193,550.4327812891567,Email
44643566-24d8-494d-8134-e36bc3f3ecb2,92,2024-03-17,385,97,492.3182513042991,Email
cbd879ee-0b0c-46ad-b46f-33f9d2defc06,58,2024-03-09,369,156,1424.6443759354504,Email
561042a6-7b37-4807-acd4-32f3416014fb,32,2024-01-29,347,193,550.4668212808847,Email
8d74efd0-1183-4bfb-9297-5a1707d0dd09,4,2024-03-13,414,77,1109.0945711904692,Email
03bdb987-1373-4a56-8839-ee3a9d910344,94,2024-04-17,299,117,1584.742374187946,Email
a44f50f3-d84d-4301-9d56-13c21e11f26f,14,2024-01-08,426,190,1702.0192852133662,Email
9e5ad5ba-617c-4d0f-9381-3f298bdc478b,70,2024-02-03,345,76,101.98938418660649,Email
b7e64e90-b7d4-4716-b127-0f9675e74a55,21,2024-03-03,110,116,515.6080994282436,Email
89ecca02-a8ec-44b4-bac9-9c015bf4c2c2,20,2024-03-31,368,102,1905.6591763308104,Email
08d53470-53e5-4b2e-a5a4-2e9b9aab0640,45,2024-02-07,163,98,1113.7812235497563,Email
f3b495a0-24de-4e2b-9a23-dc375c69abed,27,2024-01-09,229,107,1776.2257031260735,Email
a3be02d2-9492-4fb9-a881-d80c4dc077f3,60,2024-04-17,272,199,1847.0933020788211,Email
97e832d5-edb5-477f-95d2-caad0536e269,51,2024-01-22,471,158,1581.3248975583078,Email
f1c7a69c-11bb-4a6c-9612-a7f52c0ff1ee,65,2024-03-13,490,185,1000.6532797498888,Email
f5c2848b-f77c-4f43-b320-07c825a5bad0,24,2024-02-23,291,50,1734.2941748900707,Email
b65315ec-ee41-481d-ade2-6a30743e1da7,47,2024-03-02,219,62,1169.0388149420628,Email
4fb6b0ad-742b-469c-abae-cc1d2bbccbd5,61,2024-04-18,468,96,1117.9038796955424,Email
6c077d17-ebdf-4c2c-b3d0-37c49b22660b,64,2024-04-26,162,198,1412.6361103461163,Email
6207872f-d70f-48f3-92e7-2e75893ec10b,91,2024-01-25,184,127,397.4576892862753,Email
c9166ab1-5df8-424a-96da-2c2c29bef145,3,2024-04-02,212,168,873.1192561483282,Email
dde7498d-8f99-46bb-874d-6bc8531cdeed,81,2024-04-14,305,117,1193.8286860160974,Email
8f45db91-7a24-48ab-a4a4-2effd97ab63c,59,2024-03-30,373,60,142.56557863663195,Email
226f5257-871b-4980-8ca2-68469fc671df,66,2024-04-18,304,104,112.60953358998373,Email
dc08987d-86f4-453a-aa4f-307342f09998,87,2024-01-05,454,66,1906.7643601525417,Email
ba24b18a-93a2-43c5-bc34-8d4b54d28b9f,44,2024-01-28,330,125,1356.4311306671325,Email
b8c0dc81-cc5d-46dd-b0f6-8a0ca03b7e3d,16,2024-01-18,218,149,1635.4607552348475,Email
9a1f1f24-5958-4b67-aa62-cf1c20316381,41,2024-02-25,213,124,764.7045184691823,Email
c6566008-806a-42a4-83f9-67ca92a86644,42,2024-01-07,459,78,1911.6026324117715,Email
dad48ec2-bf7c-4248-a345-cf5e10720b13,88,2024-03-25,334,144,1866.0167018014724,Email
f4e41a2f-e6fe-4af4-964d-9e20117a3b8c,16,2024-04-14,106,132,1809.9499673260696,Email
0fad2b9a-3033-4162-99ed-fd8b5fd9c183,70,2024-02-19,250,132,438.3749372661126,Email
d312c177-8d2a-4a24-815a-d059f82edab9,63,2024-03-23,248,71,1554.1302182268878,Email
35446910-5cd7-45ed-bacf-0b18e0371f8b,71,2024-02-27,130,145,1706.2517674970684,Email
cfd4119c-c016-4cfd-834c-233247e2a274,57,2024-04-16,306,57,1592.7336273012993,Email
e41d1da3-634b-407e-91f7-a931bceaa03a,34,2024-04-10,396,143,1741.06720411764,Email
8dd06bef-ca16-4719-9a41-fde82530a00e,11,2024-01-30,338,54,1965.695408707263,Email
4c151581-0896-4de6-b3e6-d81bfcd71caf,97,2024-03-31,227,153,576.7771227648527,Email
74eecb9a-842c-418e-b20f-03f207e950f9,70,2024-02-05,380,164,1995.4184707713343,Email
2a90d953-1020-4abc-8920-f28209955db6,71,2024-01-08,378,166,1890.0354568856865,Email
cd56604c-5a74-4028-8a9b-8536f2f99ebf,99,2024-03-21,386,114,964.2922370292024,Email
2d83e9f6-fc20-4ca6-9563-91a0163cbc56,100,2024-03-22,384,128,813.6048455342723,Email
94f88d81-a709-4289-8654-73340cbabb6d,52,2024-02-27,391,190,600.8940639256771,Email
68cafe23-890e-4b9e-8a3b-f9ee31eeaebc,70,2024-04-05,398,125,1462.2466591324744,Email
771690c6-f5b2-4598-a190-1cecbb7f3b38,87,2024-04-20,412,160,402.2107011670609,Email
617859fa-d25f-49fd-ac4f-e9ebbfa9c8d6,91,2024-04-09,487,189,897.129028741694,Email
8afe7e3a-48f0-49b9-984b-9617a166b7c0,50,2024-02-21,129,61,1668.5814225869851,Email
981b7ede-9e42-4afa-9ad2-4db40dfb6416,35,2024-01-06,374,117,1271.0805739316004,Email
c0881f56-158e-4606-a67c-55afb73f97e0,32,2024-03-16,283,61,656.8799193604934,Email
d1359dd1-2e89-4b77-b35d-8856c106b44d,5,2024-04-24,326,143,1944.07411595623,Email
bc88c74d-5b0f-4341-9f4a-a81190397a93,1,2024-01-07,188,134,1133.6024446283782,Email
8c136814-9750-4b7a-9532-0b4c7c7ccb76,39,2024-02-17,500,122,1438.8315484953569,Email
563bf67a-4b2f-4ef0-91a2-30d256faf39b,74,2024-04-16,494,118,1210.1695651531295,Email
36173161-d113-4870-a7f2-5f139cfce716,4,2024-01-17,400,97,1201.105292066624,Email
6dc735d8-b76d-4b78-b9f8-80156d9d2e34,24,2024-01-26,410,70,1332.3382017961178,Email
3625cf67-2225-4ec7-ab51-a7da98001894,47,2024-01-08,231,169,1447.696404255563,Email
6322f3b2-a12d-427b-8029-28ed1127916f,40,2024-04-09,166,56,1613.533770646172,Email
29652194-d886-4603-bee5-b868d548682a,27,2024-03-22,128,193,1966.6161229982888,Email
9fc66d1a-6dca-498c-8d3c-eb171dc4f935,41,2024-01-03,473,73,1694.776766866804,Email
a374ee4a-d003-4e7f-8f6b-7a3543fd2729,16,2024-03-06,413,122,1951.9792439408243,Email
02bd70f2-cf2c-4f0e-b85f-0b9e00d2a349,18,2024-01-11,380,161,1638.740432962896,Email
d660b840-ffa2-4a71-88ee-4e59b49fbd03,98,2024-01-19,414,154,578.5376570897083,Email
7e31ed5b-97bb-4ac1-a35d-fb2046490635,48,2024-03-13,432,133,998.3117712774888,Email
47c6e197-763e-4d81-83e0-50203d589c2a,24,2024-03-24,484,78,742.9348256163885,Email
cfc75492-c965-495d-8215-802fedfd4e92,80,2024-02-22,119,150,1690.194803436652,Email
dd20f5b8-9575-43f1-b53a-f08d09e7a1ab,26,2024-02-20,439,63,274.515709146068,Email
1e9d4009-5d1f-4742-b4f7-cc429c7c8e78,63,2024-04-24,350,200,1675.8664698665557,Email
64f082be-5f1a-49d9-b531-47e99d8dae10,98,2024-01-12,341,107,969.0069609690072,Email
692857b1-719f-464a-81e2-929198f03cca,16,2024-02-10,352,94,330.70206484390405,Email
bb488381-efbd-4c6a-9b94-a8492a027d0e,60,2024-02-15,497,200,625.2013813894353,Email
78bd1c40-da7c-412e-a073-a374dcf30e4f,53,2024-02-20,255,180,1561.1455777933322,Email
87ce0d6f-173d-4ff0-ba74-a3b5106f0f8a,91,2024-02-07,217,53,378.45993900516544,Email
4315b342-67dc-4644-bcac-6f1a0bec02fe,72,2024-02-12,411,183,706.1525585623733,Email
c4ef280e-fc96-43fe-a4ab-0da5aeaef6eb,49,2024-04-15,286,152,507.8578160322074,Email
f4276b59-563f-4f3c-9a3d-47908263142a,16,2024-04-17,387,65,619.2698134838337,Email
5748d29b-8593-40b1-97b3-9cf4344673b0,32,2024-04-11,219,117,170.48835425791134,Email
9c1a4a4d-6fac-45ac-8ccb-7df0ed015b10,80,2024-04-19,287,176,1251.2618977557506,Email
7b0c92c5-7e5f-410b-87b4-dfb45e23bb06,55,2024-03-25,145,152,1360.081390932988,Email
c8038845-6a33-468d-9a79-05b653bd305b,98,2024-03-26,220,131,1216.109760220292,Email
01259a9f-b006-47dc-a270-e3dbabf4211d,29,2024-02-25,133,73,404.56908083603565,Email
7cd9f962-85ff-4257-bdbf-c4ccf2bc666e,75,2024-02-23,178,116,870.3964524577062,Email
27a4168b-fe90-4d97-ab43-ea4eafff6d70,63,2024-01-08,171,198,785.8153330551738,Email
c19889ea-78b2-4dbc-b90b-a1a671cdf199,98,2024-03-23,176,189,1209.623829513181,Email
06cf7341-e6e0-46c4-bb83-575e133c8e80,5,2024-03-20,123,126,1269.2690859681995,Email
1251fdf8-cc6d-439f-9274-255e0de077e2,99,2024-04-11,494,75,157.72878916470614,Email
7a091a70-a318-4dfa-8dd9-330df9553f30,22,2024-04-26,102,104,342.6133822335341,Email
56ea8e88-c897-495e-b039-334fdb394f14,58,2024-04-23,344,131,1915.8364447741171,Email
dbaefda0-19ed-4016-8bfb-2252ce569607,31,2024-01-22,333,67,1629.5108381684397,Email
4527ea71-9529-49bf-9ffb-316e9457e8c2,51,2024-03-11,162,160,1690.409472283139,Email
5e071a91-5e2c-461c-bea2-151a20687eb9,69,2024-01-29,292,170,1816.3360022971815,Email
eb6bd64a-186d-43d2-afca-62d5f7f87ebd,61,2024-02-12,316,88,1929.634317447985,Email
2e45318c-de51-4315-b93b-fb13d22b8926,18,2024-01-16,245,144,1132.1611058734495,Email
d8456e96-5c3c-421f-876d-cf468279228c,2,2024-01-06,239,167,350.5954218352616,Email
6ea58b76-3afb-49c9-8f43-a6539bc06a1c,68,2024-01-17,169,159,1367.9769967723123,Email
9c428b49-8a29-492e-8e66-8fa64da1b8de,50,2024-04-02,392,69,1694.0799690393178,Email
fb4d469d-eccd-4fe0-b069-7d3e9d734daf,18,2024-01-09,286,197,166.6026614093657,Email
96985da4-00b6-4018-8baf-52b4b863aac2,86,2024-02-22,277,131,590.7270578075687,Email
a5f198e8-c63d-4545-bf4a-a6ba425f2cd6,23,2024-04-12,282,190,1855.896381275464,Email
54d1ce82-df01-496b-8619-97b0b714b0b3,74,2024-04-09,369,90,385.9538547212333,Email
8f439cf7-6468-44cf-9abe-2e002a81f8f6,47,2024-04-10,489,83,701.1640148025944,Email
79032ae5-052e-438c-8917-2692cc3a09b7,100,2024-04-17,388,151,630.4605847767905,Email
a956504b-e7bb-4de0-b501-1e040d8068bf,29,2024-01-09,391,97,1302.1293399657905,Email
a994738b-932f-48a1-89ec-b4c2ba4cbfc1,82,2024-02-14,307,55,1177.9258188998367,Email
5855678f-859b-4ff4-89d2-aef2d2a5c28d,99,2024-04-03,308,129,1585.480970472841,Email
72d5458d-16e0-42db-9695-4b63c0ef040e,75,2024-02-10,310,64,1771.5608578685665,Email
8888513a-992b-4078-aeeb-0b2c8941e991,67,2024-01-23,157,174,1991.230263980487,Email
37aa8991-9fcc-4da8-95a0-1c735f776e6d,20,2024-01-26,452,96,1674.7009191917589,Email
f778c4ed-f630-4d95-8e09-e825e5b8923f,42,2024-01-08,266,115,1688.3084171440073,Email
af62c306-c7a3-470c-9c41-6b78738ba8bc,28,2024-02-10,342,199,857.6399100404401,Email
99652145-e2c1-40f9-942e-b488d9d978fc,94,2024-04-10,403,123,612.8572282169189,Email
44f4779b-78f5-4c87-ae71-46d53efefb96,96,2024-04-29,146,138,106.08339887573136,Email
b2aefc58-05da-4280-9ecf-b804d7e7b0d5,18,2024-03-18,296,198,696.1998211514373,Email
84a4f5b6-448d-428d-aa93-4104018310ee,66,2024-03-30,150,130,1417.3719460716604,Email
34706477-4907-4fca-b6c2-904034d503f4,14,2024-01-27,440,94,1441.837744437265,Email
6bf04498-fab4-4d52-8cff-816ef128c4af,96,2024-02-25,347,176,810.0013831647152,Email
4bc29f67-a283-496d-a4e3-5e581c7f28f0,47,2024-01-25,305,137,206.74952761833237,Email
75a23ae5-b8ee-4dc0-a103-e7d47d672597,89,2024-02-03,218,192,1723.7733902520658,Email
9f969375-4d59-4c43-89df-89d5a53d18c2,45,2024-04-22,479,75,308.4302775936911,Email
48475e3e-6e50-48c0-a194-1d49adc29700,69,2024-02-13,436,108,929.9055401541848,Email
94369a6c-937d-4e52-ab43-6deff32e530e,23,2024-03-01,471,148,375.1624434081376,Email
335b023a-fd89-4759-96c8-b1e886656895,26,2024-04-10,359,81,1908.206786810951,Email
e4333477-c8e2-451d-b884-1e11e328aad1,54,2024-01-10,108,89,714.3793090664976,Email
87f0459c-d6c5-4e23-ad26-5021ab0f87fa,31,2024-04-07,240,72,1671.353429550817,Email
fa26ff41-a285-48e5-8fef-fa93f73c8dfe,91,2024-03-19,273,152,326.52482229737836,Email
25a75cf4-ddfb-48ae-83fc-c20e1fd0ca68,14,2024-04-21,301,56,201.52846252869284,Email
f4327bec-b552-4456-877c-621ff52fe2e1,90,2024-01-06,388,169,639.6325351071241,Email
db82a6d8-dc5e-4990-863c-54f7a6a7617c,86,2024-02-09,167,177,372.3910310992247,Email
24bf7374-80f3-43d0-acf5-106ebe189684,87,2024-02-04,400,88,1580.0403736933656,Email
0fdd52f2-b09e-40da-9fca-56d36719de58,41,2024-04-24,320,186,347.55901400543746,Email
29ffc165-39dd-48f1-961d-9896bf107b00,89,2024-01-31,498,126,1093.481923580609,Email
1c43d1ab-77bf-4e0d-8163-203a281343cc,46,2024-04-05,431,160,671.8149181306026,Email
1dc1864f-3eee-477d-8218-9527e836774c,80,2024-04-08,355,117,834.7578825516226,Email
b3569a13-354e-4877-8a20-6a36efa3d8b8,35,2024-01-17,123,77,481.92126625677554,Email
ac9ac6ea-cef1-479f-b4fd-b2577cb527d7,72,2024-04-13,383,169,1813.8861699868296,Email
f2ab078d-3baf-44bb-b9df-eff0e8a7ce0b,93,2024-01-28,472,199,1862.317760931556,Email
1d1adf45-9904-452a-88f6-17a1cd9320a4,52,2024-04-27,432,157,1576.962809845004,Email
46ffaa03-4b64-4caa-a0ee-05e89a433c5b,77,2024-02-22,336,61,1542.3346986321274,Email
677cae2d-95af-4105-af8b-39b9e0ab93cb,71,2024-02-16,172,65,1829.0504081504944,Email
613f5cf6-fe4b-49c6-b114-4dbdcef6113e,1,2024-01-07,415,114,1878.7222296796751,Email
07d7ce24-58d1-4edf-af1b-8cd361ef3be2,76,2024-03-14,122,121,164.815911150375,Email
543a0030-fed1-4aa0-a9f6-49123fca3a71,67,2024-04-08,253,150,1638.1550807396818,Email
13841a43-66b7-41bb-9c8c-a54ccc8871ae,76,2024-03-20,102,75,129.39075670939116,Email
2230bf3c-90b0-4997-b5a1-66f87e9b8fe4,73,2024-04-21,345,79,373.3598367574344,Email
7a264751-61ca-4ae8-88c4-ff5b3a7ae453,6,2024-02-19,373,104,1225.4887552852151,Email
0072e37b-6a2f-4592-bc28-d1d399557dc1,22,2024-04-14,305,137,1630.4011267367437,Email
f338c9b7-b546-4d65-96a8-b87b3ba7c6f9,15,2024-01-21,182,168,1132.9600876298682,Email
51df7726-ab38-49a5-9f93-bff456183e90,6,2024-04-19,353,145,229.26632553561524,Email
a649becb-a4e4-4596-befb-ecb34e5580bc,56,2024-02-11,359,197,242.21807961693003,Email
ae564a75-dc2d-4060-b752-72ca08890d07,54,2024-02-21,454,72,377.34725692818904,Email
72fdb5dc-a684-4b98-b7fd-85f5a546ad84,18,2024-03-22,188,149,954.6076275473102,Email
3f4c385a-83e7-47e1-a0db-e6c67537f405,41,2024-02-26,248,137,1289.7011273389608,Email
4ecc6e25-e1bb-47f2-8415-ff06a2c95d57,94,2024-01-22,479,76,1061.2668624495243,Email
e9b534da-b0ba-46e9-bb6f-c6d7919d3e37,54,2024-03-09,472,179,1585.839890066511,Email
348978b6-6122-4c41-9194-ba760bba4619,27,2024-01-11,449,152,1171.1574573265557,Email
95a3ebc1-27a7-4531-955a-26ea2ccaaed9,30,2024-03-31,420,80,1890.9084156991603,Email
8f214bfc-c0aa-41ee-9ea8-4a98f9e1cca9,28,2024-02-13,115,198,419.87090175868934,Email
e730fcd2-4248-4caf-ae9d-3d855f40a96c,40,2024-02-09,472,172,1748.4353907497602,Email
76711e5b-4b64-4983-8c3e-0d3536f42179,46,2024-03-12,346,56,878.2136972989624,Email
a20b6608-28a4-41bb-b464-baa0bd5356a8,85,2024-03-18,498,94,102.62999588315176,Email
0b5287ce-b2c4-464e-98e3-acfe8f6a1d49,50,2024-01-26,400,152,1943.8382057969136,Email
402fbe2e-4bf4-4461-9f3b-171860771f42,5,2024-03-12,453,109,872.8144232094006,Email
e7195032-6ab6-4268-a534-4ca23b294e5f,67,2024-04-04,500,82,1646.7426211336983,Email
4213d3c3-969a-4707-bef6-5acf1f32dd98,91,2024-01-09,296,129,1333.0553920487891,Email
c145acdf-0da1-424c-a4c1-408a7edd0641,44,2024-03-03,474,147,1058.2843737130397,Email
d814c584-8e0b-4345-b188-d9ca4e7f3417,19,2024-02-01,401,179,1796.8922431516112,Email
7beb2dcc-1625-4062-9096-2446f7f66145,32,2024-02-28,398,74,1816.556367875136,Email
118d33f1-ca1e-4ff9-ad74-613f271f1a74,33,2024-03-28,125,56,1325.9560591511213,Email
d7e8571e-1c15-4445-ac80-6a5d17206d57,66,2024-01-20,294,100,1804.5040399464112,Email
78a93636-28e6-4294-b59b-53d7dfbe784e,47,2024-01-06,196,178,500.3010698639806,Email
9bde1949-7c09-49ca-98be-da4170e46c35,50,2024-02-17,291,189,768.9367769161593,Email
99fe4b06-4110-4d19-aab7-8dee4be00739,2,2024-02-12,262,131,220.42803660976944,Email
0c47d1e3-f3d7-42ac-8917-d5f42cf211a4,46,2024-03-17,296,195,682.3673986823599,Email
9ecd3160-026d-4d30-9c0d-eb016515fbc8,44,2024-03-14,376,120,383.49235117776453,Email
e05c393b-77d9-4bdb-a934-41fdc18e4445,32,2024-02-24,220,72,1205.0714654522362,Email
9eecbb69-3640-4f8b-96fd-d84e0531f376,52,2024-01-12,351,57,837.8856471420343,Email
a294a73c-0c97-495d-8bfe-667a7dc36373,30,2024-01-29,322,97,853.0534058338955,Email
c40ec0d3-be1a-419d-b733-35929847fc2a,71,2024-03-19,298,112,257.1239267681393,Email
a9ea3599-3590-44bb-ade7-41e56abfea71,72,2024-01-26,468,66,783.4117934493947,Email
1eaa5d4d-61ab-4931-a0a0-ac9c4d34985f,22,2024-02-18,274,195,1715.9962670097182,Email
e56f84f8-f5fb-4031-b22c-bff3c13bca58,30,2024-01-30,341,103,1970.6626077836029,Email
75739755-f655-4622-9e09-f10c4ce5a268,1,2024-04-11,438,198,1920.0637655315109,Email
4f619ee2-5ecf-4d6f-8504-410eba87a4f3,53,2024-01-03,444,196,912.2110020065508,Email
a41b401c-08d9-4487-af34-38aa86b31d34,8,2024-02-14,398,91,867.8014899328189,Email
04ba7592-16f0-44dc-a14b-7944eb845c5b,28,2024-03-24,330,61,699.6154154722278,Email
61646cc9-4dbe-41f3-9703-faf39b8b2e62,69,2024-03-01,478,104,1000.6429813351474,Email
6eccf157-8e57-4622-955f-02a148a62446,88,2024-01-16,435,121,1974.6292364162423,Email
8fd2bc46-9657-4dcd-b45a-eaf57d753355,46,2024-02-02,332,146,1109.733296740531,Email
257acf8f-9983-48a3-a1e2-d9e42d044792,31,2024-01-16,452,188,1822.1095205062747,Email
98d6e26f-9e9c-4081-b63f-dd37875cddb1,87,2024-02-12,183,127,792.5122235187538,Email
b0d52c09-68fc-4e99-93b1-eca46738762c,21,2024-02-15,220,64,356.881814083464,Email
8570d2fe-1960-42e0-b34c-b28c2ee43828,85,2024-02-12,244,100,348.20509684552724,Email
40f6d295-6703-4cfc-b02e-9e44e6874780,59,2024-04-17,171,108,1249.252809928166,Email
4ed4fc33-4d8c-4bed-ae1d-f26b45e09d58,14,2024-04-06,244,185,241.25398572485997,Email
47177265-cb5b-4e61-895a-9e4d86dd7695,51,2024-01-22,397,161,334.53517035482975,Email
d8d53ad6-b40c-4ca8-88b8-b742dc12fea7,70,2024-04-26,384,195,672.8803999421141,Email
86a3f371-5a22-460a-ab64-26d7a65bedc2,58,2024-03-27,414,93,293.6311452550789,Email
794df635-81f8-4263-9c49-8caa2855ff81,19,2024-03-16,369,120,1980.9738561359788,Email
0b2f2ca6-b6a1-4914-9f1f-f7cda4dbbc25,60,2024-04-11,260,132,1812.060718176679,Email
9b322364-97b7-42d0-8579-142d12095ab4,72,2024-01-12,174,119,1770.9561441374594,Email
f6b3d11b-1af1-4744-992f-c7175399278f,53,2024-04-01,119,83,673.0885584280761,Email
7db4fa67-e15f-47ce-9894-45c5d7ab0f8d,4,2024-01-17,416,150,1738.9174711522703,Email
0a92c138-c0e7-4a8c-b6ea-fc969e833c05,8,2024-03-04,403,137,649.3479863100135,Email
8fe23613-e2fc-42c4-a405-8db74e34471e,57,2024-03-12,243,182,1268.9524043771526,Email
de395070-937c-4fe2-82e3-0de6b368d14a,15,2024-01-21,347,154,426.6699048849609,Email
eca3770b-5b9d-4e4d-a135-a95987d3d8e1,58,2024-03-28,380,107,146.9465994142095,Email
11faffec-7dd3-4f5a-914c-2e12b16b4c0d,32,2024-03-03,452,120,120.17641508406994,Email
c5298a76-bcda-4ba2-9474-b82c3d9aa84d,27,2024-02-06,272,106,762.2942347873475,Email
81150ff2-3444-4e59-a29b-cc209d5f1bee,9,2024-04-17,379,173,1675.520989721943,Email
9fcb75f6-39c3-4a55-81fa-7d3f87a7247e,66,2024-03-09,324,164,1700.2288234699656,Email
64b766fa-e605-4044-a90b-a6d683f81f0c,46,2024-01-31,177,149,205.1603913173838,Email
3dfd90de-4dc0-49f0-9353-86050d8d0fcc,85,2024-02-29,416,169,1199.4258517142025,Email
509b65e4-7e67-4c8e-b8fc-e8407499899d,21,2024-03-27,365,195,1017.8211476066792,Email
9dfaeb7e-70d1-4874-b295-693017401818,92,2024-02-02,169,164,963.5317236457992,Email
3e254d6f-12a9-4512-afc3-d75ca274545e,62,2024-01-01,111,150,877.1388015056972,Email
7fd08863-6660-47ea-a044-57b4cb09819d,47,2024-01-26,301,144,247.22106914513125,Email
beb63dc0-9a7b-4bd6-8252-ebf9852a63c4,88,2024-02-13,122,164,1921.3868446900856,Email
3d99c92b-e29e-459a-a5de-a1e37ef38ab7,15,2024-02-03,223,181,696.9539531603522,Email
40fb47f1-ff9e-4667-8189-68725f963982,78,2024-02-11,483,166,1629.7143204319657,Email
022c1b28-9c54-424a-99a8-c0f8b758194b,19,2024-02-21,199,105,1618.4227420783154,Email
84850e28-1e96-4018-bb7c-1df904227016,21,2024-03-23,309,95,646.3216038004589,Email
ed58b9b7-416e-47a4-9f38-9a68e70465e7,56,2024-03-02,163,142,1689.8242353170042,Email
f72c9949-4417-4ab5-8488-23b3f45813d6,65,2024-02-21,490,85,169.81978596006968,Email
07afaa21-6a5b-46be-9394-5d05c000a51c,76,2024-02-04,126,196,1075.8298283632764,Email
2ab88783-fa38-4114-bd5c-80e60a4001a9,85,2024-04-10,160,160,1695.8258763157926,Email
5fc1d75f-f39d-4177-a169-a74c7d66e259,58,2024-02-10,392,133,272.3570435843021,Email
53dc51cb-eeec-4487-ba21-7ca76b4a0a35,60,2024-01-28,343,127,1140.5556780110876,Email
e371ec95-914e-4653-8c8c-1f3afe2d7e51,9,2024-01-02,416,102,466.6682457067494,Email
3a15355f-6d31-4032-8bd1-0f76e2af997c,19,2024-04-19,427,142,1606.580114557,Email
3467047d-5484-47d0-ae57-3ed536da2316,5,2024-03-09,213,52,556.0287652135673,Email
0a4bc06d-36ba-4fee-9d5f-ed18bbb15969,27,2024-04-13,118,107,252.22294520714385,Email
03a8c5c0-c7d3-4ff0-bab7-5c500cf0608a,17,2024-02-25,265,67,1612.1747617794138,Email
1d57df7e-da60-49ae-9614-a234871da1f3,31,2024-02-16,110,185,752.7382600457069,Email
eb85171d-da5b-4f6a-b332-a857e2e60694,44,2024-02-09,178,95,1317.3754322328346,Email
66c3837d-857c-4245-a025-b91525c76a43,26,2024-03-14,177,115,605.5311665755283,Email
486b31b1-ca58-4117-8533-9ed381445e10,92,2024-03-22,245,67,1562.3490926228026,Email
8ec031cf-c66f-4397-aa80-761c266c4c05,75,2024-01-15,119,184,1192.0754252556692,Email
b374ea42-25a9-47aa-bf33-565e98b6d50d,27,2024-02-27,240,160,1389.5295181084186,Email
89bcf301-b474-456c-bdde-34503e6504d8,58,2024-02-16,169,85,309.87227128079127,Email
c45e7968-d3be-4413-acb5-c970a412c7b9,64,2024-01-17,468,146,653.8049711841882,Email
34187571-b290-4047-93b6-b8e2b21ad6be,100,2024-03-12,103,114,1754.7240300649823,Email
5830e77e-2da1-4a62-a5cf-6151f386e89f,33,2024-02-04,431,52,144.9039058759528,Email
c754cfd7-bc83-4000-b937-ab4fc8b359e2,45,2024-04-18,239,131,1865.6248878942897,Email
f1822621-705f-47ea-8fc2-1f3ae851c202,32,2024-02-24,367,170,333.3980122796619,Email
ddf8c886-99e7-4cae-86b0-c382fc1e61b2,43,2024-01-02,194,99,1734.168041052868,Email
f38f265d-06c0-43b4-a297-5815a4a357fc,19,2024-02-19,252,137,631.1666159549484,Email
f28c0220-efcc-4868-9ad7-bc98f690fcc5,29,2024-04-21,211,64,1794.096561633155,Email
796a9a1d-e671-4ea1-b27d-b7d4b5086510,61,2024-01-10,449,110,1467.2766546986277,Email
89680cbb-31d2-42d1-90c7-c7c0e2ebec42,99,2024-02-24,487,76,373.9494965968252,Email
68b45c32-baaf-4180-b429-4ebeaa874ae0,97,2024-01-19,305,147,757.1355199110068,Email
5d52f82d-21c3-4a59-ae24-0d7c33e3b25c,82,2024-01-01,457,68,384.9129263569196,Email
035d60cd-a51f-4dc2-a76c-29be4b09084f,67,2024-02-19,297,59,1328.8892935308352,Email
f5b60fd4-a428-484e-afa1-11a3040a80b5,96,2024-03-16,469,127,1354.933168202794,Email
637f9662-ee2a-409b-b963-96c9ace97792,11,2024-02-06,358,152,1840.0892244835804,Email
eba9698b-83a8-4546-9811-cbb53b4699dd,7,2024-02-25,302,174,182.36538991631943,Email
1734b750-2c9f-4058-a5ec-371b3a76100c,15,2024-02-27,481,191,1703.154503190529,Email
