ad_id,campaign_id,date,impressions,clicks,cost,channel
83b80ba5-5d3d-4d6e-acb9-530611309d41,67,2024-03-19,7640,173,611.9667320842755,Facebook
f31263b1-38f9-4a07-9348-aa7d4d60df9e,35,2024-01-13,4885,76,794.8169184351186,Facebook
c1d70dfb-cea6-4abc-b27f-ea10104ac6af,21,2024-01-19,5901,84,1489.2420462701427,Facebook
ab5b8ae6-5ff9-4ac7-99ae-49ae706c2e7a,54,2024-01-31,5086,90,280.4830673576628,Facebook
a57548f4-e325-40c1-822b-ed11c57f0182,71,2024-01-02,6814,199,1217.2041599567858,Facebook
b3c29e84-8aa4-4e47-8722-0d4b27aa6876,66,2024-03-21,1833,200,130.10333605284467,Facebook
bf42b432-d550-4a39-a63c-850e32eea57f,72,2024-01-22,2134,167,1103.545923795341,Facebook
f49581cb-c720-4bf0-96c7-c4860cf224e1,46,2024-02-14,5256,86,928.1651035719316,Facebook
dbfff168-e4bb-43cf-a6cb-071184a966c4,20,2024-04-27,5045,145,1318.6739305924527,Facebook
6b55bd1c-0efd-4942-a812-7ca0cf623d22,32,2024-03-15,3930,113,753.2999340491755,Facebook
87fbc19a-50d7-46cb-b6dd-12bc92773658,12,2024-04-19,7100,76,1515.8048937222356,Facebook
afad549b-d517-4b0f-9b1f-4576c15be4cd,36,2024-03-10,1989,61,344.8444562682205,Facebook
81e2b5ef-b68d-491f-b459-f5bee1788e06,39,2024-02-22,1357,139,206.64445435616537,Facebook
1e5e8f58-a57b-4574-a137-e270925f0394,39,2024-01-22,4812,69,983.86706358018,Facebook
672ab179-34e5-4b9c-bc10-94ac7a35467b,75,2024-02-17,6066,168,1688.252861257119,Facebook
4eb05c9d-f7ca-4964-b852-a865e69b73d4,43,2024-02-07,2468,63,1676.26597557944,Facebook
29f3e564-b67d-4b8e-9106-0541030d168d,17,2024-04-23,5706,87,322.99135388031533,Facebook
55c2c289-c4c2-49d2-a2a1-374b7e5fda4e,35,2024-02-21,8453,125,204.76697223675055,Facebook
f7cdbf38-8952-4da5-9512-e20f38c1c930,71,2024-02-24,6615,91,664.3380082562923,Facebook
6bc0e6ca-1208-4bd9-8c79-63e0fc51f968,15,2024-03-11,9310,69,1502.6091227886186,Facebook
d8a66987-c9c6-4b5f-a31a-e651fcb3b03a,20,2024-02-01,4955,143,1980.9915815361817,Facebook
f7e016ee-ecc3-4f1c-a1bf-7cd0f1f3597c,60,2024-01-18,8303,187,1551.5443395936509,Facebook
d34dca54-36de-4ead-90dc-8009f5d2aa5f,14,2024-02-14,8209,102,157.2750119320738,Facebook
e8292842-b9ce-4733-9a7f-e4f7b773eebf,97,2024-02-21,8296,102,1035.7290812089802,Facebook
a54c71f7-7d94-44e6-abda-42b881660927,17,2024-04-10,8735,136,1555.18200658711,Facebook
6aa522d2-1534-4f8a-a505-a36f5a5562db,12,2024-02-17,5429,79,480.5193714791328,Facebook
fd5121ae-5a61-4d8a-82e0-e4a52a7dc380,75,2024-04-12,6841,71,1099.7583237500148,Facebook
a9ade6c5-21e5-480b-aaa3-870b930940af,77,2024-01-28,9886,64,722.909286144982,Facebook
ae3286e9-b3e9-41aa-b9cb-7b1c070aea5f,9,2024-01-10,1142,199,1773.7762409155089,Facebook
805faee1-18cb-455c-aad7-e32f4cdbc6d4,17,2024-04-04,1635,87,901.488007147618,Facebook
e14a4c78-b80e-4191-b5c7-c2cc8951f8ba,92,2024-03-14,3969,171,1438.9950141075751,Facebook
d28bdea4-f711-4c97-9e2b-eddca7216ac2,57,2024-03-06,9895,183,1956.5324940612788,Facebook
dbd9254c-c8fc-4344-956c-25257622223b,12,2024-02-15,9145,145,411.8659359461636,Facebook
712c8a89-a12e-47c6-8e67-184f196ccfc0,28,2024-02-08,2706,74,875.9627417870655,Facebook
c5bf3ce1-23c1-4b60-9d45-6a63fcc5a74b,88,2024-02-23,1282,183,751.6927877052273,Facebook
7cc699f2-daf6-4862-a8f8-01a647845777,46,2024-02-17,7001,147,1743.5830344715637,Facebook
66f094a0-2e5e-4b67-9ec3-eef14f1df590,90,2024-02-19,9825,110,1902.6750150691391,Facebook
1c05a70e-59ed-4d4e-8fd4-664ce5830dc1,24,2024-04-06,4324,62,1251.5434985575516,Facebook
bf47f3ac-f792-4408-9873-98bd8494f4cd,75,2024-04-06,9860,174,1860.7761102143636,Facebook
66378d67-5d30-4ddf-acba-5652efdb9422,23,2024-01-14,1160,107,1750.6201019294233,Facebook
bf85ca4b-2f45-4b6b-909f-cf9ce7d8594b,90,2024-04-07,2764,59,1113.5064145539927,Facebook
76382c81-1bf2-4493-bfc5-2634cdd53ac4,19,2024-01-26,6016,143,700.4808861161621,Facebook
a1ddb534-4b5f-49cf-8f38-b50f3617a0d5,45,2024-02-08,8589,179,1921.662378757547,Facebook
bcb12be2-95d3-4348-8aaa-513d9716d8b5,85,2024-03-12,2356,50,396.3819952709139,Facebook
93944c27-3760-4629-aa9c-e74d1d4e134c,18,2024-01-22,9463,105,817.2382001064121,Facebook
9a5f14ce-1a77-47be-9fec-7dd07409f99a,90,2024-03-22,3646,194,375.5341048974047,Facebook
65d0d8a1-ab4e-4340-b231-fabad9cf9b19,100,2024-02-17,1947,172,1161.350697712793,Facebook
077edf7a-8f3a-4395-932e-b8518510be7e,91,2024-02-27,2227,163,1743.511549039051,Facebook
21ebc675-e334-4805-a24a-e0f5359f02ff,74,2024-04-04,3252,57,211.28720564733743,Facebook
e2b3b922-d667-4bb7-8ce9-0ee11ca63f2b,15,2024-02-12,5957,67,1495.0844335000018,Facebook
42e8dee3-fe34-4dcf-97d5-64c9f86e831d,32,2024-03-24,7947,65,330.3437666522016,Facebook
deea9d19-5048-43c9-9230-d22d831105ac,62,2024-02-29,2817,184,200.7312954560552,Facebook
2182255a-4b7a-486b-aa8f-550628c3b524,94,2024-03-15,2275,179,1740.2804827970333,Facebook
2c9dcd72-c336-45ff-ba14-bbcd5fb0f46f,88,2024-04-24,2571,166,673.8622962940974,Facebook
14868acb-6e40-4bd8-b553-a373dec992d3,70,2024-03-18,6036,122,223.07531409133213,Facebook
b387f4b4-d626-462e-9782-ef189df60fd5,66,2024-03-08,9342,81,463.2702644414476,Facebook
ddf25e15-a6c7-4e52-a433-b410b04bf83a,52,2024-03-18,9088,122,1165.0418960975005,Facebook
4351aec8-059c-4813-aff8-8c306d4f8a48,33,2024-03-24,5356,114,799.1461274860864,Facebook
716fb88c-337f-4423-b9ab-f8a52014b363,100,2024-03-24,3061,151,507.0380277376595,Facebook
9e322052-ee81-4490-9f7e-83443774bd96,44,2024-01-20,1658,60,1189.6254656991175,Facebook
2c910075-e072-4cb3-bf54-d15b56e6dca3,93,2024-04-22,5986,145,986.760135697382,Facebook
9c844ba9-01cc-44fb-a163-5d33013bc8c0,30,2024-02-23,6880,117,1227.4992245032795,Facebook
e8d998fe-d8c1-49df-8d07-bdf2502284ee,96,2024-01-07,5609,200,661.4420689415495,Facebook
a3b55d93-983e-4c39-83c7-4a6ee50a8bef,75,2024-02-11,6554,148,905.972455554784,Facebook
72ffa80b-7454-4341-b943-e938a840d963,12,2024-02-13,4122,140,360.6822447698249,Facebook
405c5a1a-30b3-41d7-bbbb-119e64de55f5,9,2024-02-23,1993,147,1096.1413964177636,Facebook
e9f5cd86-cebc-4f57-a622-52c41a8936f7,59,2024-02-26,1556,151,1225.620597871042,Facebook
f7cab3a0-69d4-4675-9362-286a0046eb64,30,2024-02-01,2771,107,293.85115552958473,Facebook
fc2334b1-929d-410d-8304-eab1ebd11b3c,55,2024-04-09,4698,65,1864.9676302108635,Facebook
9b2bb63c-a88a-4f89-af7a-8c06f80f2990,79,2024-04-12,8320,92,224.79114407756003,Facebook
80b01e56-7d1d-4e62-a6d8-c212af78515d,7,2024-02-14,1548,141,1188.3514131873465,Facebook
7fe0e975-ac56-4868-b4d2-4c2c213f4863,62,2024-01-09,9058,165,192.8428726734208,Facebook
0c7e3f7d-deaf-4e97-add6-74685cf7ced3,45,2024-01-09,4750,94,1537.5198979999043,Facebook
351e2a03-cdf8-4316-a55e-3e2d0346b649,9,2024-01-04,9255,179,1636.4011903248906,Facebook
e7ce42c9-9a73-4f1d-9500-91afef852008,90,2024-04-20,8500,193,1694.3344047729522,Facebook
12c5b52c-b710-4b38-a586-78074b8eac0a,32,2024-03-14,3455,187,707.5242859967665,Facebook
84561f4a-1da4-4291-9d22-d28a928f0a35,38,2024-04-11,3402,59,1109.356350992059,Facebook
3f58ef15-fffd-43e5-9936-4318ecc9ef76,5,2024-04-19,7866,173,1510.7142558800776,Facebook
d73fb4fd-2ac0-4fcb-9b65-642ff49977ed,32,2024-03-22,2274,127,275.8782394278908,Facebook
083af420-faaf-4302-903d-48303a82b59c,43,2024-03-06,5227,174,224.12335743159804,Facebook
0fe340d7-0c2d-479d-9214-9c7c5c5bbc46,91,2024-04-10,7483,89,1377.0199970139072,Facebook
dd397961-4a9f-487c-8353-895b138ec79e,13,2024-04-04,9383,195,873.2604339541376,Facebook
0c32bee8-0e21-4b10-9f2d-0c387a1ebff4,68,2024-04-17,8802,88,1302.250680882842,Facebook
7f81d246-0dd9-4d2b-bb24-44feabcfc04d,95,2024-01-15,9173,86,434.80943256114386,Facebook
a0854211-eeb9-4a8c-b903-41372c6a8287,53,2024-03-08,6517,200,1586.7594233560874,Facebook
4f24608c-378d-4209-bc81-f61984853d87,41,2024-03-16,4322,101,1810.3092002621777,Facebook
08d7f7c6-ecf6-48ce-9165-0bc83be77f1e,46,2024-03-06,3499,128,965.5436147534206,Facebook
69b00ca3-6fed-4f38-94c5-006e0ba2cb16,26,2024-02-01,8116,85,1046.3031430419535,Facebook
6564b9c1-2714-4455-b63b-343bbcbca175,76,2024-02-29,1770,183,121.70932735355082,Facebook
bbba2a56-6055-4f40-9d9f-fd0c0f11e158,76,2024-01-11,2274,55,584.2649219178005,Facebook
1ef17da7-898f-49c1-b237-5bfd36d7d3a2,44,2024-02-13,9230,118,966.6269216493891,Facebook
d8f1a5c7-1eee-4767-b125-8fc29cf0590d,36,2024-01-07,7537,62,1146.342030075181,Facebook
63b08f39-4ed5-4a45-9e32-5b179bbbb7c3,34,2024-02-01,7682,140,668.0940731450119,Facebook
590a0f4d-90b6-4dba-89ee-6dbae9d7b9e3,65,2024-01-06,1727,141,1686.4169910961464,Facebook
f5788a32-d894-40d0-90cc-d3f82cc39260,53,2024-03-17,8730,173,1640.905134801075,Facebook
9d2b81cb-d56b-4df1-8dd9-a2e218823d49,38,2024-04-23,4871,81,230.4773926125448,Facebook
3a5821e0-522e-4197-a939-e9052a654a3e,91,2024-04-13,9478,82,1758.158213278554,Facebook
e884dfdb-ffb0-4474-b132-49786727c13a,45,2024-03-02,2922,195,568.1272291190833,Facebook
72b73539-cbee-4d07-a338-ee89437b38c0,39,2024-01-23,6894,127,187.62385447590847,Facebook
3795d855-08f0-46d4-b440-3fe3f9386afe,41,2024-03-25,9491,178,1137.3123687074435,Facebook
29c88ffe-4475-477b-82ae-37726cb66a7a,58,2024-01-31,3203,144,951.6021544036972,Facebook
5fd6dfb8-2985-4a80-8026-8cd680bb81fa,93,2024-03-13,6032,135,1240.0592681668677,Facebook
6e26bf30-5c97-4762-87a8-dcd82e604125,41,2024-04-19,8503,129,1611.6894588670425,Facebook
eead2580-176e-4c8b-9752-6e612ecf6c25,76,2024-01-30,9470,97,1941.812762526994,Facebook
3003dd14-ac14-41eb-8617-919f29b9857f,56,2024-03-27,7199,61,1005.8547289184976,Facebook
c5b96b2d-0487-429e-8965-506610f03820,78,2024-01-15,5949,51,139.18118622374612,Facebook
b3e04c79-04a8-4ad1-8201-ad094fcef848,88,2024-03-17,1082,165,1614.4525486651712,Facebook
e9c6036b-8214-4269-8df2-91b694d98541,93,2024-03-29,9161,177,614.0665735496818,Facebook
9669a261-ffdd-417c-9912-f31b4a4bde7f,90,2024-03-06,9397,150,662.0976815835191,Facebook
86b4cd02-0f23-4925-9872-f2a76f432f55,70,2024-04-13,6379,89,1942.0597068041109,Facebook
a9cb51ff-5223-461e-82f2-62b174d16165,8,2024-04-24,5349,70,423.5957998659493,Facebook
a75f984b-3a07-413a-9b80-14ce496cfaec,72,2024-03-02,4641,55,1180.6394126249115,Facebook
299140cb-e033-4e72-9b99-9248443dc436,4,2024-02-29,3044,169,658.3602587875009,Facebook
b8190517-7772-4af9-bb69-f239379490c4,17,2024-03-06,5624,130,141.96230088455306,Facebook
0b6301cd-0871-4c9a-9f77-3f49518cf05b,76,2024-02-02,2217,64,1420.6869303034653,Facebook
f9ec90fd-e629-4863-9182-b820d3a8d774,14,2024-04-07,9462,197,637.8895191653954,Facebook
b3e07a56-cbbe-4031-9c48-91a7affddb0c,1,2024-01-08,4127,197,345.8556579590718,Facebook
643e8e6c-60d0-4ba1-b60a-fe23dd5462d0,67,2024-01-03,1885,184,1148.3478067109395,Facebook
7c5cf1c6-9095-4f28-a4d5-f945e13cf486,41,2024-02-05,6416,54,138.58471134801005,Facebook
03644c32-9502-40a0-a635-0a512d360887,28,2024-03-18,2148,80,1796.1689002179676,Facebook
bb8f85f5-fd21-445e-958e-358b6f3db885,97,2024-01-11,7537,125,1175.0368621311932,Facebook
91fc3d79-36ed-42a8-b299-77f80a107d69,81,2024-03-29,7285,104,1921.955020838124,Facebook
fa2aefac-3557-446a-a000-b33f5a102e5a,54,2024-03-26,2188,51,334.94049794844904,Facebook
56384eb4-6a1b-41c5-b4e3-b056ce849bd4,12,2024-01-28,1485,61,1028.9138894915595,Facebook
8007a10d-dc49-424c-831e-c312ff591a46,75,2024-04-11,2333,85,888.0894366773657,Facebook
fcd40226-d17e-42a4-b839-f1cad5780b48,75,2024-02-02,7957,113,1673.52206899998,Facebook
ce9dddae-537c-4db1-a82f-d531a3cc71ed,89,2024-01-10,5176,195,547.0874501704263,Facebook
a9f31de7-9b07-426f-821a-cdc6d7f59480,62,2024-04-29,6254,154,1724.7481269110372,Facebook
f6396cce-cf05-4db1-b1ae-03606941c9bd,41,2024-04-09,7771,91,1112.8313837114883,Facebook
765edec6-36ae-4eef-a52d-46491879e4f4,14,2024-04-23,2314,178,1571.2158670302638,Facebook
70375386-bbc5-4265-ab01-c81d9341a7d8,54,2024-03-21,6204,97,1207.2599477558665,Facebook
21d95077-67cc-4398-b4ee-c41a314d3192,38,2024-04-02,8709,89,1648.926334757634,Facebook
ddf0ddc8-dd54-4ea0-9dde-33e52e0e1a1b,75,2024-04-25,3387,82,415.902099979916,Facebook
605fa6bd-07f9-4013-9181-b3e01e256270,8,2024-04-11,8212,119,502.1025080716895,Facebook
3f745a2c-439f-417a-a3d9-98d108c6d545,9,2024-04-02,4824,105,306.86565303372606,Facebook
30ae884f-16b7-479d-8dfb-168181db61f2,30,2024-04-27,7923,131,648.4305834554249,Facebook
bb44bdec-2cf0-4afb-a75f-6b6f477ed837,14,2024-03-30,6013,81,1897.9788337183109,Facebook
fa363500-187d-44aa-8abc-0351421bb51a,10,2024-02-08,8004,151,718.9419894377793,Facebook
8d142f6b-251d-46f7-95e3-869dd7b4d041,19,2024-03-16,6289,188,744.9095061149441,Facebook
6bb975ed-f87f-452a-9840-3233dbb6d96e,87,2024-01-10,3553,132,1059.3940694353491,Facebook
dd56dcf6-99b3-47dd-8ce4-7354c1e0f984,38,2024-03-11,2139,65,213.6806204852912,Facebook
f06f67ca-71e9-47e9-845a-e651f82a766b,74,2024-03-18,3129,168,1384.2316657011067,Facebook
a2d99859-d150-4ee5-907d-1239878fd087,98,2024-04-28,6019,124,501.02495636700024,Facebook
277c1d6a-7559-4391-8412-e0ac4cae5608,36,2024-01-19,5455,68,276.29683215745973,Facebook
9095399b-2e3e-4ef9-b387-7e6cb4a56f34,2,2024-04-15,1336,168,1878.273022304507,Facebook
5cba9172-236d-4550-b0f0-dd2a5665c82a,26,2024-03-30,8932,67,1504.9216227610375,Facebook
bea9be3c-a059-4254-87c9-58d747ba85f9,74,2024-01-10,3919,108,1875.5230220252763,Facebook
6e65a99a-852f-4c2e-aa3a-201d913fbbde,24,2024-04-01,2956,189,1692.261542396331,Facebook
6f352ca0-fb2e-4031-b0c5-c81737dc46d1,68,2024-04-11,2687,84,1708.8530654749604,Facebook
d2c3d7fc-b998-45e2-a034-60eea59e7301,15,2024-03-06,4319,96,846.3530006004964,Facebook
8793a1a6-960f-434f-98e7-c8ac68a8719e,63,2024-01-04,2693,54,1753.2213435732542,Facebook
5a0bdfbe-6d8c-4e3c-85a2-f0a7619e0456,18,2024-02-27,1099,92,1723.9587370283,Facebook
01a0f276-3717-4f35-b972-7691597ca8d6,22,2024-03-08,7647,150,372.69431692761856,Facebook
e54a40b0-6378-470c-a48b-19033e3ef7fb,9,2024-04-21,1765,184,1901.699492035005,Facebook
f7ae0935-2d72-457e-b0ee-74afc085d522,16,2024-04-10,4159,186,1159.771646515342,Facebook
179b7c90-19a7-486e-a310-935a11380fc6,94,2024-03-13,5875,64,578.6340494822336,Facebook
e9dac98b-d413-45d1-b864-ffa1ec91608a,10,2024-02-18,4959,64,479.59196534285246,Facebook
219c10e4-6fc6-4c87-910d-54794f495a9c,12,2024-04-05,5961,86,1158.6464674165225,Facebook
414e7b9e-2a51-48d7-ac61-0a33b55f8646,38,2024-03-24,4249,110,1630.7746608511916,Facebook
b44212e1-dbb0-4b04-b3c2-53223953788d,43,2024-01-18,7307,139,996.1841087231622,Facebook
2d5604c3-3cb8-4cd8-8779-e1c344061df0,57,2024-02-03,9100,51,672.3896683106893,Facebook
1183c8d7-45d0-4113-ae2d-ce928cfb48ec,89,2024-04-29,6487,156,1164.5504615205416,Facebook
10857c7d-095d-482c-a6a3-d1a8f6eefccd,56,2024-02-20,1233,103,1726.735586417164,Facebook
4173bf15-9cf1-404a-9fa9-1844ce870b73,29,2024-01-20,5446,161,1903.4477193305056,Facebook
1f9b25bf-4b7b-4886-8564-03ccfd7d2a04,15,2024-02-10,2674,118,297.6868563151661,Facebook
134e7d3d-7d5c-4e41-b5a4-43dc992d2c0f,8,2024-04-08,1005,59,1719.364317414862,Facebook
bd3768d8-bb6f-4e0f-a7bd-fffdc4d1ef83,93,2024-03-17,5668,104,1302.6125676035122,Facebook
106376ca-709c-415b-89f5-da0768c995a7,46,2024-03-14,1796,145,634.62415572108,Facebook
b6ca0bca-bdf4-44a3-9ffb-5a52ad31387f,16,2024-03-19,7335,85,1100.557969600074,Facebook
44e91de0-ad7d-4457-a064-b8f292a55859,74,2024-01-31,1011,166,1178.6688942087208,Facebook
c380b828-2edd-4d76-828e-70dd597bcf69,33,2024-02-14,2843,71,737.5118806983703,Facebook
5e676ea0-1d35-4f80-a959-cb1bf5e25294,60,2024-02-24,2181,147,1773.4715175300632,Facebook
96d1b6a2-c3a3-4de2-a223-e629f881d2e0,72,2024-01-18,2437,69,471.20870540539966,Facebook
9b9b05aa-5c0a-4359-8c82-0846e8e5b6f4,13,2024-01-16,5010,96,1232.4384126742732,Facebook
6cb6fc93-6b0f-494c-87ff-61d2b7f41870,13,2024-03-29,6696,63,522.4194596741181,Facebook
4e1f470f-07c2-4dbc-b1e7-5419f98453ee,99,2024-01-03,9238,126,1670.633388853115,Facebook
c1cbb4f1-8ad4-4809-921a-4c71c8f89620,83,2024-04-09,1875,123,722.023799973474,Facebook
05095dfa-bb30-45d1-a47e-3456c5aca61c,99,2024-03-17,9922,91,946.867879441412,Facebook
6f49ba7d-6409-4e87-a1f1-0f2b380dc78b,30,2024-02-18,5562,173,1262.0756825996086,Facebook
bff0ceb6-c73e-49cd-993a-b3d19710b286,89,2024-04-09,1801,167,1569.5654357468106,Facebook
aab571d3-2822-4129-9c2c-94006fd5a33c,25,2024-02-03,7409,83,925.1124440086668,Facebook
1bbe6cff-320b-4d73-be27-e33d0260c293,31,2024-01-22,5658,107,1426.2889094104723,Facebook
81d62754-f29d-4700-8520-1ebaba6c9611,27,2024-04-23,8095,74,1821.8349967113784,Facebook
82786424-9f08-461c-a07d-0881562b89e8,17,2024-04-12,6271,162,971.016727551417,Facebook
75e45ce5-d951-4e3d-a3ed-9efda9b1e952,78,2024-03-15,3597,158,394.0604314914116,Facebook
7e05fcd5-c25e-4e65-960e-ee8ded9c7168,47,2024-01-11,1456,95,983.902020877681,Facebook
35896f6f-f7b4-4960-945f-8d1ae459d48a,66,2024-02-23,8115,55,952.3305358876628,Facebook
0f2db85a-3c1e-4146-8296-b511697cf560,53,2024-01-31,7442,64,1124.219233316192,Facebook
17e6346c-ad49-460e-a9de-3c6196820477,16,2024-02-23,2161,187,1559.5791341608513,Facebook
7f21aa8c-c6a9-45b6-8ef7-318788850b91,55,2024-03-07,2172,187,1548.3318558658837,Facebook
16f6014b-f173-45b1-a215-94a0117d71c6,30,2024-02-27,5893,62,1766.704339288291,Facebook
89af704d-f640-4e89-ad2b-6878c7041d63,34,2024-03-09,2270,146,496.03568422436985,Facebook
6d1f40bf-f1f1-4b96-8e2c-fdc373a770bf,70,2024-04-18,8038,73,921.8997446038272,Facebook
16ce6792-83a8-4759-80ae-bc7faa16e3e8,100,2024-04-26,6301,81,567.4485055169139,Facebook
3b599cd9-50ad-4991-871f-d6848f07d52f,92,2024-03-30,3974,169,1400.8673276894865,Facebook
0df804aa-9c48-4c80-b464-9e6963be35fd,24,2024-04-10,2302,57,1046.9296784525636,Facebook
c32c31af-e0ac-4834-b391-cb0cc54e4924,100,2024-03-25,8903,177,892.5948185834939,Facebook
bb103144-358c-4ace-87bb-f8a8512db984,19,2024-01-12,1717,107,106.5471175091675,Facebook
842d279e-e26c-4862-a9e0-80677dcebb14,88,2024-04-26,6390,138,344.15728487517094,Facebook
90dc4edb-1f6f-419a-acbb-1ac895dd475a,3,2024-02-07,6919,179,590.2092465943556,Facebook
bd326e54-aedc-4be3-93ff-c380121ef35a,85,2024-04-25,7924,150,249.1658538162635,Facebook
0f68505c-cf26-431b-88c5-6f1667a4a3f8,9,2024-03-28,2763,87,909.1251017688965,Facebook
19cb4431-6ed8-4d09-8c34-a68fb39d1b6a,60,2024-04-22,5259,68,1352.0500009945893,Facebook
fa4642cc-ef8d-4c67-849f-0ac11188178a,40,2024-03-18,8483,175,1175.1879138759148,Facebook
0dd2819a-46ec-4036-860a-e9ca8c63b131,78,2024-04-02,1648,157,667.7918812470458,Facebook
254a4c37-1522-462b-91c6-dc1c70d7223e,73,2024-01-09,3018,51,218.62890027846316,Facebook
4e28b28a-010e-452a-8de2-d15d17546de1,43,2024-03-30,2335,174,831.0814604143737,Facebook
c858b4ad-e52c-4498-b5c8-09da59efabfe,58,2024-04-21,9138,82,805.1342984505175,Facebook
defcb837-9893-404c-899e-472266c1f3a4,61,2024-01-23,4041,196,210.21721613408005,Facebook
216a5ade-f05c-4d2a-bf48-333ba450737d,12,2024-01-12,8934,90,1557.5268931492528,Facebook
bb5b22c8-d0db-42a1-bfcf-954c39463dea,89,2024-02-16,1306,53,566.9320677055005,Facebook
f03a00db-32c2-4104-a798-57d75da12e80,87,2024-02-10,9919,107,778.9068776140602,Facebook
68c2edd3-6577-4996-9f9b-a7998531cc15,78,2024-04-05,1542,60,129.1311742757418,Facebook
05bf995b-105d-4de4-9e55-2bb3c8c9e1ed,53,2024-03-29,5016,173,885.1850401539189,Facebook
3895cdd1-2671-43fd-8b79-e99f6a09881f,81,2024-02-03,2983,109,830.3105148702592,Facebook
35de5ba3-cf3d-4b24-8c88-d7b0d585878e,80,2024-01-13,9410,166,1721.3263493741383,Facebook
0658c8a0-8d14-4d5c-96f7-568befbcd7b3,85,2024-04-18,5858,77,131.29170046327727,Facebook
02a4cfc1-ea3e-435d-ae5e-4a257e002de8,15,2024-03-29,2788,65,1440.7193976161282,Facebook
9be2b798-62ff-456c-93eb-eaaaa6f7f274,25,2024-01-28,3445,180,1740.4126855697757,Facebook
fccb0299-f702-42a3-a52a-2ee378b746a2,69,2024-03-07,7920,152,601.2028195359405,Facebook
6b67cc2a-3199-4475-a8e4-cf65b427545a,20,2024-03-06,9134,120,1118.8849932166736,Facebook
28e3785f-4221-43de-955b-607a83a0048c,20,2024-01-31,5779,187,597.2530154672979,Facebook
1ac205b4-6b77-4147-9504-8e2b84b9fe74,71,2024-02-12,8093,168,1497.297256535967,Facebook
b8114175-5b3c-42f3-9baf-903f196d1fd9,89,2024-01-07,9382,124,155.0344486310506,Facebook
e2d2e48e-2443-4717-b135-462dc4d66d3e,16,2024-04-22,9814,98,1062.459072329562,Facebook
5c635669-9d15-418f-9e71-4e57a9da5036,53,2024-02-01,3193,166,1745.0680962839065,Facebook
1d75777c-7860-4436-926d-2f0870945555,90,2024-01-16,5600,109,1621.635254856537,Facebook
18cd29e1-9df6-40fa-824b-82ad81ecd1c0,86,2024-04-16,5206,183,1582.4797893754242,Facebook
31be9fe3-4a9a-4d2e-a772-5dc602a25662,100,2024-04-11,2947,132,227.7567673083616,Facebook
dc92bb14-2fd7-4a41-8ee0-83cf14d741e0,44,2024-01-24,2023,139,1051.267972659295,Facebook
ff269839-c1aa-423b-a081-48fbd7434d01,46,2024-02-14,8436,124,1629.3957421027094,Facebook
ac34f449-f34e-43aa-9b0d-2e7b4ee50aa7,13,2024-02-29,2108,168,301.216401362955,Facebook
4c329979-6774-42f3-9f8b-401b4d29bc02,29,2024-03-13,9538,149,825.0532358411425,Facebook
0b05f55a-f2a8-4dc1-b47c-852edb93ccb0,66,2024-01-28,7457,104,1129.2673666574915,Facebook
717c1000-4972-42fd-952c-f82b96a9ac18,76,2024-04-14,3515,183,1672.007381155591,Facebook
089314ce-b4ad-4e13-805b-944ed4a091a0,1,2024-03-23,7665,130,1044.566901612864,Facebook
622869f4-5bc8-4fef-b2da-0636dba92e00,39,2024-02-12,8806,67,1335.2679758856077,Facebook
a60412ba-906a-41b3-b62c-924e3d46295d,92,2024-02-11,1821,74,788.7853183590736,Facebook
8ed396a8-ec34-46ef-a105-f1fcfd40ef94,63,2024-04-08,1979,174,842.0473745931042,Facebook
249194c8-5d5d-4f25-9ef1-2b3c2afd1596,17,2024-04-04,9479,115,1452.5096432649334,Facebook
bf804b0d-34bb-45c5-881c-ebc82733eb29,68,2024-02-16,3763,75,452.6897739006503,Facebook
bf0951b7-dfe8-4bcd-a9dd-a56b8f83153a,7,2024-01-06,8131,75,902.5111298675712,Facebook
4947e6b2-b72d-4def-b36e-ba59f49205a2,35,2024-02-08,8083,66,1236.6695836765375,Facebook
44db78ed-1e38-4f24-a985-19040e6064fa,13,2024-01-23,5627,89,1184.1443562677716,Facebook
609838f6-7783-423d-85ba-2de79ebbb6c9,3,2024-01-21,4435,174,385.164383672838,Facebook
69962c57-2318-4246-ac7e-78a9bcfbdcdd,96,2024-02-13,2214,171,319.02271966391186,Facebook
6e9ca82f-0288-4962-b4bc-fc626c70fe9e,66,2024-04-23,7567,168,504.3502383110274,Facebook
93ff7cc2-af55-4f57-ae89-072182cf1d93,13,2024-02-06,7496,127,1771.1667396359646,Facebook
6091d039-4072-4c90-8ba3-8c407e539b62,50,2024-02-02,1884,151,733.3548574256769,Facebook
01d951b3-2149-4eed-b9fa-4dd652698572,54,2024-04-28,3399,107,177.68695665356063,Facebook
27dc9aed-a1c4-4daf-aadf-a33e4a0740b9,54,2024-02-27,2238,145,315.61906969772895,Facebook
9b627710-6b4c-4bdc-a8e2-93174fe65970,76,2024-01-21,9478,144,1120.3589453285772,Facebook
42944d22-a79b-4409-93d2-50e8690fed1f,94,2024-03-30,1786,63,481.549561382303,Facebook
ec570755-edb5-413d-bb5a-7705f19d8c15,51,2024-01-22,4524,89,312.65475316083246,Facebook
7fe9688c-38f4-4077-934b-e4c83ed17158,7,2024-01-05,1945,107,1248.0095558119492,Facebook
6cdce138-0674-4499-b534-37c0ad3369a3,55,2024-02-10,5995,149,1528.6141760304658,Facebook
9c49a06c-e321-41e2-84bb-d89531406a1a,47,2024-03-08,1561,176,1274.8380732797473,Facebook
20ab9a25-e1e5-494e-a73e-b9ab94bc5cb6,20,2024-01-08,7738,164,123.4035044960332,Facebook
991fc781-e4f7-44a7-962b-d1f2c4f8ab49,34,2024-01-28,8070,73,493.2025260502447,Facebook
a4629938-6dc7-4ee7-9dc9-6165fa22f390,97,2024-01-16,6130,63,177.09280069037015,Facebook
dc14be22-d2f2-456b-b6c4-a6c24f78d4b5,95,2024-03-05,9328,65,1899.588897281123,Facebook
6ce61c2f-764c-429c-a25a-4d0400f54caa,4,2024-01-04,8817,177,1389.7778743335175,Facebook
cf4db61c-1e1d-47ab-87b7-8efa745baeb6,96,2024-01-06,1728,84,1772.7184100181169,Facebook
60595aa5-8305-49cc-b2b2-8cfac0cb9bf2,84,2024-01-08,1415,104,324.6466844802486,Facebook
a1568c0a-56b7-4962-9188-2e34d83bc080,71,2024-04-20,2197,54,1464.0792282035936,Facebook
a5a92c22-e862-4f4e-ad26-1c5e60e4dea8,50,2024-02-10,9892,91,1476.9836992073542,Facebook
83af6acb-4d34-4d4f-b90f-fefc77b81141,67,2024-02-21,8776,146,1303.3028484465096,Facebook
350c673e-0269-414a-86a9-796951469679,82,2024-03-06,1940,155,868.9668465777441,Facebook
bec1e439-981e-430c-9b06-65caad926bcb,17,2024-03-09,3632,172,1317.2810832033017,Facebook
3e33a24f-19d8-405d-b247-ae88737d4211,13,2024-04-20,1817,73,1309.1778550016925,Facebook
d00f6798-b29b-4058-a9a1-2811cdce4b56,92,2024-01-06,3710,52,211.9403634420632,Facebook
edb8b871-f0af-4c55-a24d-f246dc854f09,54,2024-04-08,2177,73,1330.904992096319,Facebook
08b850b9-fd47-4b52-82a0-51e55e36684c,20,2024-03-17,2635,184,1177.1318293282634,Facebook
3b1b9fc3-e520-4646-b9d6-51afc5627bfe,34,2024-01-16,7244,160,181.2083269501536,Facebook
b60b5267-a89c-4667-957f-c04b419750a6,91,2024-01-11,1510,66,1857.2127658238855,Facebook
ed41e2fa-c522-4e9d-ba49-94f8a653fe63,53,2024-01-27,5406,109,1858.0160715140516,Facebook
eb83f04c-b37c-4436-904a-be33c3cad266,43,2024-04-19,1850,161,1128.8963240815665,Facebook
fed7323e-d7d2-4e04-bc16-31165768c5e0,65,2024-03-01,1443,70,1976.9689572866432,Facebook
e3cc8ed3-a70f-4ab7-83fa-9fbe4d2c6e38,59,2024-03-18,3031,126,1896.0802328468633,Facebook
0efdecf5-3b1f-4997-bba8-e811d1962038,31,2024-02-11,6900,57,426.157742356105,Facebook
f5257bc9-9cbb-49d9-b4c2-236af7bd9f91,90,2024-02-24,5087,142,1794.0142868783273,Facebook
db6b2595-9e79-44a4-b8a7-cada882ad688,78,2024-02-23,6954,91,1834.4874188548836,Facebook
6b5bfe58-240f-4f36-87e8-720763070f5e,34,2024-03-30,5712,54,989.0050030577016,Facebook
f2c2a8f4-def7-4dd8-8b9d-be579e4dcfe9,69,2024-01-19,4639,55,1625.440452824559,Facebook
5bd689ca-dbc1-4182-8ccd-3ac55f46eaab,11,2024-02-27,4930,86,1347.115349397789,Facebook
12c014a8-673d-4fab-a074-7f375f296998,21,2024-02-06,4728,137,1169.7850379834786,Facebook
6bc7ac80-7fe4-4185-8cb5-ec9a727560c4,42,2024-04-24,7395,155,1995.8212306562552,Facebook
91c984e9-505f-4aee-9b81-840d0acb93f0,92,2024-02-04,1169,123,457.2979615723847,Facebook
220f4977-a55c-4b00-b3e3-b23b74161374,64,2024-04-05,2920,67,794.5017356129425,Facebook
ced22a13-8d50-4bbd-bb3e-891e3dc42e01,80,2024-03-20,8128,175,189.64374140758432,Facebook
a4e56149-d114-402f-adc2-f79591e1659a,78,2024-02-17,6176,110,698.1478832359759,Facebook
340a6037-a082-4f4d-959d-20deaaabfdbc,46,2024-04-17,8533,154,1262.8115785344708,Facebook
79a66404-670c-4bf7-a21b-07d46f581ad2,89,2024-02-04,7220,197,1859.002801752822,Facebook
420af811-540f-45b2-a064-3057bb669c6f,98,2024-02-20,7179,64,270.3786483245943,Facebook
c2de023b-195a-47b3-a6c2-1fc16ccbe90c,15,2024-01-13,7262,169,179.26841956675736,Facebook
089dd1b9-8045-424c-9a0b-7ef37d7df433,39,2024-01-20,5848,129,1284.4588293586562,Facebook
86a4df3c-b4e0-4dc5-a108-3ca8fe8a1a54,68,2024-04-19,9603,181,1598.5253990896997,Facebook
7ff58895-3909-4307-ad29-e2a88ed0c018,11,2024-03-24,4081,120,119.01632859436252,Facebook
5992b1fa-57bb-4f65-a076-d5326a35ca4b,39,2024-04-26,1873,59,1722.0054217982708,Facebook
38a0384d-214b-4ee2-92da-423182787381,13,2024-04-17,8383,115,522.2661284088385,Facebook
83df1389-3fee-457f-a8c2-65a1dcf7945e,66,2024-01-25,7375,196,389.6224250337482,Facebook
234441b0-c368-4624-916f-7d836120d483,98,2024-03-24,8999,153,699.4838675225354,Facebook
a8fe917c-ba00-40b0-be4e-28b2580e4d2e,32,2024-03-23,9248,189,335.6887784735286,Facebook
b97a7f6d-c6de-4bfe-ac8c-2d11ecd006b9,89,2024-03-26,5823,87,924.5082294810566,Facebook
88d04738-beeb-4038-9b2c-41b4a5051318,43,2024-04-14,5624,199,1777.5235109238597,Facebook
8d1aea74-52d6-4947-aba5-42a7095c4d07,41,2024-03-30,1561,187,829.190631522165,Facebook
7e5e6ff7-0ef8-42da-8a40-3300e71e9865,40,2024-02-19,9463,186,688.112611537868,Facebook
ae5a3e1b-06f1-4e71-99d8-318ee1df90d9,59,2024-03-18,9675,138,1677.674526548499,Facebook
58305523-06c7-4cf6-83f4-39c3eee8afb3,79,2024-04-12,8533,197,337.0154094248238,Facebook
9228d3f0-3d44-43ee-93d6-d73af9902f61,83,2024-01-14,8702,181,951.6401148422392,Facebook
047f1a37-7fe2-491e-a8c6-eff087158415,16,2024-03-10,3348,71,1535.8610543034065,Facebook
7f18997e-3b64-4ddd-aac4-0a38989cd672,98,2024-03-02,2084,61,449.10795602003486,Facebook
3cb79c40-9733-4e34-bcf0-8712170a2b93,48,2024-01-06,9778,68,1903.3616200213191,Facebook
c83a2f16-667a-4728-81a8-ba32d061693e,88,2024-04-19,4967,110,259.4392733122146,Facebook
777afdcc-33b7-4a44-b4a5-0dffe85e4a26,33,2024-03-20,3040,163,1536.2753165528893,Facebook
7a101ced-a098-4a58-bf35-1ca362b35af4,54,2024-01-21,8953,68,1823.5885400453703,Facebook
467cc2d4-eea9-4c88-bd79-4bfa5758b68f,64,2024-03-23,3768,151,1592.1772941659915,Facebook
6ee8bf5f-ef95-4c10-ba53-c6b0ab69d22c,88,2024-03-16,1358,115,213.28982159925712,Facebook
07ee1ab2-0f24-48b8-990b-0df9f6265952,100,2024-01-05,2768,107,665.6760795837289,Facebook
002955a7-61d9-4f14-9297-cffb3a1847c6,40,2024-03-03,9509,90,1161.1789883860313,Facebook
e4318ee9-d09f-46b1-ae2e-73aaa3b241f9,68,2024-04-10,9332,142,205.9094643934886,Facebook
51d3307e-e585-4d00-b5fb-39f31ffaeafb,64,2024-01-14,7807,163,470.0787069280552,Facebook
26d38791-1c8f-44e1-ae50-e3a8a18cf0fd,85,2024-04-19,2061,59,1144.204964487142,Facebook
9b1594fd-1b72-4115-b4fa-3dcb988b1e20,44,2024-04-20,7027,80,1797.6749141164632,Facebook
a6e6eb6e-437a-40d6-916b-30ac01604a04,72,2024-01-06,9061,178,844.6714386030968,Facebook
80b82af2-ae5c-47ba-bbaa-84651febd90d,89,2024-01-18,7604,140,1141.3039344481822,Facebook
bb0bcd58-87e1-485f-b721-2d8ac9ddbdd1,38,2024-01-21,6733,168,1735.5178942114633,Facebook
21cfb63b-2a2d-4c85-8ba5-2e78562c9614,9,2024-01-20,9690,92,230.570378326666,Facebook
274fa134-6822-4055-8d2b-4878ca59c21a,51,2024-01-09,4112,127,1200.471306256458,Facebook
8e2ee7e2-a2f4-4a8c-aa21-e52f3bb5eeda,59,2024-02-15,5059,125,810.1896587568425,Facebook
eab9d823-1f1a-4dd5-a46e-ae1272a8ea26,28,2024-02-14,7221,63,148.26067703856415,Facebook
65d54c44-eb3b-4a26-b5d6-de13ef1e42e3,95,2024-03-18,1100,76,1153.444725017276,Facebook
32fe0d19-35fb-431c-bbe8-4c38ac247591,40,2024-01-30,7862,64,421.741599992351,Facebook
2c645fe7-2d21-43b8-96cb-4595057020d0,85,2024-01-30,9413,131,1809.39925011066,Facebook
2cc46d63-1aad-477e-8fcf-1a81bcb3df54,87,2024-04-26,7336,88,901.3203797602996,Facebook
2576d124-e7d3-4ab8-acdd-b98b1aaaaee5,61,2024-02-11,9730,151,1216.218979775526,Facebook
73e5ff42-9a67-4ca5-88bc-b8afc15132a3,29,2024-02-29,6452,170,1748.828474611801,Facebook
a2d175ba-1afb-447f-b312-1e8beb5eefd7,20,2024-03-23,3328,127,990.3315069024824,Facebook
79670a3e-ec10-439b-bfd3-4d94414987d8,34,2024-02-07,7660,88,298.9832454494132,Facebook
3fe04b9d-3d03-4513-a461-0f0b39a3f05a,21,2024-03-30,6039,157,1867.949368766477,Facebook
facbc70f-3e1d-4e0d-90da-1f6ebd95ac1f,42,2024-01-28,3498,188,1665.3690040080005,Facebook
ab9d1232-57e9-4e6f-9097-35e706aec913,17,2024-03-02,8820,123,132.2024391573962,Facebook
933b9781-6992-4f73-84ce-b451477f76fa,49,2024-04-02,6272,153,1784.636803923166,Facebook
f367e8b0-6cc0-4180-b769-b4c684fc3c1b,63,2024-02-01,1283,50,359.6499094188978,Facebook
4862e4b1-c908-4a1a-b4d4-78628c3c4220,5,2024-04-17,3109,166,1516.4486085728363,Facebook
75d917c3-bfb6-45bb-9315-e19c9ccbc925,45,2024-02-02,3270,160,1961.4881310137291,Facebook
ac195435-8c54-4549-895a-7f0900074882,98,2024-03-03,1496,75,490.58856851115127,Facebook
3f30ae38-f7e3-451b-8b10-4b62a78b301e,89,2024-02-02,8644,56,697.3429043737502,Facebook
c1f82c8c-ef23-4701-b322-e0d09b2ea11f,3,2024-04-29,2216,118,1814.9527333343472,Facebook
06bba4a6-3b41-4ded-9e9c-328ada7c97ae,59,2024-01-10,6970,168,1921.4705643077168,Facebook
0b4d77ad-4adf-42e3-8b2f-3827689c6c41,47,2024-03-30,1922,123,1406.6899120537478,Facebook
e18a07bc-e81f-4e61-8097-75c0d74bfb52,6,2024-04-08,9033,67,1920.907614487589,Facebook
1bc07168-0002-4a2c-82d1-a26f965c135b,52,2024-04-06,6561,97,1719.0490650900697,Facebook
65ce912c-e81e-4b52-8e1f-e9ec8bb1566c,26,2024-04-25,5972,111,945.2910988819194,Facebook
a8da62a6-68ce-4b51-b284-4091373959aa,19,2024-01-01,1796,138,708.0453127423715,Facebook
e9ea47cb-3e48-4133-91ac-95807a4dd786,75,2024-03-07,4245,128,1802.9411708064708,Facebook
2313d2ef-91a5-4680-93b7-da3e9bc0c608,51,2024-04-16,6966,114,303.9055480389295,Facebook
c0c7267c-f40a-463f-b33e-0febfc7c4a94,6,2024-02-22,1071,166,1500.789059783382,Facebook
916ddbcb-e561-41d8-95ee-b85376b29b7c,79,2024-02-29,3414,182,1722.9519318299258,Facebook
7b59c20f-2ac5-4fd5-9e50-262f22f2cbee,91,2024-02-03,7333,184,1055.6475169319945,Facebook
3c2b5fdf-f44a-44d6-b53e-83c94bacb5b4,48,2024-02-20,9019,200,289.89629089112793,Facebook
4ae164f2-76f4-4343-b025-dfb3ecfbfc7e,75,2024-02-12,5137,191,873.4206177953916,Facebook
236236f8-0026-49bb-984e-045ca9f50261,17,2024-04-20,6295,131,1986.8492789513605,Facebook
9d887fc6-23a1-425c-a8af-742f3f9c2c23,92,2024-01-27,6437,181,1761.295750241016,Facebook
0e5557a1-5ca1-4028-9528-41b35401a453,89,2024-01-08,7451,126,301.59922384531694,Facebook
b140bd01-5824-4d64-92c4-1c28d2722b96,61,2024-01-22,9751,75,380.29129988564154,Facebook
99f76759-9f42-4325-bb4b-a1afebf631ad,70,2024-04-14,8178,186,1864.54739325328,Facebook
282a78b3-5552-401f-a193-3011c00cfe9a,17,2024-02-20,4314,191,1349.7269303197015,Facebook
36ac4a9c-c53e-418f-a398-7e0eba6b2ea5,78,2024-04-08,9761,123,1794.5273940132606,Facebook
b268bdb2-c050-472a-b973-ed9da1913fd9,71,2024-01-22,3258,127,139.62005945190538,Facebook
56d5a533-c3ea-4451-90cf-32bc19a9fc9b,6,2024-02-16,7381,104,1219.1379319582743,Facebook
3ecdfb8c-b238-42f6-a7ec-c6ae243a8a58,36,2024-03-05,3965,85,1546.5733166249604,Facebook
ad508939-1e4b-4ce0-b534-fc7fa5042b7d,12,2024-02-28,5121,157,1006.5815961256868,Facebook
878864b0-8283-4916-a140-471b33b20c11,37,2024-04-01,5624,52,548.3598860497152,Facebook
371911d3-a526-4855-be04-7a5dd018170a,96,2024-01-07,8046,131,1871.597009275692,Facebook
90c5a518-5369-4986-9957-6a55d8365e22,19,2024-02-22,2800,135,1960.239815809408,Facebook
20636a3f-14d9-426b-aa53-753f3c471ea8,11,2024-03-15,8988,103,1018.8191069270194,Facebook
1d4f8432-f081-4b36-81f2-aec1bf85591f,31,2024-04-16,8593,160,617.8349483352812,Facebook
77d7fc63-16ac-446a-8d5f-1332aa84d650,38,2024-02-06,5443,135,1258.159723981632,Facebook
03bde361-cbdd-472a-b11c-d89bc28de3bc,69,2024-04-04,7249,157,1095.302978421879,Facebook
94174279-2c8a-4b87-be0f-8bc066ed6937,95,2024-04-14,8396,197,1060.6155298593285,Facebook
e5204a4e-6453-473b-ab17-cc61ae29eb59,37,2024-04-16,3026,127,1204.1671950070026,Facebook
0be06c0a-c30a-4a4e-9217-dc3ff4f27eba,66,2024-03-14,1478,122,494.6848035516092,Facebook
220a45b1-ed8c-4ed9-9a6c-687603f1f461,64,2024-01-29,7003,119,1638.4454071390633,Facebook
e118aaa9-f716-4e02-a7ca-2038855fce02,22,2024-01-07,6367,188,1069.6718349924931,Facebook
41aa5875-f237-4b3b-8c44-6c96962e2342,86,2024-01-12,6052,59,1033.3055055491343,Facebook
249d36a4-fab6-4075-a23a-729e571d46cd,100,2024-04-09,8972,110,506.66222013437533,Facebook
95370e84-3c0f-4665-af94-bf43f6d622e0,17,2024-04-18,9900,190,1673.9575910575045,Facebook
eacd5948-0e7b-4ed5-a3e2-040733af0831,28,2024-01-24,6789,76,1708.602787784423,Facebook
bd7aa68b-1f20-4963-9560-7e068577de8e,55,2024-03-30,1738,140,775.8015610173517,Facebook
f5646a2c-f31a-4e9e-a39f-e54efef8b460,13,2024-02-22,9676,87,1087.2476170700302,Facebook
a90c36f9-cbea-4214-b0c7-f8782ed929a1,85,2024-01-15,7192,95,1188.3202410157537,Facebook
fde4fac1-2537-440b-8cbf-e4e4cc9d6192,82,2024-02-05,9388,54,984.7946706526302,Facebook
4bf79e9f-cfb9-4108-9f5d-3a36d93e7724,2,2024-01-14,2250,183,247.56127900027687,Facebook
ddb2927b-668a-4e6b-868b-dd129c18799e,36,2024-02-23,3307,136,545.0164200816973,Facebook
e8ab2c2a-173c-465e-98d0-9612830e01aa,56,2024-03-12,3910,66,1227.2171292673315,Facebook
d53fcc91-a311-4797-892b-a1e5bda3f915,21,2024-03-03,8494,93,1335.5056958481082,Facebook
671cecbc-7040-47d7-aa19-4d9e35139492,94,2024-02-08,6148,61,277.5443410781644,Facebook
d880ef7d-2079-4733-8b5e-f8500cf8693d,18,2024-04-26,7841,76,1514.5828106316449,Facebook
9bc75fef-41a8-4308-a8e4-7bfbc7828139,48,2024-02-03,3437,156,1985.9005966578131,Facebook
9a0e33d4-6988-4f2a-8709-ac95f3894eb3,25,2024-02-13,2451,194,492.96812765930554,Facebook
56b3e9fa-776d-4ceb-9b86-7bf9170e34cf,73,2024-02-05,3331,168,918.3578263278122,Facebook
bfeab1e9-0010-463c-9bf0-d04a21fd2989,88,2024-01-10,7523,125,1471.1499866365637,Facebook
9477c31a-def6-4c99-8a9e-863a51eb12ed,9,2024-01-23,2931,188,573.0469926873884,Facebook
59022160-dd5f-47ed-bde6-0595d05b92e4,78,2024-04-19,6906,141,1144.9349670094584,Facebook
e9eb3e57-c3ba-40f7-8875-fd02da7f9353,55,2024-01-28,9151,68,1717.6352483102387,Facebook
5ad545d7-1dae-4a27-8bfe-5ead4a71bb35,77,2024-04-17,1599,157,1074.8994518499612,Facebook
51717472-3954-43cf-9930-475f7f32fd3e,55,2024-02-24,1007,140,1103.8092092953511,Facebook
abfed88a-dc24-429d-adbe-7577587cb1bd,91,2024-01-12,5873,115,1187.408734137662,Facebook
fe651826-7b69-4762-9079-8253ca8ad050,21,2024-03-14,3755,95,517.2203901575234,Facebook
6e51f747-04f8-4a13-b116-eab57cd1e49b,33,2024-02-04,3039,195,1230.1996980704826,Facebook
1d2238b1-ad40-4a4e-b672-b23549aa9715,91,2024-03-24,1262,167,621.4742718512181,Facebook
403f5d32-2234-4e4a-871d-563aa7b0f553,68,2024-04-09,9092,99,1365.029541932623,Facebook
b9e8fe43-8c20-44ad-8432-cebe2981bd81,30,2024-04-08,3928,103,257.87675950771484,Facebook
438a61f7-1116-4622-9f18-5bff6197dd7d,90,2024-03-25,3258,193,1468.5706410568105,Facebook
282ed22c-e163-4291-a84f-45d8f1473fb2,7,2024-04-17,7435,114,1346.5721707717516,Facebook
19a102bc-b728-4c40-85fe-8c79cbd3cf7f,13,2024-02-19,5330,175,1901.745977802716,Facebook
784e6883-4302-4357-84a0-a3e290ffecf0,74,2024-04-10,3886,196,245.7220401507405,Facebook
949d7d92-7991-4e40-b5d3-ea9cdd0966b3,60,2024-04-27,9364,61,1514.1015247361202,Facebook
20d7247f-bbad-481b-be87-4bd507f26618,29,2024-02-27,4399,77,295.96340906379714,Facebook
0df8006c-5bd6-49be-bbb6-e6b753b3bf0a,65,2024-02-26,3595,95,919.4481394580672,Facebook
c752f400-b781-4b70-a4ca-6c5076f1ea47,2,2024-01-09,6580,98,1766.501914930667,Facebook
eb62add5-1e9a-4eae-8c4b-dab7ce9eeea1,26,2024-02-26,4662,110,1363.8224057508946,Facebook
953cc241-547e-4c45-b862-c6050bf2d469,99,2024-01-08,5591,154,924.8258297833664,Facebook
e029739b-c350-47e9-950a-770500479468,49,2024-02-03,8325,154,1074.7639843908637,Facebook
776aca7c-26e8-4de5-988a-5d37460f9a27,98,2024-01-05,1590,137,1822.9362535713897,Facebook
9466beb5-789b-4203-9df2-23bd3c20acfc,24,2024-01-10,9494,99,1464.2149937828167,Facebook
570c2c7c-3feb-4e7a-ad60-d24c79fed8da,61,2024-02-28,1276,193,1117.465067510091,Facebook
6ac9c114-b8e4-468d-8f5b-476fab226932,67,2024-04-09,8847,104,1369.5132210759325,Facebook
de8187fc-aefb-4558-ba07-96bdc0ae473d,1,2024-01-27,3439,146,1872.090727876312,Facebook
037340a2-45a1-47c1-ae78-914192d5213d,44,2024-01-25,9918,143,534.1260714402559,Facebook
215e3432-cb6c-4fd2-8aaf-9454974a9dbb,94,2024-02-08,4726,98,1557.9831752521366,Facebook
6818ba6b-6387-459e-99e5-cf119a57d28c,92,2024-04-06,3363,63,469.97918724168414,Facebook
6d5d2fd0-fae2-4a9a-aa39-b962748e4941,96,2024-04-09,4391,138,1689.5272438677705,Facebook
b0453ac7-c91e-477f-9e93-c40817ad9cf6,41,2024-02-28,5341,125,1982.5426821499125,Facebook
bb36316d-13d3-4247-a88f-044a57d77a2d,2,2024-03-21,7452,136,365.50838555271594,Facebook
94a7da2d-4290-4523-bcc8-551d93bbdb9f,78,2024-02-29,9318,143,868.9173739278568,Facebook
eb47340d-047b-4e05-b07d-ecee63887218,38,2024-02-27,3915,197,993.3799586470776,Facebook
3caaa411-8b44-4210-8d76-3e61cd494c01,59,2024-01-09,2678,143,1424.5809760918476,Facebook
cfa4e549-96b7-4534-966d-ee2c25c72b93,27,2024-02-07,3801,139,792.3254115592896,Facebook
030a9177-c681-4b85-908f-a3e9e4e25be7,27,2024-03-31,6984,132,1317.033660329448,Facebook
14855ccd-87eb-4a50-89a9-9b9fa93f95d9,12,2024-04-11,7504,61,1516.3470331793108,Facebook
d40f2b61-e7fd-4698-9aea-733218d636e0,84,2024-04-29,2535,110,129.84584960041084,Facebook
8443053d-dba2-48af-8707-ec25fcfbad18,16,2024-04-05,8847,126,1488.883329154649,Facebook
a6d6b49e-910a-4738-a5e4-3cf4b5af466c,13,2024-01-08,3344,54,1747.4246277197074,Facebook
b3e70b5b-6c4f-4dfb-8ed9-62c929f93929,53,2024-01-15,7503,157,334.24496152048675,Facebook
9d500281-e31e-492a-aff2-b7e2f41a296a,33,2024-02-20,3201,111,1184.8489359446417,Facebook
d5e383a4-50ee-4894-a04d-1df4f1751768,47,2024-01-14,9377,191,728.3189606604184,Facebook
5afb30d0-c45c-49db-b169-28ae5c93ed0d,75,2024-01-24,3573,89,1078.346476915034,Facebook
183966b3-2fa0-4b90-84a4-6077edc6d91d,12,2024-04-21,3331,192,919.8310559679804,Facebook
479de3c9-a629-4dae-8d12-6d5992a82e33,31,2024-03-06,1938,175,460.0866109840309,Facebook
34219653-c126-4c58-a4a5-ba8ede004b48,25,2024-04-12,9048,160,1934.7922981760664,Facebook
c5c2ffdb-9979-4f1d-b6d6-2653cfbb7c74,30,2024-03-13,3367,108,1612.3775263958694,Facebook
f1d7a909-2872-453f-92ae-e41a7efd2061,77,2024-03-16,2241,182,963.2924651012324,Facebook
2a892cee-0e9f-45da-abf8-31f56d569e53,66,2024-01-10,4303,93,688.7054069409191,Facebook
1e011e28-3e5e-41f1-be60-afeda25535d8,91,2024-04-13,2384,95,1474.0737397233452,Facebook
b1d4fdc8-9072-4c74-a25b-eaffe53b0304,83,2024-03-01,5469,67,453.87000353848447,Facebook
4c8a66f8-df31-4b22-9959-05e1a087a0d3,44,2024-04-24,1979,76,1463.3687633936609,Facebook
79b6601d-08a9-4654-81ec-3f1a9f313904,73,2024-01-14,7699,159,338.1957434322137,Facebook
467fbe64-4793-4bae-9262-128dcaf2fb93,94,2024-04-05,5960,61,1987.32449902235,Facebook
7ce3ca62-4791-412c-80f6-0911e1d21fdf,97,2024-03-07,1298,174,814.7101295360998,Facebook
6abf527b-56ee-4fcb-a875-bd9747f85bfc,15,2024-01-19,3798,180,627.6448575243098,Facebook
89d2a343-6fcb-4aa6-8670-ed7eed61a88f,10,2024-01-06,5044,124,635.5761043642317,Facebook
19768eeb-d2ce-491e-aac5-e15b842602a7,33,2024-01-25,3376,196,1652.9503502983484,Facebook
3c3a1427-70b7-411d-b47b-22ae4d8d1b6f,19,2024-02-28,3882,72,170.1210466288306,Facebook
40838173-9796-40ad-97d1-dbff461b9af0,98,2024-03-12,2851,169,764.9007350199628,Facebook
592d75c7-0fd0-41df-9a59-b5dd251540e1,53,2024-02-19,1340,193,1714.5075656422816,Facebook
c7b997f9-fc56-49d3-86cc-2f5534c3368d,22,2024-02-14,1927,58,391.55054486262304,Facebook
eedb001a-d557-4f13-9a6f-1e799c69cd24,34,2024-01-31,3129,141,229.0303348034032,Facebook
902287b1-fc3b-4df6-be71-dec9dd78e4c6,48,2024-02-01,5174,80,1161.7622150019645,Facebook
0f5273e0-743e-4cf6-9963-02e97b82a1f0,70,2024-02-24,4630,80,1670.1279024498815,Facebook
2fdf2df8-4f05-4ee9-8637-3f5546cb95bc,79,2024-02-10,5461,197,761.1347587109137,Facebook
31b7e554-e370-499e-b277-8d4544daddaf,44,2024-04-20,7482,152,153.78298706702805,Facebook
6d18f524-144b-4fbd-b7ef-7acbdb6c56cf,55,2024-04-28,5669,114,1820.0346428886223,Facebook
c188c07a-b8b4-4010-b696-afcacc54ad8b,74,2024-03-19,9272,98,1194.7806940344365,Facebook
ada41d47-b7b0-46cf-9192-423835f89ff0,56,2024-04-04,1444,173,505.4578960634568,Facebook
8d7a4a33-22ce-464b-b280-23d21d124f60,84,2024-01-05,8100,88,635.0678992162349,Facebook
a5709768-c24e-444d-9693-5dd6d27db28a,93,2024-01-14,3978,90,1036.2297315982582,Facebook
f18ea8ad-3917-408a-a499-eb9e1ddd030b,95,2024-04-07,8857,66,1057.731663896859,Facebook
855dc7ec-6ccc-4922-9424-0aecc6043057,3,2024-02-14,7653,118,1203.5042425055997,Facebook
566d7359-e30d-4e2f-92fc-e0a8d222436e,62,2024-04-17,7640,191,844.2319259618052,Facebook
b825deb7-7c4a-44ed-b7d2-50d6a083eba9,33,2024-02-02,2295,199,1289.7971370208302,Facebook
637bbf25-f9bc-49cd-9443-b45ca95ae9e2,51,2024-04-24,1082,120,1398.6022082649952,Facebook
01d31f97-9123-40c0-bddc-e9d512995f26,46,2024-01-04,3173,109,1362.7083232945613,Facebook
110a4f2a-c468-4516-935d-0d39c8bcef6b,30,2024-04-24,5005,125,1963.6414586951123,Facebook
8e64db80-0fe9-4761-baa2-a3448b873d02,73,2024-01-08,1296,132,1783.4463060465198,Facebook
e5569c06-e4cc-4969-b6b8-fa81d288af5a,6,2024-01-05,2308,95,526.4164382163731,Facebook
007eb33a-d69d-4301-9f1b-2c522bf55558,74,2024-03-26,6613,94,1314.2512849169857,Facebook
31d689aa-9dd0-4242-9c63-95a02f3ba4d0,31,2024-03-07,4033,140,1810.213424260699,Facebook
fd6b8f04-6447-4e83-b831-db0b5e496729,95,2024-03-11,4938,88,608.1569531882092,Facebook
dc0bcbf8-02fc-46d8-9e81-7628bf187413,64,2024-04-25,3664,158,1125.1023340105023,Facebook
4185364b-d3cf-4710-a9f9-0aa9e2e80748,63,2024-04-06,3003,182,1721.6388057111203,Facebook
b9332ef4-c00f-47f7-9f5f-997ab8cb7d1b,53,2024-02-08,4652,149,242.5401305210123,Facebook
e27cf920-279c-49e4-b3f2-8d12ba0fa102,6,2024-03-12,5359,178,123.55495522339444,Facebook
70f145bf-0a25-4fa6-849b-62fb9b9bba6e,20,2024-04-20,5917,147,253.96384169773245,Facebook
5769aa05-ad5b-4b1f-8223-61a08112bab1,35,2024-04-01,6288,104,609.3658498958434,Facebook
e43b138d-4a56-45ab-9366-994c24869b3a,6,2024-03-01,5536,79,509.549375518484,Facebook
e3015d84-ba7c-4349-8252-523b3fa39d0a,43,2024-01-01,5471,87,1122.9886868034073,Facebook
2cab7c6d-467e-455d-b978-eff68eb17d21,80,2024-02-27,5085,75,1434.0268765924422,Facebook
b83b3036-6514-4553-b004-37777f79f3d8,19,2024-01-10,2441,81,1272.0072276905366,Facebook
88ba4eab-437d-42af-85b7-fa4ff828ac85,5,2024-01-16,4397,105,719.6601337130562,Facebook
179f4778-1f15-42f4-aeb9-bd3646dd5f9f,11,2024-03-05,3721,199,615.2396076669805,Facebook
5b68f348-18a5-42d2-82f7-d5325e24f8d0,75,2024-01-11,3610,113,1625.8105037276655,Facebook
3fe8c76c-4842-4f76-8f35-fe91ab11e389,36,2024-01-16,5291,113,626.9429698572745,Facebook
ca99f457-86fe-40d3-8b62-051a99fdb4dd,12,2024-01-11,8751,144,1468.9853688128549,Facebook
ced1f36b-b20e-4869-b0f9-f82ccca98941,88,2024-04-02,9702,156,893.7488533469638,Facebook
d4182d96-4755-431e-a9d5-2a6e7c80e208,26,2024-03-23,1931,133,935.371768702276,Facebook
151753eb-c1af-482a-8ff7-1c6a86e0b417,96,2024-04-24,9370,109,1743.0940274703369,Facebook
7ad41e26-44e5-45ae-b913-7b0ad01ea744,57,2024-02-03,8662,60,597.8817632022706,Facebook
fb70b230-5045-4e1c-bc5c-4ef76833fc1f,29,2024-01-08,6077,82,164.24608655660415,Facebook
cec0e235-ce83-43dd-994a-2c09656536b9,39,2024-01-15,7990,66,227.10302395257955,Facebook
7eb14e9d-63c2-4c24-8a89-23cf95663e67,16,2024-02-07,1302,179,1115.7805095401427,Facebook
99e2b37e-5b6a-4aa7-beb4-90ff6ffa9d6b,92,2024-02-06,3642,179,134.18805936367258,Facebook
bbd50426-4f2e-4810-92f0-0c0af44d8fe8,46,2024-04-22,5836,96,1894.346565449158,Facebook
5a2be822-04ad-4a70-8014-85e2a0040d22,1,2024-04-14,2524,157,140.5159805729809,Facebook
b5c61778-1e0c-43df-804d-2a96d13fb27a,67,2024-03-12,8691,175,343.3811415313647,Facebook
078040a2-52df-4666-a492-43c51e26475f,24,2024-04-22,1400,159,1648.727104384898,Facebook
880df90f-e45c-42a1-810b-a73c2e376ab5,82,2024-04-22,4416,172,555.2378747516873,Facebook
7f0139bc-a684-4665-b433-f725b68b9acf,47,2024-02-29,6652,149,1866.0221604373764,Facebook
70cd46bd-043d-456a-b314-25cb12239b21,23,2024-03-14,8180,77,1714.9467792750186,Facebook
d27e7396-27de-4312-80ae-6e060d65ee8f,4,2024-01-26,4129,183,1490.0627590914437,Facebook
4966c887-1cae-40ea-a7ae-882d34370ab1,45,2024-02-07,9071,141,284.64521586168166,Facebook
3e9af047-d176-49d5-b415-2a3e645480a9,58,2024-04-12,8717,66,1736.714044677123,Facebook
fe23a9ea-c084-46b1-8891-e26a230f12f2,100,2024-03-24,3131,54,1007.4283125716732,Facebook
ff8c1343-d135-4948-a5fe-a2906ebfc374,70,2024-01-23,5364,91,127.3211298406712,Facebook
2a25ed60-fe58-41e7-be8d-9eb3c0d16c3f,68,2024-01-27,6125,174,1606.693199446144,Facebook
4572ba67-b419-477c-b0a1-090c84608f83,52,2024-03-09,7140,81,475.2108599989292,Facebook
d04cbc03-dc59-40fd-8383-f76c7e25c49b,42,2024-02-05,5323,160,1456.57985038445,Facebook
c4aee08c-ea46-44e8-b7ee-49eac5d903b7,24,2024-02-22,4737,116,1479.286062143543,Facebook
5c61278a-0a27-4d99-99c6-2668de0a1c76,13,2024-02-05,2591,174,187.066356837226,Facebook
bf84aca8-b18b-494a-b84d-f1323657e002,55,2024-04-26,2158,198,1802.8070231241445,Facebook
33e88fa1-fbd2-4638-bd3f-72dcbea70bc6,89,2024-04-05,7281,169,1604.1484446449083,Facebook
3e22141a-b754-4328-9ed1-5279fc498e5b,28,2024-01-23,1926,185,1852.765349939791,Facebook
3bbe3f8b-7e6d-4f06-b6cb-7d41d4fe5853,34,2024-02-24,8941,137,1832.7910559608931,Facebook
b0697160-6556-422a-b810-527a69a5eb69,66,2024-04-27,5672,117,284.12984291094665,Facebook
ad5bb3c6-648e-48e3-9e53-cbbc2685493e,35,2024-01-24,9595,97,1790.2963294688684,Facebook
496a9115-7fc3-47f5-bc18-3c053e4427dc,16,2024-04-08,8418,51,1261.1543366478347,Facebook
aa1ba94c-dea4-4968-bf68-1aa81869d516,100,2024-01-27,3197,63,1326.4324261284528,Facebook
8b20cb3b-1224-4a87-8954-25ecdb1f8338,55,2024-02-09,3856,186,1697.0708462375558,Facebook
4a061ea2-c1b0-4dce-91a1-70dee646beeb,97,2024-02-28,8638,92,505.7426372064429,Facebook
5d03d920-ea16-45d1-8359-347d3e54781b,95,2024-02-10,7963,141,928.3983167781328,Facebook
1059f2f0-6118-42e1-bc19-d818070c762e,47,2024-03-21,4398,58,1116.230331901684,Facebook
2fe33fa3-dedf-45e6-a30c-4734c6be7002,22,2024-01-11,5816,70,264.91424233375847,Facebook
54412911-a0f0-4d82-ac97-5305e0bc419a,4,2024-03-19,9091,130,1644.1300287515728,Facebook
1d5e0360-39fb-452f-9ded-82f1ec0d3328,23,2024-03-21,4435,164,881.1717492306377,Facebook
b3fdb962-06ec-45ce-b495-dacf768cc734,42,2024-04-06,3826,155,258.95178888105795,Facebook
f421d216-e8dc-4c93-9a6e-fc2558f3a0e6,78,2024-04-24,2608,94,1900.8901083311516,Facebook
01939b8c-5dfb-4959-aaf8-d52ea242bb7c,66,2024-01-24,2426,129,467.504128575743,Facebook
d20bea97-cb73-4a2a-9920-efc1c976b1af,53,2024-04-26,4044,191,911.3961090310972,Facebook
722d9846-022a-4e83-831d-4289f2d354a9,99,2024-01-08,6226,59,631.7604880345035,Facebook
441b3033-98cf-458e-a971-71fb79316dfa,59,2024-01-11,6955,57,196.4030784849655,Facebook
bef1b67e-0424-438a-b8b7-868a4c05ec06,52,2024-03-13,5561,69,547.7727748002844,Facebook
03d02b84-1a31-403c-8b95-51c55d77e662,73,2024-03-06,5487,114,1391.627770500883,Facebook
8c02716a-1946-4fe6-810d-3b5ef77e67c6,83,2024-01-29,7110,182,1337.9787266825822,Facebook
b8f43c9c-336e-4071-a4cc-ff7a1b2e18e7,8,2024-03-23,4756,107,291.9986257544761,Facebook
2e2ebfac-cc9f-4d6f-9cf2-52cfb46aacd3,74,2024-03-24,2792,155,654.6950451172548,Facebook
1b26cdc0-207e-4c05-b6d0-b306b8f7be20,1,2024-03-20,8907,88,243.89618488450543,Facebook
f15e9f04-0883-4047-a960-f1f9697556ba,53,2024-02-27,7338,53,1299.632892280749,Facebook
4cabafb1-2103-445f-8221-5aa51704cd82,36,2024-01-13,6707,55,274.81336754148043,Facebook
81e806ce-9cb2-407d-8d5d-9b3edf35954c,79,2024-03-07,9332,161,1585.4477945112285,Facebook
925315d0-3be9-45fc-bc09-7eb94ee23fdb,7,2024-03-24,1843,62,1849.8915671359532,Facebook
479b3719-6bfd-4758-9228-bce3dca86fee,43,2024-04-15,1156,91,1479.6867892940445,Facebook
bd4a4aca-b474-49ba-b7dd-33f219d8f0cd,45,2024-01-15,1256,138,497.6433412948704,Facebook
4786bf1f-8d6e-4715-8e16-e64aa99e9b7c,93,2024-02-11,7289,78,426.3684789645408,Facebook
4d0018b3-814d-4287-a637-734fde21de5a,57,2024-04-02,3033,56,1425.394769606261,Facebook
ae087986-571c-4e02-bbc8-9ff0661e9eaf,25,2024-03-30,9684,104,1903.4382007079369,Facebook
50d2d1e2-9b0e-4886-969d-9e35fdccfca2,52,2024-01-15,7324,163,1678.608848820969,Facebook
be7e8277-4868-456a-81c9-904988f107f3,23,2024-01-28,6611,137,1770.7825561579573,Facebook
cf3236e9-ad21-41a7-a1b1-661b833aff1d,25,2024-04-23,3162,153,1800.9840297387234,Facebook
b23a38f9-c43a-4054-b76b-fb357f6383d3,80,2024-02-28,1778,193,1066.956656413962,Facebook
c9d01b2f-da02-44d0-a2fb-9edfab7a1834,76,2024-01-15,4476,65,757.1760588472685,Facebook
0e0c3bb3-1cd7-4c4e-a6a6-bfd62fc17932,52,2024-01-23,6039,139,1505.1709023106691,Facebook
0982b711-19bc-4e45-964f-4cc3f4590090,7,2024-01-19,8501,99,1683.6194165598702,Facebook
688f8fa3-200b-4608-918b-02b86305de8c,2,2024-02-12,4767,53,1736.3127921997077,Facebook
c7d3cc6b-f8e3-4167-9095-3e8168622692,83,2024-03-28,3713,195,1058.9321486837998,Facebook
c82901d0-3ea0-4f71-8ee9-064fb2ed59a8,78,2024-03-12,4676,176,396.16608588347066,Facebook
bfd6b057-fcea-45f4-a49b-376f8baeae01,37,2024-02-04,4688,141,1032.8723567767966,Facebook
d914cbb3-cb52-4237-9495-fdc1ae8ce2f6,54,2024-03-18,5277,146,706.1625085577313,Facebook
cba71016-0f66-43c1-97ce-e3ffb4182152,35,2024-01-25,3843,79,695.1795323655208,Facebook
7d98f32b-4a75-4f7b-9697-c800f61486b9,3,2024-01-08,1900,199,940.6315346212116,Facebook
fd234b41-559e-47c4-8201-50cea04a15f6,23,2024-01-21,2735,75,1167.2116394371676,Facebook
944b80aa-b6f0-434f-9914-04af9e34e4a8,57,2024-02-19,4423,172,498.81937076724495,Facebook
d3992526-bf1a-49b0-9d9e-6e44824b66eb,10,2024-02-16,9650,85,1387.270661360962,Facebook
b8c77d17-e904-452c-994c-bce90b261e67,93,2024-01-07,9975,83,1983.730348815281,Facebook
1a5b4a5c-68f4-4337-a8bb-19d6c7059518,60,2024-02-15,5080,124,359.9660256938811,Facebook
f358f5e6-eac3-4639-9867-5bda79d54633,94,2024-01-18,5321,112,1223.7580562743317,Facebook
d1d768df-2a92-42c0-a5cf-05776abd6a19,1,2024-01-15,2871,127,272.34644084873776,Facebook
3b20f4eb-c32f-41b9-8da0-d5cd69d733eb,81,2024-03-27,8050,93,1001.194149334238,Facebook
99dea58f-7842-4174-b3de-bf4456f7d49a,90,2024-02-09,2025,144,599.935563133168,Facebook
fc1ffba5-bb7a-4b86-aa5a-1bb34e4303e2,14,2024-01-24,9447,116,891.3865593376211,Facebook
4f77f478-2ee1-4437-b86e-801a649c344b,10,2024-02-24,9223,145,785.8314112434635,Facebook
defef4d8-1940-4cfa-86dc-40180bcde9f9,44,2024-02-10,1591,136,192.85544080002472,Facebook
cde612c9-e324-4b92-bf8f-e52070eb018c,3,2024-03-20,7344,176,1407.3464323365615,Facebook
2314c5e9-8de1-4710-b19f-5a66eba5289b,89,2024-01-17,3502,192,1942.3847406100415,Facebook
0e041f8f-1ab0-4c3b-a091-b38c205466f9,50,2024-04-07,8822,192,272.0662103215319,Facebook
7d5569c9-1765-4a33-97eb-cff8b43592af,19,2024-02-18,6172,150,1964.0276103390256,Facebook
941ce8c2-fb0e-477a-abc3-230073a12672,78,2024-03-22,9141,113,1271.072920675499,Facebook
f45d9299-fe6a-440c-a396-5fad4015705d,13,2024-01-10,1352,198,489.98484084015377,Facebook
54bd4158-ce03-479e-980a-379f8cccaee9,2,2024-03-02,6715,71,934.708785492995,Facebook
80a08dde-b653-4299-b0d5-f087ec0cd306,8,2024-02-01,2608,183,570.7810298323664,Facebook
0aace6eb-0c4f-4c0e-8bb1-ea6fa6dbff59,55,2024-03-27,3641,166,1703.902215187256,Facebook
8300e961-ab55-45b3-8f6c-33febdcc5786,39,2024-04-08,7412,97,395.5408117716253,Facebook
22c193f9-65e7-4e07-81ca-f5b155838105,50,2024-03-01,7881,107,1967.7168094269396,Facebook
54a95392-1f4d-46a3-8140-e963d3b6d829,53,2024-01-11,2377,163,1125.9303714690184,Facebook
03b33e61-87b0-45fa-8871-34149a716e76,44,2024-02-20,9606,123,488.48168124892794,Facebook
95369915-5522-4643-8db7-17a7652fa5ed,38,2024-04-21,7622,157,1322.247654574665,Facebook
501369d6-4b92-46be-9b1f-3bdcdf1b77c6,39,2024-03-18,7913,53,1460.8310604091507,Facebook
8f361f87-7275-44c5-a4fa-50cb4a6ad92e,70,2024-03-11,6738,145,1180.000836590605,Facebook
7be9d0e3-ceca-45e5-8775-9a7699b03ff1,78,2024-04-19,4347,139,930.1619055871082,Facebook
cea3bffb-3f01-4647-8d65-e7f1e35e2fef,36,2024-04-23,6054,88,1360.6169561540166,Facebook
4f802763-5e47-47dd-a803-a080da34859c,55,2024-04-17,2376,97,324.1966354580454,Facebook
f8aae70f-03c6-4684-b88a-6c3b4dc18043,62,2024-04-05,3480,111,409.3338419327315,Facebook
346265fc-7a4e-4a63-8634-a3f108779e9a,64,2024-01-19,9442,124,1889.7153907348925,Facebook
78d7edb6-e410-4929-97bd-6602aa86ad41,19,2024-03-18,1256,164,1778.1689467936244,Facebook
2a091adf-2184-4d43-879a-cc3e2d1b425e,71,2024-04-15,6002,87,1729.707301891809,Facebook
7aab3277-8c52-44b2-a6af-fd58b5857106,73,2024-04-29,2249,177,261.5963265654475,Facebook
ee4c3271-28fa-47ee-8cc5-414df6a5c856,9,2024-03-11,8125,152,612.2978093338392,Facebook
bcca3e94-6ba3-4ac6-9a20-f4b60e6be964,35,2024-04-28,2543,185,1998.769324642512,Facebook
dba56d4c-7787-4645-8032-05489ec50c60,29,2024-04-28,6241,139,1142.91222820477,Facebook
f2ccdde7-0bb1-4be6-a880-f111c5627f61,49,2024-04-24,6270,186,913.4375749951364,Facebook
ec5c9fb7-ff09-44e8-b51c-1ed8ab02e99e,96,2024-01-19,5086,179,917.2180177881802,Facebook
96bf6f55-3f2a-4d19-b43e-257ffb225686,43,2024-04-03,9815,107,615.6179540650166,Facebook
8902310f-9620-4203-9f9c-65f7e1941802,69,2024-04-27,6780,100,1230.232358084911,Facebook
0cb2de7c-41ec-462f-bacc-6a15231768ed,11,2024-03-22,9947,168,1342.9134970599282,Facebook
de82e5bf-9d37-4b3a-ac18-e0d5309bcda5,27,2024-04-22,9070,91,1021.1078539130648,Facebook
559b47ac-7ea7-4710-a427-a3d3fca4e4b4,29,2024-01-18,8348,60,631.4453666940296,Facebook
65693d7e-8599-4542-9a99-b340a3e99d44,30,2024-03-23,7403,122,1434.4427522561496,Facebook
5d3a0780-80ee-4ba7-a635-e8005e5e029a,35,2024-04-17,6912,55,377.1178646432065,Facebook
6e65c65c-ef71-4b30-bf80-51f3bf011553,17,2024-02-10,3270,192,1231.0521638181035,Facebook
bee75672-54e3-4ab1-955a-89eb5abb7d2f,52,2024-04-06,2443,56,375.7560065253601,Facebook
f7c769bc-177f-4c53-af7e-178bfeaea4cf,65,2024-01-01,2790,167,1720.9805795529892,Facebook
51689912-9940-4958-8a49-889cc7c13d7a,90,2024-03-17,9193,101,1230.737659068134,Facebook
73a57649-1488-4e47-92c6-1a5dcc70b899,89,2024-03-07,7115,180,1034.9974518027425,Facebook
04f8821c-f649-402a-8120-ed69ac93789d,89,2024-03-25,3968,134,1098.6973929732692,Facebook
52f8b8c8-c39d-43bf-aa95-41a81d4adfa3,93,2024-02-14,3006,101,1842.564008240733,Facebook
057b2d58-adca-4359-bc0c-fa535d685aad,53,2024-04-09,8093,147,486.2977337071895,Facebook
519b8806-41ce-4fdf-8d4d-918ade8cadcd,33,2024-03-01,4700,163,522.4586830758241,Facebook
fc1cf0f8-91eb-40e5-9f44-c54db03a0a51,5,2024-04-25,9768,120,1909.8167914180417,Facebook
6a259130-f8a5-41e5-83e9-f811de0b6987,73,2024-04-25,8925,61,316.68860801004405,Facebook
e9dccc32-be92-4955-8eb4-5ad6f03806fc,24,2024-04-07,5839,167,1641.7573285763604,Facebook
80b3868d-f64f-4648-b896-9f07250eb3c7,14,2024-03-25,7773,85,312.34913642420827,Facebook
a88f4399-6ed8-4a79-82e3-9276e5792d50,38,2024-03-25,3246,84,280.24422976291794,Facebook
cf7ca5fb-b20f-43da-ae66-e6f40ec5996c,13,2024-04-19,6558,155,504.6455027809405,Facebook
a83244d4-ea59-46ee-aa1a-6d785bf5da33,76,2024-03-23,8622,61,1599.6139130251138,Facebook
1a38a67d-3799-45a3-910d-c763880501f8,32,2024-02-29,3085,84,901.328525631718,Facebook
c0678d88-4a11-499a-a7b5-89c02738d477,87,2024-01-15,2333,127,1192.6154183299818,Facebook
ca09a9de-92dc-42e8-b765-0272f8ad0283,92,2024-04-02,6061,158,1397.553695860301,Facebook
b42007d6-e1fd-444f-9259-ef615268da79,15,2024-03-08,2420,51,1485.303304219301,Facebook
61f95701-ad4c-4121-a675-208424f88687,24,2024-03-03,7717,94,765.2718014952876,Facebook
36faf188-7012-45e2-8b25-2c1a01afe3df,12,2024-04-03,2778,123,1946.6147712405707,Facebook
81cdcbec-6c16-4a28-a588-4a5df06fa6b4,69,2024-02-17,5827,171,1543.5017598147497,Facebook
d8153123-c7ff-47de-9da5-659ada1045b8,98,2024-01-22,3521,62,1775.7503680372515,Facebook
ce372daf-2e3d-4ddb-a40c-edbf76d7dc3d,50,2024-02-28,9161,100,1718.8538826828749,Facebook
7be905ed-5585-4b06-a0e0-e7a3ab84decf,18,2024-03-09,4931,99,1715.4210707258314,Facebook
7c036559-a85e-4ab3-9aa5-2fde282a5d96,76,2024-03-27,5025,132,597.8558870123327,Facebook
4551b1d6-f2b1-4e8e-9069-06c63ed8a359,29,2024-02-03,9092,98,1164.0968479189737,Facebook
84af58d0-b1d1-43c9-b256-abe9d66b8170,83,2024-04-29,6859,73,585.3313384033354,Facebook
e1f04365-c59e-41a8-9e4e-cb1fd766ff5f,74,2024-02-23,8707,82,1137.6901380069444,Facebook
7c201e8b-d6f8-4a56-a553-008f8e516dff,65,2024-03-06,2599,107,1661.3718928989986,Facebook
98182b13-d2e5-4b72-ac35-0b4081f09b58,14,2024-01-11,9670,134,947.2687910496415,Facebook
ba5f8388-7ff1-467c-8c34-a6828a09b0d0,60,2024-02-06,4239,106,1624.756673736414,Facebook
5dca4809-8511-4f2f-b6f8-4e144ae61771,40,2024-01-17,6380,174,700.6671141245471,Facebook
c3b5a6b3-ec0c-4f13-9667-1a7e0301b0c7,19,2024-03-31,7108,94,1630.475517000723,Facebook
75023adc-64e6-4375-a7ff-b1c59a0be992,4,2024-01-06,2599,185,474.3935307748481,Facebook
0dda186b-cfaf-4e61-bdc5-95eb2da291ba,43,2024-02-24,9976,192,1613.132436862035,Facebook
89410fd1-76d5-4993-957c-82078273dbc7,74,2024-02-04,3294,145,1071.4971223539296,Facebook
e348cbdc-2545-49c9-bf5a-3e66cd891b6e,3,2024-03-01,6686,88,247.89411769437203,Facebook
c0263079-384b-4b00-b30b-d3e432c1aa8f,53,2024-02-09,7567,162,755.5417766428238,Facebook
8c82af53-fc25-4866-9c43-5752b5299133,68,2024-02-26,9912,195,301.73311129412605,Facebook
ef431328-afee-42b6-86b8-d13a9aac6045,73,2024-03-07,6469,161,1761.3831185703627,Facebook
78ae6c20-9f40-4307-8110-8904e8f662e3,72,2024-01-16,4524,134,1444.0886948318844,Facebook
cfe4af3c-11ef-4c2b-a6a7-3ba5eb9f6b3d,28,2024-01-28,2317,199,1017.1814840691133,Facebook
d92a3f29-813b-4cb2-900e-6bc4c9c31efa,23,2024-01-02,1057,82,1305.3180912490416,Facebook
8808bf43-a1e6-4854-8a1c-a2450da5f72a,61,2024-02-12,1814,127,445.8847488760699,Facebook
99c95f7e-024f-4f0b-96ca-cb7ef29313ce,81,2024-03-05,6412,151,1470.1441818763433,Facebook
0f081bd9-c83f-4024-863f-1410ca6ca791,65,2024-03-05,5062,53,778.4918178754291,Facebook
ff33c705-7d7b-4dce-8acd-8f8b175cd8b0,83,2024-02-20,3645,135,881.6860412496013,Facebook
9480b9f9-2fbf-42e9-82f6-b8376b85fd54,67,2024-02-29,5581,197,1591.773620471773,Facebook
b485ac1e-94f7-4d3e-8494-b07b78f71c59,25,2024-03-19,3249,116,596.7620010981493,Facebook
a109658e-7af3-4e42-89d1-bffe28adb19c,22,2024-03-08,5401,95,1612.3775041362182,Facebook
2c269106-2f4e-48d3-8765-084f41f878ef,35,2024-04-07,3693,197,587.6379907021061,Facebook
74da9526-ad88-42c9-9faa-15acb67252c7,65,2024-04-15,6210,140,727.999147022087,Facebook
d612fc7a-754b-438c-866a-5dd7967664d5,50,2024-04-28,3416,172,1790.9906855999034,Facebook
860568e5-1d69-4376-b462-8740a44ecb7a,70,2024-03-31,7125,86,1068.6050904608164,Facebook
63b34a85-18bc-47f2-82d4-651cde46c854,26,2024-01-23,4229,193,244.64206414454105,Facebook
7b4fc659-4829-4306-b05b-c23b8bff40a0,13,2024-01-29,6183,159,1161.398513044073,Facebook
1dbbe2b4-f38a-4184-b9b6-eb703fc9d9d6,56,2024-01-21,4392,192,1948.9344787008445,Facebook
88dd8659-5747-44f1-8aaa-230983801bf4,54,2024-01-10,8286,95,919.2045867039546,Facebook
479cf5d4-7f8f-4be2-83ed-b5cd4c87b7c0,91,2024-02-26,3353,193,1921.6093607979665,Facebook
a771c2e5-cdfb-486c-873c-b2ede7c056ec,69,2024-01-13,3605,194,1689.7656131944664,Facebook
4c7d6e61-f09a-4d39-8ba2-62661be0352f,73,2024-01-12,5030,71,372.3884436776485,Facebook
a9ce97ab-3d5c-4e20-a2c5-b640410e9d5a,54,2024-04-19,6463,196,1354.647670120976,Facebook
c916d5e4-1a3f-4aee-b927-466996cf74eb,26,2024-03-25,8886,200,132.70651463244502,Facebook
ed709a3c-c1d1-4838-8a29-874fdc2a26a3,73,2024-01-09,7505,73,1451.4270516485876,Facebook
ab53bea5-a245-4a1e-ab2d-9d9a235d589e,37,2024-01-05,3708,149,1873.7600452599363,Facebook
117364e9-cdfc-4617-b737-fc5055c39709,4,2024-01-15,6305,139,611.5717598576362,Facebook
84b9f91c-6678-45a2-8f99-72f4dce7319e,84,2024-01-12,7739,112,1963.1187963104448,Facebook
2297753d-9ed6-43e7-bd27-3d4855ef3a56,60,2024-03-21,3521,134,486.8878844304023,Facebook
283b3400-6aaa-4dfd-821b-0c21ed852edd,91,2024-02-10,4871,171,1561.5563672237083,Facebook
6ca97b31-c4d9-4c1b-8d2a-fb4c7028983e,6,2024-04-21,5404,123,1396.146092232886,Facebook
0b8b9cd9-3540-4c53-b58d-25bae8bce794,85,2024-04-20,7049,79,1303.918374656615,Facebook
4e9521f1-5b5c-4ce3-add2-644b19908378,73,2024-01-06,5937,71,1965.6576065583463,Facebook
441d1d59-3a97-4472-a376-c99109da07cd,89,2024-02-19,2149,69,456.55024847852445,Facebook
db07c55b-725a-423e-815d-3592e780f8ca,17,2024-02-08,9695,188,1011.4495554247076,Facebook
6d81d0de-8e82-4334-bb24-3e4b404c2a29,2,2024-01-05,6594,99,906.9395046443424,Facebook
2dcde9d5-82ee-4ce2-bcfb-fa085faa8654,39,2024-01-26,9800,178,1788.4130654513026,Facebook
ec063fed-c4fd-459a-ac4f-fb224ce6f1f9,8,2024-02-29,9889,98,146.26165957463098,Facebook
9a46c0f2-cf78-4169-a95c-52fb9d877c84,51,2024-03-01,4138,81,899.374861864404,Facebook
b0793193-6cf3-45a2-aa4c-eea32577aa3e,72,2024-01-14,9523,166,1100.633327694292,Facebook
1b0f21b2-15e6-4aee-9c41-105f21953c17,51,2024-02-25,5078,89,1355.3272883191898,Facebook
67088bb3-9c24-4847-a947-f7aa36a68956,51,2024-01-11,6088,173,1079.0683626670411,Facebook
72165d24-9a7a-4a5d-bf2c-ad0290b7be2a,83,2024-04-26,2308,59,796.3710743066118,Facebook
fca23471-3960-4b1e-82fd-8959d0c0887c,98,2024-01-27,2144,85,799.8158438015854,Facebook
408e8e44-0dfc-4fed-97c6-0ff6fdf48591,33,2024-03-22,5189,104,243.73952818074292,Facebook
78c3815b-63fc-4c22-8df0-987ce55d598d,74,2024-04-03,8831,85,1990.8497905520535,Facebook
cbc4726d-36e1-4261-86aa-74e3ec581bf0,36,2024-04-29,6098,179,1055.7846073617454,Facebook
2d7e846f-9d2f-46b5-be72-ac54f14de003,100,2024-03-08,1779,66,394.6003153487299,Facebook
61c9bf6e-8e7f-403f-b27c-6a0c831ae13d,34,2024-03-29,9381,162,1760.4866338711947,Facebook
03a559ea-7ecb-4605-baed-be0ae59a39c7,6,2024-04-23,2856,100,287.1012726742185,Facebook
56555aec-f5a9-41cb-94f5-4fc317bd212f,77,2024-04-10,8945,136,1110.3734870313483,Facebook
ba0dbfc5-d47b-4ef2-af75-adfb900629da,54,2024-04-15,5773,78,925.8683113513608,Facebook
3b16157f-4acf-41ac-a095-744488de5de5,3,2024-02-23,4676,102,705.5351891566789,Facebook
52072ae3-5fe5-4d13-add1-79304a6c048a,32,2024-03-27,7036,189,786.5139378984878,Facebook
661d51d8-e372-406f-91f2-de1562c2cddd,71,2024-02-26,9948,120,1975.926886980177,Facebook
a2f5af48-7bb1-4007-8c0f-37ef189c5bfa,64,2024-02-27,7745,62,780.6467271227345,Facebook
cce15423-63d5-4634-a1c4-33334cb85c92,33,2024-03-15,5532,185,380.08809455241726,Facebook
2976db62-436a-4d06-844b-8d77637d033b,57,2024-03-07,4078,156,1119.4755697992723,Facebook
42576b45-4939-4514-9c4a-77f16629037c,38,2024-04-11,9917,155,1730.834878901118,Facebook
def71c18-5706-4ab5-b0fc-35b3c11ec2e3,9,2024-03-14,4504,193,996.0079231292844,Facebook
c9f12db3-2662-4f72-bf7b-39eed1a83109,19,2024-01-19,5962,72,1684.9464828068576,Facebook
c4a1c00b-933e-4281-91ff-33749e6d330b,63,2024-03-17,1200,199,1089.624277257692,Facebook
1269ef65-343e-4c27-8e13-f830e30cc4fc,91,2024-01-12,9552,159,1174.3499842635836,Facebook
383dc282-4aa6-48aa-9616-9600d4e8bfc1,86,2024-03-16,9178,188,1758.2413558940927,Facebook
c2111152-b5f6-46cf-bab5-79c52a8c6ae9,71,2024-04-02,8126,146,670.942362227325,Facebook
964de220-65be-4909-9a2f-a6c8313f338a,63,2024-01-02,9888,148,1263.6374546428028,Facebook
65ac1067-9862-4041-b511-cf7d35dbfef3,36,2024-04-01,2588,153,159.4416214379266,Facebook
835c95dd-7e8f-4d62-89fc-ab10d78801cf,31,2024-04-02,5652,171,1892.1621859087056,Facebook
3cdbef11-4d97-47b6-b158-e4efef00ceea,62,2024-02-02,7422,200,701.1345132347489,Facebook
c616571a-1bb1-4355-bac8-41a28faf65fc,78,2024-04-05,6976,98,1355.9323086258482,Facebook
95c00135-553f-49eb-a2da-d89e310dc49a,74,2024-04-02,2760,96,1786.015631930955,Facebook
2cf7495b-af5d-411f-8a61-4ab1ef1ca12a,77,2024-01-13,8288,170,1646.5540892636477,Facebook
0d5b219b-b921-44b9-ab77-8504d21d970f,95,2024-04-15,8659,187,166.88982217989383,Facebook
9e4ad5b0-f8d1-4522-ba6c-9fec3c3f6620,54,2024-01-08,5678,135,604.6672048173396,Facebook
4b12a083-9d41-475b-a3c9-41ad3f7f88d0,40,2024-03-13,3111,163,289.01750818099714,Facebook
cbf5d7ec-6eae-4239-9ae5-112bae1ed274,78,2024-03-16,9336,103,796.8737695468259,Facebook
4e12e667-82c4-4b1a-b731-5228ce51ef70,49,2024-01-12,4148,197,766.9993392829152,Facebook
b57cab8d-41c4-4493-bec0-a2a511262d62,48,2024-01-15,9739,190,1665.8331489882833,Facebook
6613a28f-cee3-46b5-8adf-8334e02afcda,47,2024-04-27,2119,117,1980.5152954785176,Facebook
2851cef5-6281-49a0-8235-49de4947ac48,93,2024-02-19,5544,79,1481.5912645049402,Facebook
25bcc3f9-d530-4832-a560-3a4442ff2696,72,2024-03-09,6615,176,1914.932836146059,Facebook
851dc65f-93ae-4f45-af59-6e58c87b3a0f,72,2024-02-18,4266,123,1797.328248620299,Facebook
b06517ad-89dc-4848-a602-293385227b98,31,2024-04-21,4682,88,417.00879099968415,Facebook
aaf98835-8bf1-40a2-bd42-37ed97ffe1d3,76,2024-02-11,5169,126,724.2488452335881,Facebook
0040c819-2b5b-41ea-8025-7137a4c23386,50,2024-02-23,3913,115,1371.7692450827185,Facebook
41a85094-ab1b-45ec-b03a-87d38e877c2e,13,2024-01-11,5336,88,1509.9085369320042,Facebook
c60b9248-593c-433a-bbaf-8a3332a0179f,100,2024-02-05,7327,173,1980.848717886264,Facebook
666de51a-7ac7-4c8a-9dce-9dd9d937c783,40,2024-04-08,1096,104,1107.0595319806216,Facebook
0177a37a-1786-4203-8099-d716cb2a0341,95,2024-04-07,7362,113,1252.835575397764,Facebook
208a4afb-1f58-4d2f-abfd-fbbd6f78bb89,35,2024-02-01,3256,186,224.0797347610615,Facebook
ca4dba05-57fa-43b5-b0aa-cf0cf4273155,22,2024-02-22,4322,178,913.3993408042406,Facebook
e808f7eb-3ee2-476d-a7ff-70dca0fa73b6,53,2024-01-03,5591,172,509.2574615221654,Facebook
66bf2811-d823-42d3-a34c-4c4b7f9078ca,41,2024-01-14,1248,121,1952.7891151259005,Facebook
24cb3661-642a-41c5-b6fb-bf4af0a22b53,16,2024-01-19,1359,131,793.0891438049364,Facebook
9fefe0d9-d6c0-4ab0-a4e1-15b1cb8d8368,91,2024-01-05,2408,106,1513.4706973260156,Facebook
1ac33706-1d0b-4724-aaf0-f6e0e1a4edd0,69,2024-04-23,2474,69,268.0403592550447,Facebook
1f2cdb38-1cde-4853-a49f-47f39cf61159,89,2024-01-24,2685,70,1720.0538979848889,Facebook
2632282a-66a7-4459-8aeb-0142bbd2c4fb,71,2024-01-06,8949,172,885.7002142274283,Facebook
164f5017-68f6-4d9e-9a6a-afae741138fa,62,2024-02-06,2324,117,1864.074049888043,Facebook
808c72d6-c513-48de-bcf1-cd873c13f1f3,32,2024-04-03,1691,180,1715.1242610627369,Facebook
a578a677-c18e-4772-a4f6-786425127814,63,2024-01-01,6847,62,1936.97120501093,Facebook
a3dcdfde-a400-4f40-ac66-159af88526ca,71,2024-03-24,3795,138,877.2720364176613,Facebook
71579b8c-efa6-42e5-8d24-25c7d77b5867,43,2024-01-26,6753,80,631.4850414717275,Facebook
9a28e76c-ee07-4225-a1a5-80111c4a132c,45,2024-04-18,4389,153,1489.7790778519782,Facebook
2e560bc6-11e2-4a1b-a717-d1ac8e1fdcd0,54,2024-04-25,4454,172,132.65762311989351,Facebook
7932c0f8-96bf-4368-8707-deb37cec020a,17,2024-03-29,3919,109,1025.5819348437003,Facebook
bdc13f9f-e569-40ba-b7f6-6d063b8bb78b,38,2024-04-06,2832,171,683.5668920655297,Facebook
87d3dcc1-e96b-4f73-84c0-a5cd7c1e39f6,62,2024-04-28,4047,56,342.7872652262106,Facebook
c5d2b21c-babc-4614-8b12-ac81897b6909,35,2024-03-04,4113,94,1885.947392187621,Facebook
457fbf5a-eed9-4d22-a6a7-51b39c4f667a,48,2024-04-09,6886,186,1352.2646795193662,Facebook
dc574279-d37f-455c-80b9-b9a78fde5260,8,2024-04-18,1073,192,226.53591085186412,Facebook
7d46bf4b-6226-4950-a11e-eb0ffe3f1986,30,2024-04-24,1116,135,228.17865357085185,Facebook
b011d4e7-bf4f-448a-add3-d0cae3c2e5f1,85,2024-01-30,7155,146,812.0809079761998,Facebook
38cb7e10-58c3-4f70-bf20-921b24464469,98,2024-03-29,1272,117,1635.790514663504,Facebook
1a5850a0-e485-44b0-9e1d-47dcdd4822b1,74,2024-02-07,5250,60,1643.8647909602175,Facebook
7d66cd34-8f76-47af-b998-504a92cc7f99,38,2024-01-18,8118,154,657.4460361952516,Facebook
fac3fa28-f27e-4b1f-9dd5-bf851ed64d27,2,2024-01-24,1124,126,1461.969797514326,Facebook
436877c6-bc9b-4b8f-acc9-2d57764b2088,93,2024-01-23,5425,130,1905.4854572418055,Facebook
2437f1b0-1637-420a-b7a4-0c23e4b8f2a2,53,2024-04-28,2978,121,679.1758536022165,Facebook
611d7720-e199-4ec9-9f49-5a083454359e,22,2024-03-19,8330,127,1915.4840057667748,Facebook
fdb72f1f-f4be-4dfa-b913-8bd2c3a4b5bc,22,2024-04-04,1222,149,1463.9341144392406,Facebook
64f45dc3-780a-446f-ae2c-1d9596f4b613,33,2024-01-07,4130,178,1144.3036270768807,Facebook
ef6149a3-0b33-42fc-9d16-eebf3715a32e,36,2024-04-02,2226,104,1407.9239249809889,Facebook
f4d7fabe-f85c-4462-bfb1-622a2524fb15,14,2024-04-04,6375,111,724.347570618252,Facebook
d1864f09-2c92-4158-9310-6cc3d053e935,27,2024-03-13,7221,194,1695.3489383124945,Facebook
a2cd4f5d-0258-4c64-96c6-bf84aefe37b3,89,2024-03-22,5767,100,1411.1995586029338,Facebook
3b11ba5f-b7d9-410b-8c64-f99820d43f58,71,2024-02-22,1280,64,609.1638943794532,Facebook
7276d8be-cb11-4d91-99ce-43fabd79f767,89,2024-04-19,7803,84,102.9993254856726,Facebook
dc784cb8-975e-4fec-9df7-e9dbeec1937e,30,2024-04-27,3583,97,510.2387467901192,Facebook
32196707-4353-4542-9188-ed7f43707dba,16,2024-04-24,8038,154,1571.5844529365545,Facebook
0f514967-8cf5-4273-8feb-12d0f61b27c7,33,2024-03-03,3279,152,861.3152028645017,Facebook
630b16e4-944a-4bec-8796-3c8cde7fe750,9,2024-03-05,3086,81,859.7201736345804,Facebook
693570fd-c348-4f4b-9556-e181319917eb,17,2024-03-08,1849,146,100.62302379129969,Facebook
21485ec8-bbae-46ef-93ff-d9bb0fe9830b,65,2024-04-26,8240,175,710.8214051443321,Facebook
1450ca58-7d13-4979-b92c-18b10cb31602,27,2024-04-02,8793,82,1903.9954175157493,Facebook
dc82c0aa-8237-44b0-8c2b-07be1c6cb31d,94,2024-01-16,6288,108,562.1273840983139,Facebook
3903fcfe-3ed3-48ce-b74b-c9a1e75e3664,63,2024-04-17,1697,102,1658.7057836414729,Facebook
9a6e5a14-d80d-4c9a-b73d-ac2e5c76a517,62,2024-04-14,8786,161,1129.7935942020906,Facebook
cec9e9a6-8a5e-4f9c-a3e9-80044af7d28a,85,2024-02-10,7055,107,1697.066752553199,Facebook
1a4cb128-e923-4324-99c7-9264ee968901,86,2024-02-27,7590,141,761.0761273034204,Facebook
e9edbb4a-1acd-493a-a768-1577db6c2d6b,54,2024-01-14,7485,80,103.58765320528204,Facebook
55a00550-aecf-4ad6-b4e5-c7574f20938d,60,2024-01-05,3020,76,1422.8351265719089,Facebook
da45cf53-6f50-4beb-9403-b3bb713b13fd,70,2024-04-02,6175,185,344.95865236449083,Facebook
dcd05770-9f35-4173-b1eb-f39164be6600,65,2024-03-10,4595,57,1832.983366412867,Facebook
3cd77402-8404-4105-96f1-362055f535d8,92,2024-03-05,5630,68,724.4797704469787,Facebook
d2ab806f-0f07-40e7-b867-8b465ad629a8,45,2024-01-02,1375,165,968.4840409147624,Facebook
3f4fde26-4999-4375-9f48-8a0e25618435,42,2024-03-15,7849,197,473.24757803665966,Facebook
29312320-500a-4a92-b987-31a30ef9c39f,36,2024-04-06,1130,77,1717.8848184492936,Facebook
8afe691b-10b4-4ff0-b038-332e27e3118e,60,2024-02-26,6229,108,530.067726210242,Facebook
b68e4c19-cf00-4cd1-a909-0091a294920e,8,2024-02-21,7926,83,1420.242383086958,Facebook
4082d842-1f68-4b0e-83da-3c1f52e26ed1,26,2024-01-21,3584,138,899.0639552307979,Facebook
7ee49624-5502-4fe5-9add-4ff2abc202fd,68,2024-03-21,1150,111,512.877488911565,Facebook
caa64482-f341-4be6-93a7-8a5588fd3486,84,2024-02-14,5657,146,1043.7799388741958,Facebook
7bc70a21-f966-4fe4-9650-66bcb58e3f6f,24,2024-02-07,6283,166,1231.3144407966488,Facebook
aeb3ec2e-8ba5-4f77-b8d1-1084f80a46a0,18,2024-04-09,3425,61,1329.1941631043635,Facebook
47bb20a7-1df8-4803-822a-9817e804cedd,7,2024-04-24,7040,133,599.7569929809702,Facebook
f2118172-0d04-4c81-8fd8-6ac38f3f6977,87,2024-02-14,3885,78,420.7379613657574,Facebook
59390781-bb78-4d7b-b6dc-98449dcb8fc2,52,2024-02-08,5395,189,126.82314143287472,Facebook
01ff0e4a-4e2d-4b80-ae49-15fa5bbca86a,89,2024-04-26,1519,105,198.8258771931766,Facebook
736f174d-b010-47ac-a39c-4295ff478235,9,2024-03-15,3156,52,1060.0212357931662,Facebook
eb03dfeb-3316-43c3-b27d-c46d89642f89,70,2024-04-13,9033,131,1656.95085661905,Facebook
9325e6b4-8ea1-4e7d-89cc-9295a26e7bdd,25,2024-02-02,6812,125,1870.088005628519,Facebook
24d97265-f8e8-4843-88e7-c86258fd0e42,6,2024-01-02,1886,73,1151.5366612824278,Facebook
a4c1b15b-3e55-4617-9348-587a2fbee988,28,2024-02-19,1629,176,153.200271284191,Facebook
501e122b-ef0a-4992-aae8-0fd95afe23ce,52,2024-03-13,2903,101,127.01033403218904,Facebook
cac1368b-8572-4a22-90a2-051b033d9ba5,62,2024-01-29,8947,193,983.36094020735,Facebook
b2146d1a-7bd0-4717-8e65-78f25c8a3c34,12,2024-04-10,8147,176,441.2132487300093,Facebook
fb5f86fa-89b7-4bc6-91f7-21373debbaf1,59,2024-03-13,1007,64,1562.9257027708622,Facebook
7af66651-d285-44b3-a40f-5986a202c36b,23,2024-03-18,8469,99,1610.4417547607495,Facebook
f2c938be-77df-4c6b-b9a2-ca9714f234ad,64,2024-02-23,9864,197,450.7649682690781,Facebook
84f81a7f-fb4d-460a-a5f9-6e61f7bfe110,34,2024-02-01,6292,189,953.8283955059012,Facebook
57feca3a-cc9e-412c-9af6-768271d8cbf0,54,2024-04-24,5883,193,199.16412115592183,Facebook
7d9c62ae-eb9c-4106-9473-30e835815053,1,2024-03-31,1935,174,1372.5738211328369,Facebook
e41b89df-6f4d-4c6f-9ec7-124b013c6a38,15,2024-04-15,7330,171,1420.4630131459733,Facebook
d17b35e2-adf8-429c-8637-b8fd517c7a2b,78,2024-03-10,8777,142,663.6328044892078,Facebook
e9a3706d-a602-4aad-8ccf-f3bd53a04f70,94,2024-03-28,3475,158,141.1486602476274,Facebook
14a6191e-2414-4af7-beaa-b80c7fbf7324,58,2024-04-27,2123,125,1975.416462637162,Facebook
97c59493-fade-4dfa-89a9-8ab9e9bc4377,41,2024-03-18,1711,153,1266.6900941086956,Facebook
e871bd12-a912-411f-9fd9-78e03540d876,99,2024-04-17,7598,109,1729.95867065606,Facebook
bc919dec-e472-40f7-88be-d46f47809943,33,2024-01-02,4531,107,529.9593838169512,Facebook
09fd473a-0ad0-48c6-9e87-f0f24ca4dd4d,45,2024-01-06,9959,142,1520.510126691518,Facebook
59abf71a-1a9b-4bb6-894e-35e19b2d346d,77,2024-03-17,7318,149,1548.133698834585,Facebook
33d96441-085e-4daa-ae19-788987c03e4b,34,2024-04-22,8915,95,757.4258295428745,Facebook
908ad784-d6a4-44e2-84da-4ed517fc2b77,49,2024-02-25,2960,72,723.2944908916426,Facebook
50a18e71-8a93-4c4b-bd39-33fb185a2796,57,2024-02-12,3584,72,1207.0872760705124,Facebook
79493c2e-ba31-4ee4-a479-5007b386989d,15,2024-01-20,4600,73,693.1293630237247,Facebook
d984db74-e396-42e0-b58b-ca6bfc717ecb,2,2024-01-09,8351,66,1258.3447561588443,Facebook
f192eb25-8a6a-4bf4-b615-8c8a329c68e8,93,2024-01-30,3828,92,354.23814324555485,Facebook
a80faada-454c-435f-b5db-b392cf27b1b6,82,2024-01-23,2516,193,1662.1314284278349,Facebook
8b598a32-fceb-436c-ac4b-7969d6c3158b,8,2024-01-23,3307,54,1435.5874002746218,Facebook
71db18c5-9e98-4938-b0ae-6e32c4e7f296,47,2024-04-06,9554,63,867.1837426886781,Facebook
7cf35b2c-82df-47a4-8a40-24aeaf51e8a6,12,2024-03-29,4738,180,420.67906768182627,Facebook
50a55afa-172d-4a92-a269-3382c03c76e9,34,2024-01-08,2328,166,1588.0066134174235,Facebook
8499b2d7-2f26-4748-b52b-bc6ba0c0381b,9,2024-03-20,8998,83,685.5340617381651,Facebook
ebbc53a9-14ad-4255-8763-e293282763f7,64,2024-03-02,6820,132,1462.3446946899278,Facebook
7d182b5b-b2de-4925-9057-5e98a56412f6,14,2024-02-23,6532,178,617.7707542196283,Facebook
dcfa7331-0ec0-4eba-8d37-382a0abe74dd,80,2024-01-27,5062,162,240.35876346880403,Facebook
01806ce6-ecc2-4a30-933b-5829a21dae17,42,2024-04-02,5587,90,484.2297389952281,Facebook
0f78434b-4f13-4b6c-ba20-314cdf73b496,41,2024-02-14,6050,84,1810.6855829016567,Facebook
65c0d760-4a8a-4a8c-bd1e-491287b9ff6f,88,2024-02-04,7033,194,1699.9677420477483,Facebook
7737b985-3264-4a2e-b132-7572544c1b72,39,2024-03-04,3288,142,1059.0879931692484,Facebook
ac8b3dcc-86db-48bd-9950-bc37672327d4,83,2024-04-11,5651,199,147.62539780220266,Facebook
97f152b9-e164-49d2-b051-249ed225067b,4,2024-04-21,5413,78,1129.3793021947856,Facebook
60a0e434-5f56-4db8-856c-207e69e1a640,43,2024-03-02,6269,67,1603.1129916397665,Facebook
85863107-9e6f-4d30-ba8d-19e38b52efd6,89,2024-02-06,6240,146,1685.7695480837103,Facebook
04e5ccbb-3d66-48bc-8836-a0cb9ed529c4,4,2024-03-02,4023,113,408.4079148398513,Facebook
9f90dae9-4a3d-4d80-8051-fc5c488b5547,75,2024-01-20,9123,67,1986.9442825365168,Facebook
23d4bed8-74e5-4c78-af59-debd5b9e2dd4,9,2024-01-04,7383,149,1738.8144107837472,Facebook
fedf0646-5091-4ce4-8eb0-b546bc9de812,4,2024-03-01,1614,97,616.6584359535298,Facebook
ed463aab-99f8-42ad-a356-af5f1fc9ec25,65,2024-03-18,3799,87,1191.1506692623775,Facebook
25ecdf3e-5586-405e-8d39-1a6a2894f930,64,2024-04-22,7803,78,706.245034029073,Facebook
e87f841d-e853-4665-9ca0-384af4f87db1,32,2024-04-20,9101,89,240.77529164009255,Facebook
6a2d7188-ca87-44a5-b820-9655a082dd9c,41,2024-02-10,7744,156,333.4261872698855,Facebook
b3a834a1-804f-48ba-bcb9-fe49a6d15aba,96,2024-03-27,8767,135,477.97760483217706,Facebook
ca2d0915-b62b-40e4-b880-d2a89c96772e,7,2024-01-06,4699,177,842.0786652681785,Facebook
c15c228b-c427-43ae-afa6-3c110f9bad01,90,2024-01-11,7567,172,399.93070973683,Facebook
816e83c3-39fc-4bce-b6c9-f5ef7c3a0f2d,72,2024-01-09,2205,79,1277.1078245288047,Facebook
0a8f023a-0fa4-43da-b840-e3b1ac5a30a1,1,2024-03-16,2116,144,1691.3129036585965,Facebook
38c74ff1-ac4e-4151-a02e-8d4aa9423a6c,85,2024-03-06,2287,66,1500.2667252946003,Facebook
a8a0e8ea-8543-484c-8159-83ee1665ef40,89,2024-02-28,5766,97,1935.69967225253,Facebook
0c5d2d8d-0d2b-4b03-a0ff-e5ad540ab21e,69,2024-01-10,2884,116,1072.1466108278364,Facebook
dfdec156-92fb-48c2-9214-47661298146d,43,2024-03-23,4533,85,121.53275184195684,Facebook
02c8cdbb-e18b-4c96-86ef-8da94f9932c0,20,2024-02-20,8487,141,909.2327708884532,Facebook
37138a5a-314d-4280-9f37-ff0e6b7f918a,99,2024-03-24,7709,126,1348.8324493787982,Facebook
4e8fabca-e9db-4b88-bc90-b026534d5985,97,2024-04-27,8930,166,1417.516975736656,Facebook
bbf53a09-5300-4aa3-a251-561a90752710,64,2024-04-16,1725,96,215.36647360044685,Facebook
65ad44eb-ec38-4c60-97c3-033e15e044da,91,2024-01-30,5175,161,1822.256750278724,Facebook
5851a51f-23c5-4e4a-9d4e-1fa79c543917,54,2024-04-24,9115,189,1981.4373599391645,Facebook
165585f1-e865-40b3-adaf-6d118ec3d823,35,2024-02-02,7016,82,239.39127024003523,Facebook
2c72c32c-86de-48a6-a09b-53cc56301d03,99,2024-04-01,3684,148,559.494840803485,Facebook
9c3abc0a-f9f4-430e-be9d-60deb7f33420,19,2024-02-15,5763,199,1752.8919857707035,Facebook
171c5c64-dfad-409f-a879-6bb504315f35,100,2024-04-18,4178,109,597.8053971505974,Facebook
9cfe37a1-6e7a-43aa-9a3a-40b6dc7c0963,82,2024-01-03,6949,73,319.950407044841,Facebook
6bb2e0d5-c74c-4a0d-8ba6-6bea206a493f,98,2024-01-17,9163,123,1532.809309444693,Facebook
f2c2c793-ca3e-4ea8-b426-0d82f391f97f,83,2024-01-02,7313,154,967.1983836117956,Facebook
f86705ee-9cde-4f40-a862-11c3608d975c,25,2024-01-29,8690,87,465.2984486842436,Facebook
0798ba83-6e08-4981-9e3a-d813ff945862,41,2024-01-26,1794,163,465.4821842960941,Facebook
101a0fc8-b747-4f18-acec-751ed0420804,41,2024-03-21,8454,166,1172.0041663190648,Facebook
32112d60-5131-40af-b3bd-7c6982ab2b81,51,2024-03-20,1071,196,1418.5165174600197,Facebook
b8f5f527-537a-48a5-a854-344e3e177d94,79,2024-04-02,8461,152,383.4412184556994,Facebook
86753b53-2a17-482e-bbae-1f3ed89584d9,46,2024-01-20,3662,174,931.0944587297266,Facebook
8d81f747-458f-438c-8b4b-3e614d34c21f,98,2024-03-02,6318,116,751.0231244425255,Facebook
48bc0fd6-d703-4390-852d-839035a56f55,78,2024-01-26,5888,133,1903.4763462935869,Facebook
6ee127f2-f2a8-4fbf-8e29-a452ec29649f,60,2024-01-31,1331,100,1091.5634815275305,Facebook
aceeccaf-ced0-4ca6-98d6-11636865148e,38,2024-04-11,5033,176,744.8437938448393,Facebook
d9c0502c-31fe-498a-96d6-8685ffcacc7e,59,2024-03-17,7998,112,1453.511716600069,Facebook
daaf6d89-50bf-4849-9ed6-3006a6e75bd1,83,2024-02-03,2192,124,318.75078991300563,Facebook
6fc0a295-1352-4b9a-8066-57ad1d0c4c42,18,2024-03-12,8932,173,1666.5605821637132,Facebook
692efe99-0dc6-4777-a332-c17247c22182,41,2024-04-17,7096,160,1405.3964282205122,Facebook
3d4e877d-cb81-4213-8944-cde63981f102,83,2024-01-11,3107,69,376.231878767647,Facebook
fae971d8-9401-48a9-a37c-2bde477916fb,19,2024-04-06,9615,62,203.65970440494388,Facebook
8409cdd6-0c28-4f17-8cd1-c5f9b82cbe6e,71,2024-02-13,1301,120,1039.1661138503696,Facebook
212bffb6-c04f-43fe-980a-2d2246bfe948,27,2024-02-01,8554,145,1793.1196345050917,Facebook
13ffb859-8f8d-4bf6-8f25-4c3b27f6cf66,14,2024-03-12,7115,154,1838.642363171282,Facebook
bc3a9bb6-7f0e-4887-87e6-e6a12da17e15,30,2024-02-10,7277,194,1591.605740683503,Facebook
61a4aa40-8603-452f-9d4c-f7b68f9b24f6,80,2024-04-20,2329,129,843.4604948736737,Facebook
8ff36c61-39d1-4af9-a95e-30f80be12841,23,2024-04-25,6919,69,1528.7502156011624,Facebook
f628f90a-4cf9-44a2-b654-4002e9e36cc7,96,2024-01-20,1244,174,812.8772320437291,Facebook
b752cdf0-0033-4407-be2c-d64f312471a4,87,2024-01-01,3880,146,1229.801190338046,Facebook
18093051-4833-4973-bce4-3360bd3212b3,16,2024-03-27,3827,120,1468.7642828181483,Facebook
bbad5478-2c5f-43e2-aeda-7b63a945f700,33,2024-02-13,4229,167,525.515484499057,Facebook
e1a292ed-7a90-4c98-88f9-82361b6f7feb,48,2024-03-09,9170,122,1231.1171021299187,Facebook
61285017-6dfb-4202-9057-da491fae74d9,32,2024-02-03,4238,149,1278.9839544625215,Facebook
8c7b1d0f-0949-49cc-8110-9d9f31a34a57,47,2024-04-20,4352,199,926.4208211934242,Facebook
5a32094d-0402-4bd0-804a-9c87e76baad3,28,2024-03-23,4302,172,1153.0920462997442,Facebook
194445c4-fc44-45eb-ade0-3df236aaf684,70,2024-01-07,6167,66,587.9348283964292,Facebook
23849df9-d963-415d-bf00-565b4f9fd5a0,27,2024-04-11,7640,116,593.5660799117916,Facebook
9c24bc0f-3b3c-494e-8c01-ba93090612c1,43,2024-01-27,5390,161,379.18199469356176,Facebook
9b3fa9cf-0fb2-4c16-a4cd-d1e7ac194972,85,2024-02-13,7203,176,483.4631885063388,Facebook
d882c256-4607-4f5a-9364-367de0617f25,53,2024-02-17,6164,156,948.5334337149782,Facebook
32a239b6-c446-4a88-b4b4-9a45dd6ca798,86,2024-03-19,5639,191,1096.1708123402504,Facebook
ec814147-bc37-44e5-82f3-862288c01de7,23,2024-02-10,5684,122,486.80258072177975,Facebook
f9d9f458-6fb9-4f7e-8a90-c3c33bc52438,31,2024-02-21,9908,132,927.623339188629,Facebook
7c050070-b750-4d8b-b231-132952bc4e80,2,2024-02-22,7152,143,349.70754383260305,Facebook
fc0a33bb-ad94-4fab-a96e-186b47754150,43,2024-02-15,7199,93,1231.3543339321411,Facebook
661d11fd-380a-41b1-93fb-fc2bc57bb33b,38,2024-03-09,3312,126,263.76836087539436,Facebook
7f299881-1db7-4116-a4b9-6d18fb9af75c,76,2024-03-06,8279,138,1851.3015140093617,Facebook
e0cf3204-6242-49f5-a1ad-ac54d3a4dff4,94,2024-02-14,9785,66,1623.9317000311466,Facebook
c93e7f47-6b2a-4996-85fe-e91b7d5974c8,86,2024-02-15,8833,66,1598.8736320224648,Facebook
dc6befd6-f2ec-47fe-b92d-578c345c7666,54,2024-01-25,6600,61,1400.6945507107348,Facebook
51b9563e-10d5-4356-830c-5b670bfcffff,44,2024-02-29,1074,143,1714.9260203316544,Facebook
b4064cfa-ab80-48fe-9736-c383b5db1f67,3,2024-04-17,3658,111,209.48513523593337,Facebook
b5e579ce-ff31-45b5-8ec3-e6edb6713e12,84,2024-03-21,4492,74,1168.312155408452,Facebook
55f83bd2-9b76-418c-bc97-a2a1710b9541,25,2024-02-24,3457,137,236.18014717884955,Facebook
4c2887aa-3399-4ef7-8703-c3eff3e90f94,27,2024-03-26,7445,164,1530.7482901402227,Facebook
24afbcc4-1af4-4610-a111-1da5bf445065,64,2024-01-02,7300,102,582.4486804096723,Facebook
fa820b92-beac-4e02-9842-836fc43177ba,38,2024-01-13,9194,191,677.4506106644002,Facebook
56415266-12e3-4466-9d81-ada594cc3cbe,90,2024-02-23,6553,53,241.56543988213664,Facebook
af131cc9-2fa8-4b11-803f-dcf779571894,40,2024-01-25,1632,185,520.1690784436992,Facebook
c7fab3cc-1f3e-489c-8591-e11b5976e7c7,55,2024-04-22,1981,92,812.4940274674093,Facebook
1e514cc5-0da1-4ff7-8aef-6272fddb94c1,84,2024-01-17,4233,154,1239.3989689157534,Facebook
b1cce815-0dd4-465a-bb0f-30f3d6117f1c,62,2024-02-19,4152,151,158.52616400567004,Facebook
f1d8d73d-15bc-4f0e-8acc-c8b0db2bfbe8,95,2024-01-07,5411,149,123.74551189184533,Facebook
70dcedf8-5354-4037-b3af-a2ad92ac6b86,68,2024-04-24,3358,115,1633.485465322398,Facebook
d6ee9b8b-7449-4ed6-b32d-7d0e2fd86165,59,2024-02-20,5200,121,130.38035212045094,Facebook
0900c4c0-adec-48cb-a9a4-c675cceba4f6,26,2024-04-24,2677,190,179.9252307086097,Facebook
4dab05bd-ff3f-480d-bb16-fd3a17cb14bf,67,2024-02-19,8136,192,1435.7275403750127,Facebook
b8d0e136-afa9-4538-94f9-9e67eaa7d7cb,81,2024-01-04,7524,99,518.6096983647826,Facebook
bc391b65-ac7e-4610-a952-2d64da8efd8d,24,2024-04-18,4311,116,838.2828255645793,Facebook
f3652f17-5c52-4e86-b453-58d26f0a2e2c,80,2024-04-20,2863,132,1922.206032844581,Facebook
860e8093-e0d2-416c-afbb-21f9ac6c500d,95,2024-04-15,9392,96,1093.7170762924093,Facebook
69d68346-913a-48f8-b2a2-dba932109cbd,16,2024-01-24,6596,111,1441.0314786611298,Facebook
61b3a254-c565-47f6-83f9-b40bcbfa6769,100,2024-02-08,2332,52,604.0677258213336,Facebook
9532fff6-d2a3-4775-b134-d36334e7d5eb,93,2024-01-25,7444,104,1746.0752676602528,Facebook
3555bdfb-208b-48dc-8ea8-590363efd596,75,2024-03-26,6358,111,1252.9316755054583,Facebook
eaed15e4-e61a-4440-9168-6394764fa8cd,26,2024-04-24,5540,184,780.4052216555909,Facebook
709cfb0d-7862-4fce-b1b5-f2bd6c03ea83,24,2024-04-12,6238,93,697.2309454135166,Facebook
c6e1f388-e294-4649-8dac-1f99fa860d0b,99,2024-03-02,7213,82,185.6319786466787,Facebook
1cf9f7df-8305-4a89-a762-ee9772952836,16,2024-04-05,3346,59,1982.5049348210696,Facebook
d011e64e-d174-4dc9-a8ce-090960ad87d6,84,2024-03-27,8106,79,382.816601645728,Facebook
