session_id,customer_id,page_views,session_duration,source,visit_date
e4bf85d5-8ef4-4bc9-8d74-be2d5eaddea8,634,7,130,Direct,2024-03-19
8f4782d7-7683-4cf0-996b-ab930c372773,199,5,281,Referral,2024-02-23
01e2b3e0-2442-4fca-a432-61ac4e5611cb,468,8,287,Referral,2024-04-17
d853e422-c25b-4c7e-9165-50ee418282cf,835,10,118,Referral,2024-02-21
1f1c4392-a723-4260-a736-6ced3e5bc17b,979,6,46,Direct,2024-03-30
baa04e62-4a5e-4412-8a17-7ce727dbdf2e,843,4,122,Direct,2024-04-19
eac07e8f-6579-45c2-bffa-c75c3acf7e26,450,10,138,Direct,2024-04-07
96ba4689-bc2a-4ee4-b128-6fe619a54dee,204,3,123,Referral,2024-01-09
5d208663-9bb1-4ba2-a575-9e7cc5e44762,490,6,61,Referral,2024-03-05
07f4150e-0ede-4c95-96f0-73fdda84849c,418,3,120,Organic,2024-03-09
a6a1954e-1f88-4a25-b4c2-856fcbba595b,41,2,102,Organic,2024-04-12
d60ed5da-c90a-44df-a598-29490f672ac7,363,2,106,Organic,2024-03-28
86b64ea1-e5c0-42c4-acf1-87cf4465b172,603,8,139,Referral,2024-04-04
aa2bfe4b-9fc5-49e0-a0c7-006924ceedf1,102,6,150,Social,2024-01-06
5d47af34-b562-43ba-97c9-3953d637e887,317,2,259,Referral,2024-01-16
bf0f7d2b-8018-4298-bce4-ce3a122bb343,823,1,81,Social,2024-02-20
5a7babbe-fff3-4e6a-aa78-422775193133,836,2,123,Organic,2024-01-23
a3cb93d5-66b8-40ea-a808-98e7318b983e,485,9,274,Social,2024-02-14
3b42880b-8a61-4b66-a5ab-dd7b441978e3,526,7,221,Organic,2024-01-11
bc5444bd-177d-4333-8b00-38ebf1f59be4,934,6,39,Referral,2024-01-10
7667c80b-5ef1-46a0-9d84-aee1ae596a1d,242,5,271,Referral,2024-02-04
7245c851-92e3-4ec9-9531-7a5e39b20923,605,6,65,Social,2024-02-09
06b09e8a-d7d5-4d49-936a-2b6571354023,846,10,160,Direct,2024-01-19
88957c2a-7464-4964-b907-334d5fc159b4,66,10,252,Direct,2024-03-22
6d32948c-e037-4d82-9dd3-12bdc71a5542,726,10,31,Referral,2024-02-04
fca1a2ea-3cfb-45e8-bc23-96f415886288,176,4,284,Organic,2024-03-14
44902816-cf1b-48e5-8a88-d646cad919c7,991,9,93,Social,2024-02-09
6c6bf720-a580-44ce-9c5c-269e87f345bd,498,8,139,Social,2024-04-01
8997cf59-af1a-4958-9b64-9f5741de133a,168,9,206,Referral,2024-03-20
0f115631-e1d1-4eae-aedb-e8c63d561b74,581,10,60,Direct,2024-02-19
b28e15ae-f2fd-490d-94b1-57bf3cb0e67e,430,4,154,Referral,2024-02-15
5f199699-c9c3-4902-8991-04d66a015d01,584,5,226,Referral,2024-02-23
49532b28-0376-4c3d-8447-34743c348b92,328,4,132,Social,2024-01-23
3525cfdf-e445-4c3e-82b0-8d60d5ce4ec0,554,6,36,Social,2024-01-14
fa6aa17f-e584-4d58-b834-80a5a7199546,70,9,90,Direct,2024-04-03
b4bedbe0-df5d-44c8-bb29-8bb3cb919d8f,953,8,165,Social,2024-01-01
1b24382c-a0db-4063-9b8c-5de9c78ccda9,132,1,105,Organic,2024-04-05
501322c1-5a25-4a02-aee5-636c0b5e641a,654,1,238,Organic,2024-04-22
a3a5ecac-f761-478e-892d-7a15588d42a8,109,3,97,Direct,2024-02-07
de353d78-4390-48a0-8412-1393348588f1,459,6,290,Direct,2024-03-13
5e986439-7c3b-46fe-8e23-2e6cdd0058e9,664,8,212,Referral,2024-02-27
ead81c28-b3d2-4afe-97c1-7d9f0414e6f0,525,8,139,Referral,2024-03-29
b9d3d6e3-7a3d-441c-88ec-05237d2c6bf6,54,10,104,Direct,2024-03-02
9f86cca2-4d70-4dc7-bb96-6ac68ec5f3d0,532,2,205,Organic,2024-04-04
725d5c6b-204e-4040-b287-fb834ebc4ad9,171,8,148,Direct,2024-04-23
42727aa7-c479-46a4-b221-a25af13dd07e,677,1,294,Organic,2024-03-27
939b2b01-9258-4b24-8f43-fe9c27dd78f5,254,2,292,Referral,2024-03-12
36318137-25ed-4c02-a0d0-ae9fd2e408ff,20,4,284,Organic,2024-03-05
cdccc0c3-240b-4417-951a-91a35e730e84,632,3,77,Social,2024-02-27
cc2d405d-6f61-44a1-a675-5318c27cbc9f,988,1,256,Organic,2024-03-11
2b40f47c-7b3f-4190-9bb2-9bc4527c7ba4,229,2,220,Referral,2024-03-23
a678000a-15e4-4f33-a46d-846285f4f878,446,1,134,Organic,2024-03-22
e1c33933-b00e-4f8b-936a-6eedf739f810,843,9,71,Direct,2024-01-26
2017816f-c5ed-4114-b52f-fae42c056825,502,5,88,Referral,2024-04-02
9d5379f8-d165-43b2-b701-def1e49b16b0,269,7,44,Social,2024-04-05
78aa09bb-0111-4890-b256-9a84989ba656,712,9,99,Organic,2024-03-20
67817150-040e-4b23-9423-3e799f7f8412,7,3,37,Organic,2024-04-07
51799f48-b2c6-4c23-9c35-332cebd727ab,167,6,289,Social,2024-04-07
bea86193-2b55-4dfb-88ce-d2ff54aa2ddf,892,2,32,Referral,2024-04-24
87d14c0e-5185-4445-bd30-3fef045b4a4f,698,5,152,Social,2024-03-18
65ad0ff9-d791-4598-addd-d27d52caba9b,193,5,73,Social,2024-02-21
f0751193-656e-4cf2-a8c4-14e3b6191bfa,903,7,121,Referral,2024-03-03
b209007f-69b6-42d5-8767-f34b0fa088e9,848,1,32,Social,2024-02-28
1e45043b-2ecf-4374-8176-3001ecf6d626,763,1,69,Direct,2024-04-29
a3d847e4-c088-41e0-90e9-42fd19ef8f21,970,3,295,Direct,2024-03-15
3b6d09a1-1d56-4dd1-a50a-5390853c290e,152,4,131,Organic,2024-04-21
433e6b19-2e9a-41d4-807f-0fed9244a20c,711,10,66,Referral,2024-01-28
371211dc-17a3-4930-b900-958fc4a8011b,154,9,135,Organic,2024-02-25
eb8fcce6-4381-4537-b307-970c91cf22e7,239,1,193,Organic,2024-02-08
ea906521-a719-4f0d-9175-ccc50fd4d3fe,232,10,214,Referral,2024-03-28
3463a1e9-ffae-46bf-a68d-203afed89da9,717,1,286,Organic,2024-03-04
be31574f-8772-4b36-a87e-09ebd21622d0,793,10,213,Social,2024-01-19
9baa017b-5185-44a8-a8de-d0dfc2f4c804,598,9,230,Referral,2024-03-08
35306def-b3ef-42ed-be07-4a12839e206d,590,6,259,Referral,2024-03-29
46887721-2cdf-4ad3-ab79-3788860adf5d,312,5,75,Referral,2024-03-15
7dfe6bf7-fc71-4bb7-b59d-7ef91105a0e0,400,7,66,Organic,2024-04-22
1a866682-5d81-493d-9079-67e77bd43405,919,8,49,Direct,2024-01-23
3c449150-26df-43c9-9497-da2f3202a8f8,726,2,41,Organic,2024-03-21
fac6f2d4-3f98-4796-984a-17f53b719682,79,1,94,Referral,2024-02-02
db5b1806-dda2-4282-b1f9-b18d9135ff04,843,8,219,Social,2024-03-29
75117b38-22fe-43e4-b346-54f47190603b,909,8,49,Direct,2024-01-25
0505de31-4312-4187-8be2-2c843044b974,507,5,122,Organic,2024-04-29
5b60849d-932f-42b6-92ab-1d3796c6178f,660,10,101,Direct,2024-01-04
52b10af2-af8c-447b-98cb-311f7f5fe408,542,6,217,Organic,2024-02-27
1989fe7e-ec66-44cd-b757-55f9426e47e8,106,4,232,Social,2024-04-16
b5ca3f4d-45d7-4557-bae3-40d853df633c,148,3,39,Social,2024-01-27
e4f5731c-daed-4f8d-93c4-1dbe3a78dd1b,30,7,270,Social,2024-03-16
3cf9e7b8-3a31-4def-ac20-8c4cd3a005c9,827,9,89,Direct,2024-04-03
808c457a-d5a7-41c7-8518-ea6351fb6b0a,1000,4,172,Organic,2024-02-19
43a68c7e-8c2b-4513-8725-2b36c5aad9f2,436,3,48,Organic,2024-03-03
49dc4c76-6eca-4d0d-b15a-f3f36153484c,932,9,207,Direct,2024-01-17
d204c931-2430-4b33-b7d9-912f92b20053,928,2,216,Direct,2024-03-21
29c84a0a-c905-4d91-b3fe-96d43d95f2df,293,5,242,Direct,2024-04-24
9b3dc631-98d3-4bef-b8ec-ca43114e7a04,850,5,111,Organic,2024-02-15
83eabd45-1b2f-4d89-8f94-a35a00b4d11d,479,10,212,Referral,2024-02-22
f949859e-23c3-41f2-875c-517842f9d25c,46,3,214,Direct,2024-03-18
1dd5821a-2c6a-4561-b61e-97c0ebe35154,838,5,32,Social,2024-02-22
b0989fac-cf2d-4722-ab53-d4aae1558d90,42,3,140,Organic,2024-04-12
240b1afa-c2f7-433f-a912-7b80ada1c3de,662,3,265,Social,2024-04-26
43da0d2c-731a-4cd9-966a-ce8ecd3e7507,178,8,175,Social,2024-02-14
b54972ca-e39a-4dab-a572-ffcce668ea54,525,10,177,Organic,2024-02-27
27221526-db7e-4aec-8999-789f4e52f8be,732,6,212,Direct,2024-04-15
0fb7fdf6-258a-4ce6-a149-44cbe3896e16,950,4,225,Organic,2024-01-05
ddfc7d7f-05b3-41f8-a0c3-eed6ab40d692,977,1,256,Organic,2024-02-14
a30aa772-0e3b-431d-9643-9ff82814c346,337,7,192,Referral,2024-01-12
dc5f2eb5-5c66-417f-aac3-271a51ac498c,426,1,154,Direct,2024-01-21
abfe04a3-ad60-479e-a912-473cdb36a60b,79,5,206,Direct,2024-01-18
542c5d78-5243-4d2f-8668-0451ac2576b7,120,3,256,Direct,2024-02-20
2b5936e8-3f3e-40c0-920b-11e47a89a87e,758,2,47,Social,2024-03-08
459e2c93-ac83-4abf-bf6e-506a71b06c24,694,5,135,Referral,2024-04-20
079c0a4e-9064-4d74-977f-786c895887bb,637,3,136,Referral,2024-01-15
220d8707-6dd6-4554-9d5d-b0548b106760,443,3,196,Referral,2024-01-14
9de15429-a124-4d17-9544-9b3d9fdabf9e,936,3,108,Social,2024-01-08
2536456a-38ae-41f3-8c75-45a71de4e10c,776,1,198,Organic,2024-03-06
43d423e0-bea2-4adf-ba1b-ef16e0e26d6f,25,10,274,Direct,2024-04-16
fd354232-519d-4e91-833c-c927aa86d22b,312,10,168,Direct,2024-02-16
057242f9-49c3-4f4d-bc78-683cbe3c3f61,977,1,219,Organic,2024-02-25
6bb56035-564d-4219-91c5-71ef7b47a303,591,9,157,Referral,2024-01-29
278853be-4d95-4c33-880f-fbd0f620ea5c,519,7,259,Referral,2024-02-21
dc2453c8-3b28-426e-8859-f854c265b7a2,913,2,54,Direct,2024-04-02
f00bf4c9-e53a-485e-b21a-2a72490c812a,642,5,211,Social,2024-03-24
5ed47e15-8d92-4a9d-a31b-3da70d4da3f6,640,10,62,Organic,2024-01-10
49d691f7-fb85-4f3e-9292-313d1138d12f,296,9,60,Direct,2024-04-01
dd9c3b70-de21-4c20-ab28-3bb4debda848,34,4,191,Referral,2024-03-05
6c7540db-214c-4363-8526-d0fb6e9d91cc,3,1,149,Social,2024-04-22
4f8b2207-2518-4576-81b9-b22a023cd625,566,7,278,Direct,2024-02-24
7d5ad095-0eb7-46ae-9f51-3737fc4ded3c,65,7,281,Social,2024-03-02
ce07ff8b-9b2d-462c-9abe-102f5995f636,51,1,173,Organic,2024-02-14
0eb3fdf5-7166-444c-82a2-a308a2b31c72,699,3,251,Organic,2024-04-03
bc331448-f5d5-4e47-9ca2-40b09fdad51e,664,6,255,Direct,2024-01-31
c0bbd881-3fe2-4fe8-886d-3298658bcf29,602,5,104,Social,2024-04-07
00178b75-d696-4c1d-b092-9a0d4989ff6a,242,7,91,Direct,2024-04-09
5edc7403-0921-41b2-ae37-31cfe0fdf8eb,79,1,68,Direct,2024-04-03
c7aa8890-1f8e-4b69-a081-ec3437683781,275,8,289,Social,2024-02-21
5a0da3d9-03ba-41cd-9637-4069fde55769,282,2,32,Organic,2024-03-01
feda8d5f-d3d0-4f44-893b-03517db196ee,162,5,288,Referral,2024-02-16
e84101fc-4aff-4df5-878b-9f53f19d0078,638,9,229,Organic,2024-02-19
2f27f32c-92ca-4646-a974-2a0b8e3da399,886,1,159,Direct,2024-02-17
8cd57ac7-cf7e-4c95-8931-5ac5213055e8,993,3,221,Social,2024-04-27
b5b9e6f2-024f-4a0e-aa3f-c3d02d3bfc84,460,2,56,Social,2024-03-31
36e820ae-84f4-45e7-bbf4-598ca0522e5e,580,10,213,Direct,2024-03-28
2c6f6b75-33b4-45e8-bdd9-f1ccd05c358b,23,6,47,Organic,2024-03-22
876c11e0-6007-4267-802b-6051253cd9a1,375,3,219,Referral,2024-04-13
3cd08faa-7985-4dbf-a122-049fc07c8ec7,644,3,285,Organic,2024-03-29
909f1705-c0d0-40bc-93fd-d1433531507e,422,9,267,Direct,2024-03-31
0f620e11-347f-4ce9-bce9-f769c3d74374,971,9,73,Direct,2024-03-16
b7d32239-49b3-4a84-a6d4-60b3421b2e03,901,9,179,Direct,2024-04-06
5c1df707-993d-455c-bc74-d0763b3de8b3,590,5,283,Social,2024-02-01
7b0f8dbf-0b60-4f03-9561-f26ffdcbd5e2,231,8,103,Social,2024-01-05
40f9ee4b-65d9-4a8b-a5ad-c3f1a0b8695b,126,1,176,Organic,2024-01-16
02c89ea7-38f2-4b93-8d77-ec315d6db943,436,7,225,Organic,2024-04-26
362346b0-8933-45ee-be3a-165d95b14943,651,6,78,Social,2024-04-16
e7a14e13-9f80-40ae-875f-f2a28e22b9e7,521,2,189,Organic,2024-04-13
0b38adbc-29fc-434b-89a7-4d0b87954fc2,261,4,162,Organic,2024-02-04
cdcfaf18-b00c-41fa-ac64-489c904664b2,130,1,159,Direct,2024-03-27
500ad60b-a050-4bbf-8d92-dffaef747d0f,42,4,77,Social,2024-01-17
64be455e-2053-4733-bc7f-e63a84fef093,389,6,206,Organic,2024-01-07
4d2b3986-b19c-47b5-b657-fc70694d7267,467,9,292,Organic,2024-01-16
928132c3-8a47-43b3-929b-af78ba2a4023,153,3,66,Referral,2024-02-24
acf62949-dbfc-4936-a29a-a61faa110ccf,623,1,224,Organic,2024-03-21
e07d2e30-f1e8-4459-b080-816040c0ac46,661,7,66,Referral,2024-04-20
29e13fdc-81a5-4a75-8e3a-d4563d0de7d3,712,7,232,Social,2024-04-12
c90093cc-2872-4c61-9672-bdfd9a6392aa,934,8,143,Direct,2024-03-04
029342d7-a6f5-4afb-bc13-2ffcc830caeb,928,2,99,Social,2024-02-16
e7612e13-a553-443b-8347-c300ade29d63,371,5,115,Referral,2024-02-11
4545ccca-dd58-4898-968b-adbc357b1b58,74,2,181,Referral,2024-01-02
312c78a9-879d-4be0-ae9b-28534567da4e,8,5,103,Organic,2024-01-18
fb529385-86a8-4b26-a964-253ad47d8c32,196,2,104,Organic,2024-02-18
9a7dfc16-e65a-45dd-94a6-169b0a635f22,531,3,94,Direct,2024-02-03
7b9a83df-446c-486a-9057-cf4a1aa928ea,959,5,60,Direct,2024-01-26
1c77d9ee-a1b9-4472-8542-1c3062b3c006,362,8,118,Referral,2024-03-30
97157635-ac64-4c31-9f4c-cb224101f191,194,6,169,Organic,2024-02-10
6d5cd497-6baa-4105-8291-2719e63ed07b,526,6,258,Referral,2024-01-07
42e79590-51f3-46c3-ab03-c716d47d1a0f,583,4,293,Referral,2024-04-16
9e49b283-4347-48ed-9fad-0457452b57d5,383,9,216,Social,2024-03-26
d8ae845c-f81f-4cc6-8212-35a463d5ecf3,710,9,156,Direct,2024-01-04
029334e3-16d3-4f3c-8bf2-569f1489d3a0,592,7,131,Direct,2024-01-22
d613f7df-9621-4723-9752-78f5554315e4,676,10,101,Social,2024-04-19
f7cb5eb1-0678-4b64-9bd0-0b1a0c496c6c,326,8,136,Direct,2024-03-25
090e5baf-5ad7-4bf0-8f92-0545350d2a15,317,5,129,Referral,2024-01-24
7bae0abc-d69f-4e50-98d3-969bf4fe13ac,296,10,284,Referral,2024-01-30
2ad1e0af-a977-4ffa-9661-430a21a87826,747,9,193,Organic,2024-01-29
3f3c5f80-f812-4ab1-b777-9cbc566b39e5,515,8,234,Direct,2024-03-11
43eb804f-4199-4538-b614-17d127c084de,864,1,222,Direct,2024-02-05
ed802dee-89e4-40a4-b7fa-fc9fa8c8dcbc,864,4,289,Organic,2024-01-04
08630590-e306-4122-9ec2-784849ecf92a,331,9,217,Direct,2024-01-01
74b328e7-08e7-44bb-a5ff-6c14da8eecb2,666,5,83,Referral,2024-03-20
05d6abf2-38d5-46bc-bcfd-1e16224e4280,243,5,32,Organic,2024-01-05
76e4ac74-5231-4e42-bb18-3c4707285411,833,1,269,Direct,2024-03-16
79f6da66-3d94-4d53-9d62-bff553742979,949,5,204,Referral,2024-02-19
be57e8f0-d51c-4a8f-83f7-7762eb89b1a2,152,4,58,Organic,2024-01-04
b19a1e08-8483-4edd-8051-f57838000851,499,1,189,Direct,2024-02-18
5c14dc75-9dfc-46ed-b8ad-31b80738b89d,605,5,194,Organic,2024-04-04
66033313-56e9-4474-8a18-d6004ec63c2a,907,1,251,Social,2024-01-01
3af930bb-5d4b-499c-ae2d-79d46e2a5f3a,858,7,240,Organic,2024-02-22
571e48d0-017f-44de-8732-56ed79dd4275,862,1,281,Social,2024-04-26
87450921-b188-4bf1-83e4-429c96953308,864,7,283,Referral,2024-01-27
a6ff1f3d-8ef1-4867-a27a-4a8882c0377f,828,6,145,Referral,2024-02-15
ab762a43-6d51-42b1-a05b-05d33f3463b2,342,3,275,Organic,2024-02-01
21ea12d0-b845-4b4b-90e1-8dd312bfa36c,709,7,296,Direct,2024-04-14
d789b288-1fd3-4a14-8bcb-948cab998d20,897,8,197,Direct,2024-04-18
c7f66f34-07f7-4e4b-97a8-123fb3bb22bb,637,7,128,Organic,2024-01-26
f9220f6e-85db-47c5-ba82-894677f35209,315,8,92,Referral,2024-01-18
208a26d2-0212-409d-bd49-1946ad6be480,698,2,258,Direct,2024-01-13
8ed78f25-07f7-4425-b4bf-b5f6a070b445,249,10,91,Referral,2024-01-16
5c57d874-ea4c-45c4-ba59-0df818684d2f,566,3,207,Organic,2024-03-01
4323665b-77c5-409b-ab89-f370fa4907d5,229,7,158,Direct,2024-01-25
b9ff0076-c65c-4b01-b15a-945c92e08461,71,3,112,Organic,2024-04-01
63317a31-ba1a-45df-971b-2ee9a8d7d674,431,2,80,Organic,2024-03-14
482f8e67-e6df-4730-af27-8d7073116da6,917,8,42,Organic,2024-02-01
56a78932-2fa5-4784-81a9-772296941a56,826,7,235,Direct,2024-02-16
fcd52c08-8736-422e-ab93-e6776cf307f1,648,9,196,Organic,2024-01-19
ccda39b5-aee4-41e8-9c4a-6ce0861504e3,311,9,207,Social,2024-01-29
a820964f-bd65-4323-aaf4-b1534dea8d46,351,3,153,Referral,2024-02-17
aa1e408b-4479-408e-a4c8-7dbec8b1a2af,465,4,32,Direct,2024-03-07
a551a502-5b90-4fb3-a3ac-f8dbbe6bbcd5,590,7,227,Social,2024-04-19
dac90cfa-b7cb-4506-af01-1137550617fd,960,7,146,Direct,2024-01-05
dfe7faa9-4ba3-46c9-9f40-482e740b76e2,358,7,297,Direct,2024-04-08
3d697c6c-1c55-4cc6-a8c0-6870f6451f80,341,5,156,Direct,2024-01-21
39296680-645a-41cf-bdde-fca93cdb5f30,722,8,192,Organic,2024-04-20
e166ba22-7a21-4ff2-845e-1f799c816032,676,10,203,Social,2024-02-14
00cb8573-7e0c-423c-9bdc-5293fc2cfd33,59,5,54,Referral,2024-04-18
91b00e6a-c635-447d-b16c-676568d5a41b,688,4,155,Social,2024-03-24
1d2f182c-10bc-4f88-8cc2-135bd4cfe7a8,292,3,202,Referral,2024-01-26
8be13787-2da3-4932-8515-7ce213fb6a72,226,1,91,Referral,2024-01-01
7cb845a1-f699-4ce4-aa9e-c549f98528d6,486,9,40,Referral,2024-01-31
bcba1ca7-2425-4e08-b5b3-30fe48a8ccb0,97,10,225,Social,2024-03-29
fb6daf16-3e82-48bb-8a7d-b63fb6c07c2a,443,6,154,Organic,2024-01-23
0f9e1f9f-226c-4ce3-869e-eeabee3e4743,648,6,238,Direct,2024-03-11
6f388b38-7db4-483c-a29a-61c23a6eef2f,988,5,42,Direct,2024-03-04
d6a9a925-2bdb-4c5e-b61d-a6ca45f82783,595,4,224,Direct,2024-01-20
24960112-b81e-4152-92b0-cb4cdd991ddc,865,4,242,Referral,2024-04-04
c824aab7-30ba-43c1-90c8-449d2d853eb4,78,7,269,Direct,2024-04-20
509ccd3c-7c1c-4169-8063-7a2f62dc0e98,235,8,249,Referral,2024-01-02
3bf9fc64-5b44-4eb1-a64c-9e49ed09da19,712,7,51,Organic,2024-01-15
59823ad9-a54f-4c31-ade6-6ebfa662b64f,563,9,83,Direct,2024-01-11
dded3a1a-669b-4e74-98d1-ff55ca2dcc31,453,5,273,Social,2024-03-24
0e99b23c-7d85-4dc7-ad51-958b23a59a78,175,7,113,Social,2024-03-21
da1bb2d6-1958-442f-84da-ffa6d70c5f96,542,7,153,Direct,2024-02-11
ef3be199-60b4-4784-9aea-e1c3a2834317,638,8,93,Social,2024-02-16
cb40fa32-6f8f-4711-a9a2-c095e82c8549,392,10,75,Direct,2024-01-16
de5e210d-a2b0-4afd-9c48-c2172d116515,217,4,250,Organic,2024-01-05
e5d946fe-c28c-4f32-ac0f-8bfb12e4e36f,939,8,169,Referral,2024-03-11
eb249260-4f13-4685-9908-0cf8f5ce62ba,84,5,153,Organic,2024-01-06
ed733ecb-0b0b-4be0-b840-a007615a3dad,638,9,83,Social,2024-01-14
1cde43d6-bd6f-4054-a507-498a397a4929,727,9,211,Referral,2024-04-24
f335b832-6785-47f3-a7bb-f00efe5cb1a8,416,9,62,Social,2024-04-05
8d8cb76f-bd53-4ae9-b6ee-23e53415a8b6,697,5,243,Organic,2024-03-23
37cf6b02-50f5-4f26-9437-311896c37840,577,8,149,Referral,2024-03-10
79a81569-ad58-4890-ad6b-a0e576788178,984,7,265,Social,2024-02-06
9316b984-4331-4940-8923-9beebf9f9efe,704,7,115,Direct,2024-01-11
0818579b-58d1-419e-ab70-18130565b7d8,148,6,254,Direct,2024-02-14
7fa957ac-238d-4e83-bd03-dd75fec61c73,389,1,146,Social,2024-02-22
595fd843-1cce-43cf-8a1e-4f20beb2a776,703,9,122,Direct,2024-03-29
47334e97-b3d1-4ac3-8c7a-c18400c5f68c,540,4,264,Referral,2024-02-18
1cc2b894-9af2-4906-b9ae-1f08acd10e7b,550,6,162,Social,2024-03-08
a24ab241-37ff-49d0-9a86-9d54f8d4c096,455,6,133,Direct,2024-01-28
f0cd7155-98eb-46a7-8a1d-80f793a6cee2,636,3,238,Social,2024-02-29
6129391e-5dcb-4276-8524-2874d3329115,594,9,227,Direct,2024-04-10
c50beaf9-d1c6-4057-bf38-497e522a619f,214,4,132,Direct,2024-03-15
58422833-8699-448e-93e3-9868eec2d890,343,9,207,Social,2024-02-29
14bde2b0-f89d-43af-96a2-578a71b39fa9,615,5,121,Social,2024-04-27
cb3cc8d7-1827-4b46-8b38-cf3360d184af,654,6,120,Direct,2024-03-24
8626ba77-337b-42b4-ae3b-fffbf94250ae,855,2,178,Organic,2024-01-17
c317e4a0-7414-4093-a420-0dd9349e4e1e,530,8,207,Referral,2024-01-23
ec239495-f149-4d55-8f8e-2db5521a6431,55,10,160,Social,2024-04-25
cfa29280-0054-44a4-b571-8364946641b9,287,9,295,Social,2024-03-27
3dbc4796-f5b2-4735-a573-5f28ba7ff296,364,7,243,Organic,2024-03-04
89c2496c-d621-4b5d-bbc9-e23e7012b6a1,192,3,74,Direct,2024-01-04
955ee400-4c8a-4672-812d-51f6281cc628,199,1,190,Referral,2024-04-02
9230e8ca-f0d7-4cb8-b67e-63d7e5eac315,460,7,248,Organic,2024-03-20
41936795-e3cb-4181-acf0-da570c5c4b6f,919,8,84,Direct,2024-04-01
72e46125-6fce-4a7e-a961-0d980957443d,105,8,207,Organic,2024-01-31
5989b621-2a35-49a9-a685-9210b18ed1db,122,1,228,Organic,2024-01-29
e303b58c-2cab-4b1d-b799-46a52d0631df,912,10,248,Direct,2024-04-20
8cf29787-964b-4484-94f2-61bd299e8586,76,7,269,Referral,2024-02-07
e9b97127-7569-447c-bc4b-3b436af13a51,146,6,273,Organic,2024-03-30
b00f2982-cab9-494c-a6c1-953f2fdc3a20,383,2,157,Social,2024-03-22
0357fd81-81f8-447e-a7bb-e97eeb393026,987,6,112,Direct,2024-01-13
6afb35d0-ff29-4607-8b0f-5ae723b52eec,71,5,88,Direct,2024-03-01
aa32d29c-2be9-4cb7-ae04-d9be7502d43b,44,4,41,Organic,2024-04-13
01c2d610-1e85-436c-80b6-6526a3e8957f,960,10,99,Direct,2024-03-20
8d91ec5e-7dcf-42dd-ba9d-58edf1c98e64,254,1,175,Direct,2024-02-27
4cfb3802-b0d4-4c70-a6c2-ff0275cbd6e9,181,6,287,Organic,2024-02-15
b253112c-6c9a-4187-a811-311ca5237971,147,2,169,Social,2024-04-05
ebd4d5ed-8893-47b7-8f65-5ff119fc5bf6,25,4,146,Referral,2024-01-21
65914c54-fd29-4762-887e-5c0f955b01fa,933,7,112,Social,2024-01-01
74e2e2e8-c09b-4058-a31e-aeb3d9733b0c,946,3,184,Referral,2024-03-17
5af8dfcf-70dd-48da-b16d-b33ad7f6baf5,942,5,151,Social,2024-01-09
5630b3ab-3580-40aa-b4b7-04079ab5a108,854,8,277,Direct,2024-04-16
e68b7cb8-1bfe-41c9-ad8e-1015164e511f,284,3,158,Organic,2024-03-06
91fb0066-bd8b-4985-b51d-c9b65f938838,326,1,42,Direct,2024-03-16
885e1926-3306-41c7-b7d2-8fb3c53272db,495,6,32,Referral,2024-01-31
161ed0c4-f072-4106-b973-85f4e5b920ed,526,1,110,Social,2024-03-18
5ece23ca-8802-46aa-abd0-4777d56cc2c9,856,3,89,Referral,2024-04-16
15fda824-24c8-4dac-99f8-6409a02a47f5,964,5,168,Direct,2024-04-23
243fd383-0d40-4a8d-bc82-7664ac1cab86,391,8,292,Referral,2024-02-22
0b51e83b-6331-4cd0-805e-f127339fc88e,713,6,246,Referral,2024-02-04
4f534a27-41b4-422a-b2d7-171e110698e0,755,10,78,Organic,2024-04-08
a29f403e-7cec-457c-b4ac-4b9cdde65163,830,4,69,Organic,2024-01-05
c1963957-48ab-4b92-aa63-4f9dacfba65a,572,2,280,Direct,2024-03-11
bf4b23ee-0668-42a9-a6d9-fdef9bcd8544,143,9,260,Direct,2024-02-27
35ff6d7e-2b9c-48a0-9934-fd36b43e20c7,472,10,188,Organic,2024-02-27
6de9bac8-820b-447d-aac8-3ca0ae7c2043,888,2,108,Referral,2024-03-03
8205f5c2-1cae-4799-968d-a233963bbd8b,293,5,167,Direct,2024-02-05
c1e07f92-a803-4bc2-bba3-dc046daff6b3,910,9,86,Social,2024-03-26
eb0c140d-156c-415b-a27f-2d07626b3593,770,10,86,Organic,2024-04-29
ca8ff0d5-4206-4115-83ef-776f79473297,85,2,165,Referral,2024-04-24
274fb4c2-5cb4-458d-b658-381be77ab7eb,756,1,179,Referral,2024-01-03
dff642ff-a3cc-4ec5-976c-b221139dd4aa,324,10,261,Social,2024-01-17
2813eb50-9ad5-4b1d-8779-42d7df8aff8e,197,5,182,Direct,2024-04-02
9c270390-0201-4bd6-bc26-cd622874bb48,674,4,194,Direct,2024-02-06
426d5722-3613-4058-9daf-dbcbb5ad6493,982,2,36,Organic,2024-01-02
bc9e2f71-9664-4b2c-914f-791564a3ee26,748,2,142,Referral,2024-03-12
39f5dd08-0b4a-490c-9c97-aae099871c7e,737,10,118,Direct,2024-03-29
612d2ee5-d048-4c35-8f2f-a16b7078ab76,632,2,80,Organic,2024-03-02
b84a1d7a-a364-41b5-82d7-ad0b74c58868,87,8,46,Referral,2024-03-27
1cf9872b-608b-45d3-a9cb-421d4ded554e,730,7,113,Social,2024-02-15
7b0d32a2-37b3-4efc-b739-b638d8b6dd36,426,4,40,Referral,2024-02-16
b2473da2-6c2e-49a3-84a3-b90d5c1abbce,414,1,235,Social,2024-04-17
047d1dec-6469-4c88-afb6-17b9089bbeb2,169,5,87,Organic,2024-02-16
e8d11f81-10e3-4a50-9464-43a1d51d0550,124,1,172,Direct,2024-01-10
fff43bc2-cd4a-4b77-a2e4-f57d4466dbf5,881,3,281,Direct,2024-03-05
f337f7d0-ff22-4901-971b-6d31ad063f41,126,2,283,Referral,2024-04-15
84d3d9f8-e598-4c9b-aad2-e341a643fff4,298,2,81,Referral,2024-02-15
5d871f9b-10b9-4dee-b4b6-3e492692804e,144,2,124,Direct,2024-02-11
e37e6618-c1bb-4280-bcd6-4422b20e1b8e,854,5,147,Organic,2024-03-17
9dc466f3-8809-4ef5-b46a-4b4a4dc60f01,895,4,113,Referral,2024-01-13
df6fa23b-33a8-49b2-8c52-73195c9538d0,530,1,40,Referral,2024-01-31
56e64e8e-e12f-4f03-b44d-55481f2f8360,298,7,282,Social,2024-02-18
2d0a1f16-2499-47ad-8021-62320bf988d8,291,8,198,Direct,2024-02-27
1d0d962a-343e-41f1-9934-ef5a56183c55,224,1,227,Organic,2024-01-03
40ed9d8c-71f5-466c-bb3f-4fd411cb4202,947,4,245,Organic,2024-02-11
4bafc903-23cb-431f-af11-e377c6ffae77,536,7,32,Social,2024-01-12
d4faf9fd-a922-4ea8-b744-92875dc539c0,808,5,38,Direct,2024-03-19
512421c1-6873-42be-ae9f-8d0cfedad436,153,9,72,Direct,2024-04-19
b0c7cc6c-e26e-4d57-9e1e-3b38de307376,346,6,91,Direct,2024-01-16
249dca14-cfab-4f7e-be1c-679059505ba2,605,3,223,Organic,2024-02-20
544aa813-bc82-45ee-bc01-bcd766bddc54,705,4,258,Organic,2024-01-17
7cee8e67-d27e-4bf6-ba46-ac105707aee8,35,4,43,Organic,2024-02-19
5f6c9343-97dd-4145-8cb4-b20f319ff225,254,5,223,Direct,2024-04-17
661d0d46-97d2-4b88-9d6c-e482c149a5ff,891,5,270,Referral,2024-03-14
7a2deea7-e66d-4ca6-9908-b010d7528b89,23,5,295,Direct,2024-01-22
f59b4e1b-2bb9-4b5d-a449-553ea818b4c2,263,6,145,Referral,2024-04-14
e8e817a9-d30e-47fc-a1e0-7ce18cb29458,429,3,48,Direct,2024-04-09
bac4e9fd-20ef-4787-b14a-4c24375fe7a0,465,5,48,Organic,2024-04-24
3ecdb91e-66ba-457b-ac14-512b372e0fa7,136,9,148,Referral,2024-01-06
bf719869-b98f-4bce-8db7-33ac50005189,9,1,170,Organic,2024-04-10
0db713f7-7958-46bf-8a19-102869bad0df,247,8,45,Direct,2024-03-15
ea9ff835-1a2e-497a-b92b-aa2b04001dcd,719,9,296,Social,2024-04-14
6dd84265-6cee-4573-b483-1b942cbff121,19,3,138,Direct,2024-03-08
3b49e33b-0786-4ed3-b78a-f6018456c20f,972,10,98,Direct,2024-01-31
b88a21cd-6cf6-4b57-8248-3b05fd036d45,263,10,292,Direct,2024-03-01
b94ae1c4-bab0-4fe1-a656-6965fdfd9ff9,851,5,264,Organic,2024-02-01
ef992466-d817-4925-b89a-1f88ffd81964,116,5,227,Organic,2024-04-29
84e43009-23cb-419d-934d-2df018e591a7,21,2,211,Direct,2024-01-11
fcb10022-a033-4ba0-a020-31f6523b71cf,82,10,241,Direct,2024-02-24
d98b6f6f-3dd7-4963-8b08-1c68fd9a3cc9,631,1,112,Organic,2024-02-15
20d243d8-eb1b-47e9-b8fe-27dcb7de2694,744,6,55,Direct,2024-02-16
dced93c2-760c-46fa-9596-4e27a30a88fa,51,3,131,Social,2024-03-23
87972473-1e8b-4111-b574-e74efb863d96,292,3,133,Organic,2024-04-24
9f47f223-7c1b-40fc-b158-83c6007f9af1,484,9,125,Organic,2024-01-28
1288b8ce-288d-4a40-b6bb-aa59e3216a6d,1000,5,203,Social,2024-03-23
911113ab-12fe-487c-86a2-682a2e385293,389,8,166,Referral,2024-04-22
2aaa64ae-fa22-40c0-b9bd-961768b9b1ed,989,2,167,Direct,2024-03-21
94266334-726c-43f5-a338-24ed354fc7c2,794,3,255,Social,2024-03-25
27585e9c-9ffc-4d39-a135-590d22a864f4,346,7,207,Referral,2024-01-03
c83f4869-e06c-4d91-b096-e0bc67f97d37,422,4,37,Direct,2024-04-15
43f71b1b-3da0-4e70-a7ea-0e8d33724287,218,2,147,Referral,2024-01-16
12bb3b21-110e-4c19-a3df-679613191958,679,1,232,Referral,2024-04-14
7b4b9caa-8895-433c-986c-fc66120a7282,649,10,282,Referral,2024-02-14
b0d96249-703a-4cd0-89dd-48c2b27ded42,98,8,72,Referral,2024-03-27
eb6a6273-dc43-4c9a-a095-9431f55fda05,767,3,63,Social,2024-04-15
a9dbd90b-3907-4f81-b4ba-235b2d8721e9,518,8,247,Direct,2024-01-02
7c9588f4-1087-4566-98d7-3aed43249ccf,374,8,123,Social,2024-04-16
a40662c0-61fb-40fa-9d28-04761313b35d,480,9,99,Organic,2024-03-11
20b9d9a6-5a08-4a4c-b672-4b097b4f9841,418,8,261,Social,2024-02-29
b814c885-3aa0-40bb-9497-06e153deeed8,33,2,181,Referral,2024-04-16
4242e2b8-97d5-418a-b672-2045638d0644,881,2,40,Social,2024-03-04
40c7473e-1bb8-44a2-83c0-818f7d5de266,825,7,62,Social,2024-02-21
c9ec6284-0992-4e06-ae17-88e1c77d7b72,483,6,212,Referral,2024-03-05
8488e305-c46b-4018-ac8c-4efffc5ef095,605,1,175,Direct,2024-02-09
580a6d42-fe7a-4ee0-8b34-45841791ccc9,854,4,229,Organic,2024-01-24
7f7a0cc8-485e-403f-8f99-e30c94f0b47b,155,1,119,Direct,2024-04-09
fe2f0da4-e91a-4cb1-b9ac-19e91c099a9d,428,3,149,Direct,2024-03-05
c2616744-0a31-47de-82c9-7f4bd613dd72,937,4,191,Referral,2024-01-05
3f433c2b-576e-4422-bf52-3bc88c78ffa3,956,2,181,Organic,2024-02-07
35ffeb06-3b96-436a-9429-096ba2737556,296,10,254,Organic,2024-04-08
b6f4491a-ea40-4a26-b007-9381d4b608e4,994,9,141,Direct,2024-03-26
7b88d00e-5bc5-430b-ba07-776ee456359c,887,4,248,Direct,2024-04-22
233b3c54-cd1f-4562-8473-56c1f863d1c6,717,6,248,Referral,2024-04-29
928a1cff-1a02-4516-bad2-cd2c3a56eaa0,62,4,78,Organic,2024-02-12
5ee69e4b-3d57-4164-836d-e259d74afac0,612,5,144,Organic,2024-01-08
26d14428-b648-44cb-af52-bb82a6f9e7ae,921,7,242,Direct,2024-01-19
2494e18c-c53c-4454-9e33-be64bb68d0cc,372,7,290,Social,2024-02-11
3dec6e3a-fc38-4ae4-876d-a9c83cd09b1f,829,1,290,Social,2024-03-05
f011412e-7c93-47c0-b56f-30cbdc9738d3,198,10,82,Direct,2024-04-26
3f7e9c19-f6bf-46fa-bc06-0392e0b1aacc,361,10,262,Organic,2024-04-13
d407f4f8-524c-4adf-ae3d-6b32e768d336,264,2,241,Organic,2024-01-03
41ce15c3-6a2a-43fb-99e3-2cece1fa9ff1,302,1,65,Referral,2024-04-06
7ac2f7bf-9f50-46eb-bb69-2e317f81cc4e,995,5,30,Organic,2024-01-10
21915d85-01a8-4280-88f5-320c339be8da,962,2,184,Social,2024-04-23
d460a96d-1b13-4e37-a9f4-fb01ab1dd641,905,6,153,Direct,2024-04-16
1a5044ac-782a-43a1-b519-5344aaac522a,959,6,186,Referral,2024-02-14
274a61d9-8dbd-4eab-8a0c-0b2a70a646eb,479,4,151,Referral,2024-04-27
8fe456b1-1231-4157-97b5-e5679c6395a9,724,8,65,Direct,2024-02-08
5b92e2a3-09a6-4e1b-838d-8ad404690028,661,10,214,Social,2024-03-19
dacdb4c8-4ee9-4527-b3ee-49e654cdfe69,425,7,245,Direct,2024-03-22
bc840dc9-e159-4555-8770-85deaf39c93e,352,2,204,Direct,2024-03-22
1d158494-509a-49c3-b81c-a1135123a585,30,9,156,Social,2024-01-22
9ce1e2cd-261d-4d7c-b50d-cad51ba70bd4,854,5,147,Direct,2024-04-13
fcdddf38-f2f4-40a6-832f-01ffd302b856,307,5,75,Direct,2024-02-25
060a3106-9a0f-4e1a-a8ed-08831a16fa55,107,8,255,Direct,2024-01-25
278f0ce0-ac8c-4b1e-995c-fdbcea0ade44,735,3,34,Organic,2024-02-02
1ed98656-0d1a-4fe1-9f04-671c428d5fd7,697,1,124,Organic,2024-01-23
04444df0-1c1e-48bf-a8ae-a1de7dd1c486,530,2,118,Direct,2024-03-25
bfd6bc20-1381-4281-9448-94ffe3666c9a,870,4,299,Referral,2024-04-21
b0517c77-e19c-4bfe-93d7-1c820cfdd0bd,140,2,115,Direct,2024-02-23
f5f8b06d-9f70-4e6b-8de3-2be5424c69f4,167,6,252,Social,2024-01-24
7c64de91-ae4c-4780-b5ea-62ac079c9423,987,5,56,Referral,2024-01-09
8941bc08-53ac-453f-90ab-63a242964f0f,837,2,199,Direct,2024-02-12
64dcc9f6-1cab-4ee9-b4df-923cae226c12,63,10,237,Direct,2024-02-11
40a2677b-9057-4a9c-89f5-6642e5aece54,223,5,185,Referral,2024-02-01
feecd229-cc2f-4934-a5bb-4ac46d8e3150,312,2,106,Direct,2024-04-08
721f1d0b-e249-427a-bcfc-15d68deefdcd,767,3,120,Organic,2024-04-25
dd98bb46-24b5-47a0-b769-7a6a8f49d13b,389,6,239,Direct,2024-03-29
1b3248f0-7c47-4274-8763-3dcd1d727719,117,4,75,Organic,2024-03-02
06d1ae14-3d3e-4a8f-b411-812dcd74f155,635,6,41,Social,2024-02-06
8016d58b-8e13-437c-91e3-9869b1558500,789,5,164,Organic,2024-03-03
22fb1af9-3f49-42d3-a470-1204d14ec496,684,8,30,Direct,2024-03-17
d5fe7380-4e6e-4209-9b10-cf961c3cdc1b,784,9,174,Social,2024-01-31
9fd5cc13-8bb7-46e8-87e0-98fdf881e5b1,546,5,185,Social,2024-02-09
b15b32a6-aed0-4591-be1c-7a109d91aa30,708,1,159,Organic,2024-02-23
fe7878c5-0b1e-41cf-862e-b0340551b046,515,3,231,Referral,2024-01-05
c1d048da-d900-4b6a-9aeb-2fe097592f13,832,7,143,Referral,2024-01-29
fb3adb82-03f4-4ce2-acf5-efad9ff94a7c,538,8,147,Direct,2024-01-18
7b8a4bcd-b2f7-46f3-975d-7dfd3c302fe5,366,6,57,Organic,2024-04-17
a040ee50-3f22-494e-88c9-e576ca132eec,413,9,197,Social,2024-03-24
dda25f48-88a1-4e5b-bdf8-2462219ae61f,508,10,289,Direct,2024-02-23
af72eb8e-00f8-43e0-bf01-7fdce49931b6,28,3,155,Social,2024-01-16
e1c5cb6a-7272-481f-833e-f2be4108dc6d,799,9,212,Organic,2024-03-12
510747e1-a0fb-499d-9fb7-77135104add7,641,1,292,Organic,2024-01-10
db4738c4-42b5-41e9-8418-05092e68576b,874,10,229,Direct,2024-02-20
382a5444-ca2b-4fd0-aad6-bef34b7070fa,714,2,85,Direct,2024-01-15
2eedbce0-4932-4984-a756-6225c03a7ed6,121,2,274,Referral,2024-01-29
ffd0383b-a90a-417f-98e2-a0eb7f09991e,442,1,166,Referral,2024-02-07
ef3d6eff-bd11-47a5-8970-04f43290d039,411,10,170,Referral,2024-04-13
3e328fb2-8cdd-44e8-9723-a95e15e18c9d,894,3,148,Organic,2024-01-08
2a63dcc2-94ac-49e7-9bdd-af2bdfc28c8b,464,9,213,Organic,2024-04-26
7703cc99-1696-437f-b9a8-5a562dd99969,950,2,280,Social,2024-02-23
b71d6ca7-9922-4da8-9106-3a84a5c8d725,977,7,145,Organic,2024-02-01
3dd6db5e-658b-46ef-9225-065d7e8a82b1,116,8,50,Referral,2024-01-29
e3673812-6e70-469b-9497-71613e282772,85,8,41,Organic,2024-02-06
02270130-e7ea-4867-8426-f6e3266bd5db,782,3,69,Organic,2024-01-05
79d8165e-2721-4a37-a9ab-6495c487d8a7,526,4,259,Social,2024-03-21
4e2c2bb6-7669-4926-8ef6-e45b3f1e51e1,284,1,257,Social,2024-02-07
a3bdb213-3f5c-4737-a6d9-901b8a5bf3c0,23,1,87,Direct,2024-01-29
563e8757-73e0-4ee9-b820-3a6eab29e44d,471,5,35,Direct,2024-01-18
2b8353c1-b0e6-4998-a788-56a2d1013d0c,893,2,279,Direct,2024-02-26
60028dc3-8cc8-431e-9feb-a8b6144b0eae,167,6,150,Referral,2024-03-24
23f7d0d3-daad-4bbb-9f1e-13fcf5d401f6,337,2,284,Organic,2024-01-01
ed53aa68-074f-43e4-85c3-e19c06cb1524,263,1,281,Direct,2024-03-14
06a67231-6d11-48eb-bf38-f55c00363e4b,309,3,146,Referral,2024-02-01
ce5067dd-a528-41b6-adaf-079a53df580a,24,10,179,Direct,2024-04-22
4041fecf-8d43-4eaa-8734-b349d17cd78d,111,10,65,Referral,2024-03-29
58ca0f80-c238-4d2e-9f45-29000292abdb,938,4,99,Direct,2024-03-09
fea01f7f-7fa9-4991-9865-80615ca859fa,303,7,246,Organic,2024-01-18
e6f26dd6-885e-41ee-a6f5-58240f6148f2,869,10,77,Referral,2024-01-07
d3be7238-1140-4e8a-9f6a-782fa57ad63a,741,7,37,Social,2024-02-20
eb1e66ce-5180-414f-9b1a-5c45c091ddbf,93,1,72,Social,2024-03-20
37069448-d450-44ed-b349-59c93f03aec0,330,4,73,Direct,2024-03-05
bb8f4bfd-8ea1-45d6-96c2-018ddd9473a1,273,7,152,Social,2024-03-06
c69debbe-117e-4c43-a8b7-40237a8dfb40,111,9,76,Direct,2024-04-25
9f40e51f-619f-4ef8-b6cd-1423dcf9e66d,267,10,169,Social,2024-04-28
7ad301b7-c9cd-4c60-98c1-5021db1cb6cb,818,4,251,Direct,2024-03-10
984e489d-9f07-4e8b-8968-eff08e09ce4d,757,3,184,Social,2024-03-24
19da315e-f23c-4fbe-be2c-2dd1542184bd,612,8,51,Social,2024-03-10
2d05c5e4-6f93-4f6f-9b4f-9033c6b55979,753,2,234,Social,2024-01-29
b0add114-cb7b-4dc0-8b12-db1c47315c6c,806,1,300,Direct,2024-02-28
c8813f68-8a9e-453a-a476-7cb07f18070b,853,9,101,Organic,2024-02-15
a47dcbdc-1491-4099-89ee-97facd454941,593,7,188,Referral,2024-04-24
04485c74-c12a-493b-8137-ee45832e4a90,280,4,83,Referral,2024-04-16
611f7a3a-f0dc-4eb4-ad06-4072fd5acde4,449,1,258,Organic,2024-02-25
6d8ec698-60b8-4653-8983-91f76755f7a1,202,2,138,Organic,2024-04-10
6e0a7842-82fe-4def-87c6-7a9d31b99901,838,6,99,Social,2024-04-23
c5d90d20-b335-4c51-823c-4bd3b214fd30,926,7,137,Direct,2024-03-19
3cc14144-baf3-43d1-85f8-2eb3b53cabca,546,6,140,Referral,2024-04-09
4067a1f9-4bdf-41b5-8586-b30c03e5e0e0,269,1,272,Referral,2024-01-16
a9ebcd83-9dec-4786-8ffc-13fbb224ac88,535,10,255,Direct,2024-04-07
e39512ef-bf06-44c5-8386-6272d65d4dd0,415,9,124,Social,2024-01-05
6921d004-8bdf-430d-ab90-a6d569eb81ee,856,9,276,Direct,2024-03-02
0312a6f2-a9e5-4d5a-987c-42ad9964c496,260,1,39,Organic,2024-04-28
d3689a01-e5fc-495d-8842-3de9888a1064,525,9,45,Direct,2024-02-23
93118691-a43f-4430-9ead-06aff6146c64,795,3,181,Direct,2024-02-15
23ab5347-4940-4f99-bb90-c4850884514e,136,8,134,Social,2024-04-05
523b26f6-63ef-483c-b4a3-43e657c49aa4,885,6,212,Organic,2024-02-06
bc32b5fc-c0d0-462a-9e52-629358337601,221,2,95,Organic,2024-04-12
d4853390-cbeb-4bc1-b72c-4b76ad0321d4,763,2,36,Organic,2024-01-26
277f2b4c-7620-4f3e-add0-f5093b571982,373,2,259,Social,2024-03-13
eb845e7d-6a90-4506-a505-441cd827b510,727,10,88,Referral,2024-02-14
a3ed7b91-e530-410b-b7ee-69b777855ae2,953,1,60,Social,2024-04-18
ac17b5ef-6121-48fc-8045-444e43b1b3ee,688,8,138,Referral,2024-02-27
ffa881f3-d420-4598-b367-19874b2c5dc6,99,7,255,Direct,2024-04-01
183d33bb-a01f-4ee4-8567-c22e180bb88a,880,9,148,Referral,2024-04-26
79766f49-568a-4c18-a86b-21f1f7c9f4fa,793,9,268,Referral,2024-04-04
9cea9ceb-a07f-4ec5-879a-0bdb1f67a93c,77,8,52,Direct,2024-01-04
b38832f1-9836-4a54-b543-14ae65cb365d,951,3,45,Organic,2024-03-21
ec1dfb1f-9aab-497e-9aa8-eb1af18eeade,14,1,57,Referral,2024-02-13
cb8febd8-27ef-46ae-a197-2214f46e47c4,93,9,52,Organic,2024-03-07
51fbfff6-b49a-4aef-bcb6-168538186e3a,150,2,269,Organic,2024-04-13
aca86ce3-44d9-4f4f-87cc-eab77b057535,347,2,33,Referral,2024-02-25
5e145e0a-b631-4475-bca8-14eb84c85ed5,642,5,277,Social,2024-04-08
857fb81e-a0a0-4b5b-b56e-cc78ec91adbd,925,2,101,Social,2024-03-18
368b6b1d-bffb-48c4-86ed-c299bd27b131,733,3,50,Organic,2024-03-28
8f28769a-c663-4aff-b4a6-a86fc8bd4a78,638,5,31,Referral,2024-03-20
7ec2bd3e-7966-4c0d-b0ee-9066e706e6e9,829,3,89,Direct,2024-03-16
00a71d14-aeab-4c6b-9141-fbe5d7a00624,407,4,96,Organic,2024-01-02
7762a95c-9798-4bb1-9c7e-99723a33f436,144,3,33,Social,2024-04-25
652d6ec3-dcab-4469-baf6-c932c25b7641,46,10,96,Direct,2024-01-03
ae563700-3b47-4f7e-ba94-5bab7b83a833,51,4,220,Social,2024-02-21
5f45150b-7e09-4880-b23c-c61ee0c029b4,587,10,197,Direct,2024-02-22
790643d8-2040-4dd8-8716-fa089ffa8bab,753,10,194,Referral,2024-01-25
c2fb0903-9ca1-40f6-a13a-5444f0c7da40,647,9,72,Organic,2024-04-01
2289852c-32f3-4d91-a9e7-7e475f2f0ef6,147,2,207,Organic,2024-03-26
1e81138b-976d-488b-b98a-2917cfdd3c15,389,5,33,Social,2024-03-11
510cc2d8-5c9f-4abe-a296-079bfe9062e8,887,6,39,Referral,2024-03-28
a4b7e8ca-7788-499e-9579-41f44294c711,132,2,286,Social,2024-02-21
7c5829b2-9fba-41d1-8b2f-73940798d4e7,306,4,240,Referral,2024-03-20
f1fc6cd8-9c80-462a-b0c5-b243b0303672,181,7,240,Social,2024-02-09
839f637e-f3d5-4212-8ef2-be09df7d5fab,44,2,124,Direct,2024-03-03
2b191546-1c06-4a66-b2ba-3e1b678f4756,480,8,86,Organic,2024-03-01
3672079a-3afd-4155-8c3c-cd171b582459,685,2,236,Referral,2024-04-06
48ba0205-5785-46e2-b460-63b5147b33f7,296,3,90,Social,2024-01-27
df870cef-3647-4cb0-a01a-18feb3412b21,327,5,281,Social,2024-02-15
6b2610f8-ff0b-453a-a014-737188d0ee78,105,9,77,Referral,2024-03-22
0d9db7bc-3607-4af9-979e-b2dfd987fac6,817,2,71,Social,2024-03-29
7f3fb7d7-8a9d-4f19-b50a-3927bad4cbaa,969,4,169,Direct,2024-04-22
bec5c83c-8ccf-4c6a-baf3-fe49091a3560,249,1,250,Organic,2024-02-20
4d53d885-2348-4d5d-a95d-3350643249a9,736,3,243,Direct,2024-01-09
e5818952-12f0-4f83-b8ec-58e5bf15414a,429,10,149,Social,2024-02-27
9b777a49-22d7-40d0-8ef8-6378f8b23bb3,325,4,77,Social,2024-04-20
a03f9aa4-f217-41ab-a3a2-eb91109c84f7,918,8,114,Direct,2024-03-26
a478a4b7-4303-4ce2-9ca9-ce431c87be3a,157,7,203,Organic,2024-01-22
e48342d4-249a-482e-a64c-9eb0ecfea282,857,9,179,Referral,2024-02-23
81ada66e-3af3-4186-a4ba-7fb7c91f07ea,720,2,47,Organic,2024-02-13
a63406ec-1c24-4e86-9c5a-e996639b309c,345,6,288,Referral,2024-02-02
3d65cb97-d36b-4554-a687-cdbe4e954ad1,935,2,199,Organic,2024-04-11
573fd409-a2fb-4b9c-8eb4-b355c57da8a2,452,5,162,Organic,2024-04-26
9ac0f7fe-fa28-458c-9b47-b7e3648aa451,428,10,194,Organic,2024-02-12
60df335d-88b8-4a72-bc71-ea9b5f91b8ff,832,7,299,Social,2024-03-12
839c115d-70d6-473d-9e6a-91a1cb2eaf3b,119,7,290,Direct,2024-03-30
c5784470-5e55-4cd8-aca3-a9dd12cffb52,298,1,246,Referral,2024-03-22
cee4778d-2cf6-4a19-8015-05b03a3d5fc0,30,8,64,Direct,2024-03-04
742b8ea1-4e54-4106-9f38-013aa0208acf,357,6,55,Organic,2024-02-16
1ef4d7a4-161a-4f8b-bbce-69ee6e0fe020,729,7,87,Social,2024-03-10
7c31c90b-6424-4542-b2b3-fee2fa09bdfc,497,5,32,Referral,2024-03-07
31f5b460-c491-45b6-8875-40e0cf4e0372,296,4,274,Social,2024-04-03
9e745b5c-5f15-461f-9633-8177c680d9b4,580,10,49,Social,2024-03-31
2cdfad73-238f-403a-8dd9-36320015b4ad,115,4,141,Referral,2024-03-08
eeb298c5-c903-440c-b878-fdd2642e7e9d,481,2,188,Social,2024-03-18
c9e3fb21-ffc5-4bc9-8cc2-b23169d448df,311,2,62,Direct,2024-04-14
918893d7-e603-4779-beee-082cbb6e38bc,499,6,295,Direct,2024-04-07
6adb94b4-5955-432e-8cc5-621b8423e3ee,994,10,53,Social,2024-04-13
9a81e82c-009a-43c8-8ef0-24a266394fbe,827,6,127,Direct,2024-03-02
af76d8a4-5ef8-4b9b-a7e2-a52451ef4603,40,5,183,Referral,2024-02-24
14548ef7-ba09-4211-90a6-a187a721c47a,169,4,187,Referral,2024-01-07
055b0969-9d09-4639-bff8-7e8a39e264d2,81,5,204,Organic,2024-04-13
494d27dc-18af-4025-8a5a-536bedde0da9,592,8,58,Direct,2024-02-23
21c20843-7f37-4a49-801f-ecbb2ae2bc25,175,8,144,Social,2024-04-09
dce186b3-8ff7-4db4-9e54-9cf1ca92f6b2,296,8,222,Organic,2024-03-03
37843186-95f7-4b32-942a-f0ea0f5af5da,973,1,223,Referral,2024-04-02
597dd396-1338-4fae-b5d2-55cfa4e9418f,61,1,135,Direct,2024-01-06
e49683a8-763b-46e3-9031-2861095c52f5,543,10,243,Direct,2024-01-25
c7c15b70-10c7-49fd-a469-835756ea86bd,45,9,171,Social,2024-03-17
861389f8-4677-4219-a75f-069b98281969,220,8,292,Organic,2024-01-05
ff2ace4c-2f17-4c89-a56c-ad98817b58f3,673,9,128,Direct,2024-03-05
aeaaa82a-72d0-4b0d-9b33-2fc041f67bfe,378,2,135,Organic,2024-03-20
eb5f5594-8aac-4d18-b929-a820053689d0,440,1,259,Organic,2024-04-04
4cd6cc9d-970c-427a-bdd1-9db84fa167fa,572,10,183,Organic,2024-03-25
7388924d-7b54-4068-b341-7bd16c985b30,124,5,269,Social,2024-03-07
a5fe12e0-57a0-4ce9-b57a-344e96bb6ca4,703,8,235,Direct,2024-04-24
f6a86984-0ff0-4c8e-a883-3c3fda1ae62b,772,5,53,Referral,2024-04-23
9e814459-f29d-456b-a098-2704ce2742b4,25,2,284,Organic,2024-02-26
139aa544-3652-46ea-b020-ffdd2b43882e,549,10,162,Organic,2024-04-07
3391aaf1-680d-42a9-aba0-c5e28af764e3,495,2,190,Social,2024-01-23
9dc3b2c7-3850-4650-96b9-472df8f3e1c2,496,3,102,Organic,2024-03-26
844e0367-8902-4a2f-bb36-5c634e935b71,852,3,50,Referral,2024-03-10
c4285566-ec2f-4db1-a0d3-0b5878e6e407,166,5,294,Referral,2024-02-02
d4204aa1-ddfe-4b48-8239-1c7fd2478d82,214,2,80,Social,2024-04-29
f7c6ae22-1aca-41f4-b28a-762587ba4a5c,803,4,65,Organic,2024-01-09
42d1dff0-999b-4df6-9202-1efdd9a9d6bf,438,3,248,Social,2024-01-26
d0b7f0be-6502-40d7-9d31-b3322d628664,127,1,61,Direct,2024-01-19
edc89d10-b90e-4c86-ac87-f0fe7d6a24f7,991,9,221,Social,2024-04-10
0b717e86-19b8-481f-a152-7a60a1c06bfe,998,1,150,Direct,2024-03-18
4340e03d-f511-4390-8fe1-8e589000847b,393,10,139,Referral,2024-01-19
cffa12a6-aa81-4091-8661-f078c9c89e7b,671,10,213,Social,2024-02-21
686f26cf-f907-433e-9fb6-331a3440f3ff,295,1,113,Social,2024-02-23
1a9eb44f-eccb-433f-a8dd-bf0ad7592da6,107,4,41,Organic,2024-04-07
cdf967bf-219c-4dcf-b064-18953660306f,460,6,31,Direct,2024-03-31
8445abc0-1e29-43cd-ac77-405ba0b47fae,731,8,86,Organic,2024-04-22
d11922cc-c581-45f9-b4b1-c9c0d1de37e5,582,7,267,Referral,2024-03-04
005b962b-adbb-4a05-9cd9-50d2d490d15d,410,3,165,Referral,2024-04-10
eb66fe1f-a4be-40d6-ab11-da3235dae0a2,505,7,134,Social,2024-03-12
22f56574-a799-40b7-99ef-6c93f2c13b64,393,1,191,Direct,2024-01-14
e51b68fa-7165-477b-b1be-b02b76daf1e9,789,3,276,Referral,2024-01-18
f4850d98-227a-4075-8510-a8e67086920d,846,7,236,Organic,2024-02-08
179db25e-8249-4348-a383-fd4cface285f,798,2,283,Organic,2024-02-27
9be5f164-dd9f-4408-880f-42c45cdad82e,990,1,145,Social,2024-04-25
1e3d5de9-06b4-416f-ae81-e2e7b1793589,418,9,144,Social,2024-03-25
eaa80d2e-bb53-467c-8619-c865b659f61f,563,9,51,Referral,2024-02-14
ddcc3f0a-58cd-498c-b8b9-4082198d6761,269,3,197,Direct,2024-04-13
af4ec0cf-30f5-4d7a-a63b-6cdd6d746e33,586,6,260,Social,2024-02-12
a71e2aac-70f8-4a47-8b0f-ffb129dc75af,787,2,64,Direct,2024-01-08
f894d6de-fee9-4f82-b365-bd03722c55c5,482,9,226,Social,2024-02-13
d618bcb9-fa3f-469e-8a69-6c99ec720d0e,289,6,113,Direct,2024-04-04
90a65d3e-2216-44e0-827d-f419d68fae41,257,8,76,Referral,2024-04-07
2c4cf672-3aba-4850-bac4-4f3c2fb413b5,593,9,134,Referral,2024-01-15
8729ec47-3678-4410-b38f-3400f3a26c9f,557,2,42,Direct,2024-03-07
f27b4546-44e0-4e08-b5fa-2390ae3465d3,412,6,187,Referral,2024-03-10
3fcb5cab-06f3-45da-95f6-3978dc2b0151,966,6,132,Referral,2024-04-07
b4595711-ecf6-471e-8c62-9fc224e4b32c,264,6,48,Referral,2024-01-09
4053eece-9872-4075-8efe-014ac46e36ef,92,5,108,Direct,2024-04-08
dc08b0bd-7d61-4111-bc16-2922762fa250,421,8,93,Organic,2024-03-04
5cd00758-016d-4f98-9f0d-164dae214339,393,2,161,Direct,2024-04-19
5a6bc743-6d6f-487f-b2d6-361fb8583d51,661,4,282,Referral,2024-04-07
fdbb6bf8-81c7-4e06-8231-3b16f6ff29cb,703,7,171,Direct,2024-04-22
d22e04ac-4e7f-4bd9-b44c-62afecbc4e06,200,6,204,Organic,2024-03-14
bcf7edb9-5696-4ecd-87da-2106acd6c98b,169,1,233,Direct,2024-02-18
094cce98-e915-46c0-9c38-056028c51b44,752,3,270,Social,2024-04-07
7d4dcd52-48f8-4d5d-8801-f7e2bdfe0693,433,2,158,Organic,2024-04-14
c3e07df5-f3e5-4c71-84d0-927860053d04,256,3,135,Referral,2024-02-03
5d6eea6c-ef48-4020-86b9-4346cf36df9d,62,4,75,Social,2024-02-13
6083f2c9-36d0-4aef-9992-e1b9fe3e8ee1,39,4,63,Social,2024-01-31
418c562e-44a4-49f2-92d1-29881d0cfd3f,425,2,168,Direct,2024-03-21
d29188d9-8a6e-4e87-81e6-35c53a26a80f,418,3,216,Direct,2024-02-26
0224f997-7e03-43c5-b8de-d7006dc42f62,745,4,137,Referral,2024-02-18
c2ea785d-c871-485b-9a09-5fa124a181e0,839,2,242,Referral,2024-02-08
3c738a68-c889-4e8e-928b-bd5bbccc2c6e,27,5,195,Referral,2024-04-16
7dba8469-6a35-4794-8041-33aac2ce4ff5,524,8,216,Referral,2024-03-28
a671cd5c-7b07-4a4c-8cd6-20875c94a40c,886,4,197,Referral,2024-03-03
b4e84efe-f8a0-4b23-8dab-d2bc3050a377,177,7,294,Social,2024-01-18
f16ca1a7-4232-4d32-8125-98e4833e4222,50,7,57,Organic,2024-02-08
c145acc8-cabc-4d22-a125-fab21066083c,226,4,186,Organic,2024-03-14
1a5b49a1-41e5-42fd-a5ba-a5690fdbc467,561,10,89,Direct,2024-01-05
07b5e054-19d6-48ec-8e7b-9d532eb3fc8b,533,7,142,Organic,2024-03-04
2a471ca0-963f-4aea-9c49-8aee08063b79,782,5,205,Social,2024-04-22
bbd57bce-e5f2-4bc0-bbd9-bdcd447c09c0,824,9,119,Social,2024-04-07
29ee8fe4-4fb5-4232-ac01-73c1c55825f2,343,8,197,Direct,2024-01-27
ab5061c9-fd45-486f-b423-c947ddbef8ad,1,3,182,Organic,2024-04-28
a35cee67-5ce2-4079-88ce-cba988d8286b,726,2,107,Direct,2024-02-17
bf426808-4280-4d25-993a-6e9be3b807aa,79,5,182,Direct,2024-01-20
02cfe8b5-2bd9-4f27-bdb0-3552f75b2e91,981,8,114,Direct,2024-02-25
357e53fa-0e75-43bd-ab1b-f331a589bbc1,50,4,233,Organic,2024-04-15
f327dad2-9301-470c-88a3-2243861d3b6e,488,3,89,Direct,2024-02-29
06504ce6-be5a-4dbe-b119-fdd9c68d03a9,669,1,184,Organic,2024-03-26
54a154a3-cc81-45e6-a5ae-ab92f3e9c398,359,8,293,Social,2024-01-26
1c66958a-c17c-4ef2-a1ea-79dec78e8cca,246,9,296,Organic,2024-01-27
460db33c-dec8-46cd-89ab-b6e098de5d34,343,3,222,Direct,2024-04-20
21451ac1-75b1-401d-af00-ebaac7306c4e,840,4,286,Social,2024-04-19
2f1fa897-64d2-4f61-af59-719ec4474d9c,943,3,137,Direct,2024-02-02
7fe23d95-8944-475b-a41a-b00ae5309e91,366,6,52,Referral,2024-03-27
002fa539-4ce8-4b2e-bd96-23aa7cecbb21,809,2,246,Referral,2024-01-18
069c7155-ea1f-41f7-b5e7-87fe69d9bfe2,409,8,263,Social,2024-04-06
7512faf3-35af-4ede-ae93-7a9449d1ed00,181,5,171,Social,2024-01-22
36602951-8fcc-4433-9e70-6b50be5ade29,781,2,57,Social,2024-02-16
eff4288e-76d5-475e-b161-073e8968afc9,208,3,271,Direct,2024-04-14
289a0d17-57cc-41d3-a58e-affe23cce5b2,16,5,45,Direct,2024-02-08
ca3888ec-292a-427d-874c-db99a158ee13,401,8,93,Referral,2024-01-07
82765930-abd4-4840-bc66-7e6e5164495b,103,2,218,Direct,2024-02-26
8035e0a8-b7ae-401f-b04e-083e3596944f,236,8,257,Referral,2024-01-18
94d4e1fa-811c-4614-9a94-07a7ccd781cc,733,6,220,Social,2024-03-30
74f93b73-64a8-40d2-b38e-5591b73eddeb,235,6,173,Social,2024-04-06
3c63c69d-736a-4613-87cb-0e3757c25bec,191,8,112,Organic,2024-03-25
34ed3eae-196c-4078-a831-7e1959dff4c5,672,6,272,Social,2024-03-05
0731803b-a708-4ac2-8c6a-bebcceb2f401,632,7,126,Organic,2024-01-29
0a725d05-e1ff-4aad-8b1d-69a9b0e971d3,575,6,36,Social,2024-03-22
80392c38-de15-4131-919f-1b00d861865c,512,10,248,Social,2024-03-08
b9a1e6e4-57fb-403c-9fee-513cf0e5710c,429,7,219,Organic,2024-01-07
bc2f710e-8d81-4c24-99e8-3b35b026c530,369,4,178,Organic,2024-02-06
1b2a4443-7b17-4e3d-8199-7ff976af515a,418,7,170,Direct,2024-03-06
879c984f-a857-4de5-a8c5-0f5a97c2afcd,983,5,191,Organic,2024-04-22
8e27e46e-f0b9-427a-9809-12e37cc59acd,419,7,229,Referral,2024-03-22
25cfa3d3-8031-4da9-a31e-218e11ed9534,509,8,162,Referral,2024-03-04
c016174d-a633-4bf9-aed8-d066798969f8,950,8,40,Referral,2024-04-04
056cb914-adef-4d25-a986-a10ce3ded3be,326,3,78,Organic,2024-03-24
741943b9-2837-434a-8884-b81734ce1cc7,983,2,83,Organic,2024-02-12
d857d6de-1dfb-4abf-ba38-769e63f1c104,932,10,150,Social,2024-02-10
3c34b520-4d12-4aca-b35e-2e634f6f2ed2,863,10,87,Direct,2024-01-01
3125b7d6-4074-48b6-954d-72a986ba6d50,713,10,76,Organic,2024-02-10
1157890f-5a1c-4520-904b-d39940b40ec5,253,9,198,Referral,2024-01-03
6ea187f4-3089-4337-bd8f-2ec4c653995b,836,5,86,Organic,2024-03-01
dac315ec-421b-4256-b3e9-275a6a850881,361,5,250,Referral,2024-01-09
caede860-ca82-4efb-9402-721afc5d381b,962,3,208,Referral,2024-02-19
8a6400d6-db06-49e9-9707-a1234972630c,414,5,247,Social,2024-03-06
eea02720-e14c-4c8f-9ce3-8dda88e183cb,490,1,247,Direct,2024-03-18
9328d0ec-051e-4ed9-b7bd-f5e0ac5a2e43,158,9,194,Organic,2024-01-05
9b9528a7-45fa-4bbd-8448-a5a4b7c327a1,899,1,291,Social,2024-04-17
6483c380-7a3f-4cde-92d7-63e07d492e31,744,7,245,Referral,2024-03-07
439e1d5c-0752-42bc-92ee-62ddf75b198f,298,10,179,Social,2024-01-18
95fd3178-d4ab-4949-bb51-21dda773c076,298,5,198,Organic,2024-02-27
e727931a-e72b-41f6-be42-4e0938538d1f,996,3,111,Social,2024-04-18
afcc3678-76bd-43e6-9218-d2510f432714,208,10,36,Organic,2024-01-02
cfcdba92-2cb4-4efb-8863-ec3a4970a526,437,7,97,Organic,2024-01-19
d6eb0367-851c-4056-a2e8-d65e3a08048c,201,1,280,Social,2024-02-29
9c005b8f-b560-44a9-bf65-1f4cc2d90127,950,2,184,Direct,2024-01-16
51d92cd3-6afd-4c97-81a9-2b3364dd8b32,604,6,146,Organic,2024-04-09
184d9ee7-e079-4fba-9103-f685da0788c6,382,7,95,Referral,2024-01-03
289b154f-0c30-428a-ac26-5f23bdeea394,43,1,228,Direct,2024-03-09
21d8da76-5e3f-45da-b6b4-dca7ea9fe703,9,6,70,Organic,2024-03-14
615762e4-b8ab-419a-9c84-d7c1442513cd,175,6,105,Direct,2024-01-13
94ec8b0e-3871-444b-94bf-caa55bc16855,84,1,64,Direct,2024-01-01
65712367-90b6-46d5-950a-e18f99b92756,433,4,54,Direct,2024-01-14
456e0831-6ffb-4672-8e0a-96c44336db43,287,8,148,Social,2024-04-20
fa5b6288-056e-4de8-a23d-e706773792d4,674,10,279,Social,2024-03-30
a655f715-3954-4b81-a63e-a5950dd98917,519,3,196,Direct,2024-01-11
a0c55569-cb3b-4ce3-88a1-7d7fa43dd983,51,4,222,Organic,2024-04-07
e35eadf9-5bd7-4000-af93-fee4398874ea,917,10,139,Referral,2024-04-27
caa39b08-4b2b-463d-8c4c-d86c061f03c9,943,3,214,Social,2024-02-25
4ad9103a-e2a8-4a19-9016-826c893b3bdd,380,10,36,Organic,2024-02-05
53258bc8-8fd7-4541-b10c-da0d7b450710,846,6,253,Social,2024-02-01
c48c5ac5-000d-4248-bf57-ae7b6b62e5cf,684,7,104,Social,2024-01-10
b5e46876-e887-46d0-ad29-2b4a5265864b,666,9,298,Direct,2024-02-04
93d6e75b-0111-4fa1-a9b2-59b39e1f8412,263,4,145,Organic,2024-02-08
03334dce-9eca-4ecd-9f72-b97bc9891c08,467,6,104,Direct,2024-04-27
62d0223d-4e0d-4538-95b7-ebd188cc2327,66,2,118,Referral,2024-02-09
c5150720-7dd1-4b95-8302-8058e567649c,878,6,37,Direct,2024-02-16
05940a86-1fac-40bd-8821-9452884cf987,590,1,222,Referral,2024-04-24
a0f8d8cb-bced-4c19-8705-0f6b3c8306bf,833,9,139,Organic,2024-02-03
c84e544c-a3ae-47e9-af36-0ec33585eb65,610,9,43,Direct,2024-01-13
f291b967-7c36-4681-a805-e2679f5b213c,285,6,67,Referral,2024-01-06
94bc5794-0ddc-4c95-8bf6-741cea15a036,131,10,120,Direct,2024-03-08
2ce023d0-2af2-4741-821a-09200103220e,397,1,93,Referral,2024-01-30
77ea39f9-9120-4f58-9314-9cc218906d85,757,8,165,Social,2024-03-12
cb61c164-adc3-456e-9f92-3f00c863f6ca,707,3,208,Direct,2024-03-31
1237c83f-10d7-4e24-be61-f5c68a179c24,383,5,220,Referral,2024-03-31
b1b751d0-af3f-4e14-ab3c-57950440ff9f,685,9,219,Social,2024-03-24
7d5ef47c-623a-4208-bff5-23c524a21e3f,43,7,298,Organic,2024-03-23
5bcc9398-2b99-40d9-92c9-587b6dc67d9c,856,9,210,Referral,2024-02-14
89994fd6-245b-434d-bacc-6501df90895d,137,4,111,Referral,2024-01-13
ccb82752-aa45-4d29-aff7-fe67b11b21a5,299,1,285,Referral,2024-01-16
dbff9a80-a97c-4e14-9977-e0fd13e50565,859,7,292,Direct,2024-01-26
66a76c3e-53df-4eea-b4f4-5e41a4a223c4,197,3,30,Social,2024-04-28
5475bc7a-9f24-4005-ae45-5f21056176f0,217,6,230,Organic,2024-03-16
e42d6902-ef5a-402b-9797-52b0234f5d3c,3,10,153,Direct,2024-03-18
aa893f05-4489-49d2-97bd-92f3f3f35139,169,3,48,Organic,2024-04-21
ac7dd0dd-999d-4598-9957-9994bf6c81eb,318,10,198,Direct,2024-01-07
2445aa40-990c-4dbb-bd5f-4538f1d5c380,615,5,220,Organic,2024-02-19
3e934912-452e-4b9e-8378-db895a7af886,633,9,291,Referral,2024-01-21
19d4413e-c6d8-4c12-8d35-71bff6e26b7e,421,2,218,Social,2024-02-01
be91e740-8f0b-43b4-8948-d57116a1abe1,339,3,184,Organic,2024-04-23
c8a830d4-0442-4720-beb1-b2eeef7aeca5,166,9,110,Referral,2024-02-22
e6295a68-4646-4cfc-ad0a-a6c641d32266,172,7,258,Organic,2024-01-15
01699a33-db37-4cc8-9c42-83f1eb83f554,79,4,73,Referral,2024-02-02
c51e431f-7ed5-45ca-8f8b-d92e4a1319ec,720,4,266,Organic,2024-04-10
00794f46-24d8-4cff-b46e-60d704d44d26,842,4,204,Organic,2024-04-17
6a60967b-0fb2-4f7f-a498-cce44e0689c4,641,6,294,Referral,2024-02-09
7da80754-d69e-4f2c-b77f-afb09c9f1611,26,8,264,Direct,2024-03-06
5ebee5c8-32bf-4022-a6b9-7cae8e0f90e8,194,7,103,Social,2024-01-12
9a256719-83be-4e87-b5e3-6ec4d942f835,940,8,31,Direct,2024-03-01
bb15b26d-ef8d-4426-9246-41af4da9bd75,755,3,106,Social,2024-03-14
c3ae9a25-3f54-499f-97dc-99f74c03478f,822,6,286,Referral,2024-04-01
570bb5b1-bc66-478a-ae97-16e18eb72f69,245,7,126,Social,2024-03-12
90d4b9fe-661b-46bf-9495-3e6043764d1b,968,1,221,Direct,2024-03-15
0a3d574b-1f35-44fe-82e0-7222f8fd5559,296,10,234,Direct,2024-01-23
41a16048-8349-4e41-a285-048fa80dc34a,173,10,169,Organic,2024-01-16
77b3ef29-562a-4801-bf9b-04aea67da1ed,770,5,274,Organic,2024-01-07
b7b5e536-ea38-4d0a-b18a-71cd40f34e8a,983,10,85,Social,2024-02-28
84e6bea4-2efc-4504-856a-0a6e05f9cdd4,413,5,264,Social,2024-04-03
bbec451b-e0b1-4e2b-bfd6-62713cec9486,992,5,154,Referral,2024-04-28
e7557c0c-86e5-4527-bb1c-221e33ec15d0,563,6,269,Direct,2024-01-22
584c2903-b328-498b-b2cf-484838dc8b36,423,5,121,Direct,2024-02-09
84761cf4-92c1-437b-ace4-d99fbe49484b,509,7,274,Organic,2024-04-13
600ba238-aa56-4474-a714-3c5e3965edc1,153,5,257,Direct,2024-01-29
70cdf99b-b846-49f0-9e2f-2970782182f0,330,9,67,Social,2024-02-06
5e6d74ac-3fa7-4bec-925d-53f8e8d52af4,151,9,292,Direct,2024-02-22
0f9fb725-7ab0-41cc-87af-75a2b6e961d8,966,10,291,Referral,2024-02-15
e6e0b855-7ed5-493e-99e1-4b5489745bb7,477,4,122,Social,2024-01-20
242bc5bc-0afc-47fd-83b4-e9d22f127b19,950,10,174,Referral,2024-03-01
feaef16f-eca5-4039-b092-c2f8206ccf81,939,6,34,Referral,2024-02-12
2df45d74-9e28-405b-b7f5-f53902da5767,396,7,287,Referral,2024-03-09
10a1474f-ef0d-4f24-a36b-0c7e7d7c6164,976,4,155,Organic,2024-03-18
d3a6eeb1-6477-4916-a8a6-f32002d13f45,128,4,94,Referral,2024-03-10
c6e2b6f3-dd4c-45ac-9c3d-b64d5c94282a,120,8,95,Social,2024-03-19
93fcd89a-4e66-4838-b5c2-32dbaf70b9fe,885,1,177,Social,2024-04-20
b45e73ac-3b04-4891-a6d3-f8dd0458370b,769,3,208,Referral,2024-03-05
7cdf3f56-f7c8-42ed-821f-3dbdf9e14c4e,66,8,270,Organic,2024-02-20
e1a715bb-cdf5-4431-93ec-25330ddb3eff,986,4,75,Organic,2024-01-24
d8f51544-a873-4eb5-b381-bf3291153699,995,10,121,Social,2024-02-12
3dbed1b9-64ac-49be-94de-07a769461559,59,9,152,Social,2024-01-23
723e7fd7-b7b2-4ec0-98a3-30dcee7b7807,236,6,262,Social,2024-03-26
65a99902-6416-49c7-a743-4cc0bddc604d,289,5,108,Direct,2024-03-22
0e02096b-94cd-45c7-b475-c86ef0761251,446,8,179,Social,2024-01-14
c2d1534d-0939-4240-a2e3-c4c9b37abdd5,524,1,176,Referral,2024-02-27
287202d2-2155-498d-825d-854734a154e5,972,8,196,Organic,2024-03-16
277d53fb-00ea-4912-bd95-7796d395a571,843,10,223,Organic,2024-04-27
e4d6ceee-caa9-4d7a-8d51-ea093b53303f,265,8,30,Direct,2024-03-05
d6c31c1a-24e5-4da7-83da-c842b57890e6,830,2,220,Direct,2024-01-15
809dd0d0-34c1-47f8-b49a-5232be71f963,762,7,61,Referral,2024-02-13
48871748-c703-4e5b-b735-641f4832bccd,570,7,39,Direct,2024-04-16
b6683f6f-c008-4677-bacf-693dd16b0f29,159,7,275,Social,2024-01-29
aae1d288-4fe3-4f6d-a217-e87494298c79,168,5,64,Direct,2024-04-03
5635a212-283e-48f0-a90d-e441a311d96f,925,5,46,Direct,2024-03-07
9548f9f5-97d3-486b-a4f9-3e9f5bc7046d,374,5,89,Organic,2024-01-28
1a6fffe2-2ee0-4aaf-8693-877316f206ba,436,10,101,Direct,2024-04-05
900697e0-b3a3-4fd9-b576-1cdef617c07c,604,10,138,Organic,2024-04-21
3ce93a98-1b76-4ece-9611-a3c00603a676,473,5,256,Referral,2024-03-04
2c062419-5e9c-48af-b5e7-ffc4b2f50ffd,527,6,276,Referral,2024-03-09
415fe3d4-073c-46b2-9d05-8a90d8b97eba,722,9,254,Referral,2024-02-16
cd30bc85-2e2d-4e7b-bef3-e78801cfd185,364,7,149,Referral,2024-03-06
e11daaaa-5c81-4fcd-9b31-e166e554e008,446,3,48,Direct,2024-03-23
5a5afdb4-af68-43bb-90d7-2a175e5a4855,643,1,279,Social,2024-01-21
827b8c0f-4f51-4c89-a256-a2f6b43d0dff,841,3,257,Direct,2024-03-27
c2a58997-1b00-42e3-a207-8a0446c495a1,463,9,38,Direct,2024-01-13
cafdcf95-04eb-459b-9e97-5051bae5ab5a,845,5,57,Social,2024-03-07
64d26857-0b20-4de7-b941-e825004935a7,224,10,210,Organic,2024-02-05
4c3cbbbe-a80e-4e3b-b772-05deea5de40f,508,8,247,Referral,2024-03-09
148ed268-137d-4001-b1c0-a4f91a77ab6c,609,3,151,Social,2024-04-01
d64e8e9d-e85d-4ec0-9a37-39cd806356f6,885,6,220,Social,2024-04-04
00a1ff54-2fbe-4a2c-9f70-fbbeb4a7d4ee,860,10,139,Organic,2024-01-03
a092a314-4288-4372-9979-5dfdf140c38d,974,7,80,Social,2024-04-09
0dffe83f-aaba-4807-a1f3-a0af0164a8ec,149,10,182,Direct,2024-03-11
2b265112-cd07-4618-b541-f6768576e140,262,7,111,Direct,2024-04-24
5a7e1a4b-fff5-47a9-864b-b3405fd972b0,730,7,71,Organic,2024-04-06
8b11806f-af5c-43f4-b75a-db893b5e2edd,65,3,57,Organic,2024-03-12
395a44b7-3c6e-4510-848c-26cbf49c4368,327,7,279,Referral,2024-03-01
6994133b-78ef-4cc9-8ff9-8603d1606a8a,500,3,51,Organic,2024-01-05
bcfadb2d-4ff1-40cb-b388-22dcf9165a9d,691,4,133,Referral,2024-01-18
d337711a-3521-403e-a572-5ce1e949dbd9,757,7,299,Referral,2024-02-15
8e4e1dd2-abd4-429e-a7fe-f3106eaa07ae,461,4,249,Organic,2024-01-03
3ce1b956-6bcf-490a-b798-d8d6d99649fd,353,5,233,Direct,2024-01-11
4a9bf4d3-4f10-4b57-9dfa-c11f8956deb4,346,10,44,Direct,2024-03-21
b26f7c92-afea-4341-98bc-0fc37e1f4996,372,2,259,Referral,2024-04-06
6b967d9c-b25b-4686-a228-dcf9c3b3aad6,962,7,134,Social,2024-01-31
8aaf4aaa-7e3b-4b25-abe0-6e12d7788f18,961,9,262,Referral,2024-02-06
6f12b32f-aabf-485b-97a8-4343818c6372,375,7,281,Direct,2024-03-16
231be200-b08b-43e2-bb05-3ce40ab6db37,798,4,237,Direct,2024-01-15
2f0bca07-9120-4695-bba7-e6c05dc725c0,572,6,186,Social,2024-02-03
b256aa03-7c6b-464e-aae9-213eb947b8c5,624,1,201,Social,2024-01-29
71a32963-b744-4f90-b1eb-36aa7cbb8ac3,685,10,229,Social,2024-01-03
07aa4365-8661-4577-b85f-85db82c06d53,945,7,231,Social,2024-01-07
338a4f05-fea6-4b62-b4cb-8d75c6ba12f3,676,6,177,Social,2024-01-07
8c8014a3-74b2-4441-8bcc-71c052696021,592,4,125,Direct,2024-02-13
6d610d5c-3ebb-4a23-989f-5798948add59,368,7,77,Organic,2024-04-26
98a72f0a-368e-4427-8f97-61ee41f62def,343,1,89,Referral,2024-01-11
d0260c75-c7bf-4fd0-8f2b-9bf6a34b447d,785,5,138,Referral,2024-01-03
4991945a-4afb-4e45-a0f3-20baf1bc48b3,640,7,236,Social,2024-02-23
4d9edd4d-37d6-40ca-92f1-055a598df184,518,1,217,Direct,2024-01-07
06c63832-05d2-40fb-b920-66ab8b12674d,12,7,154,Referral,2024-04-17
8dc00b9a-f42a-4e4c-a56a-734329a8a814,223,10,232,Referral,2024-01-23
ee023b3d-d3b2-47f2-b1af-c6b8c427f2c0,345,6,107,Social,2024-04-08
3d2de935-4d10-45ce-97c6-8b477561b030,123,3,211,Social,2024-01-02
c5b36ba6-b498-4491-a382-c3871120b97c,569,2,172,Organic,2024-02-20
fd8462a8-1bc1-43c3-a99e-e8166328864c,65,9,195,Social,2024-03-28
10487481-6100-44ba-a0d9-4489cb3c1491,64,1,249,Organic,2024-03-09
dbd6d128-ac2b-44a9-b45f-a32242ab9044,239,9,164,Organic,2024-03-25
38ba9418-5720-4b62-b294-15cfa8186159,428,7,258,Social,2024-01-06
97392fdf-69a2-4c7d-959d-e745a4cdef78,224,3,96,Direct,2024-03-30
ce52104b-9c65-412c-bf8f-1412214eb609,886,8,248,Social,2024-04-13
fe1ffcd5-3376-42fb-abb6-5a3004ce08a0,613,10,288,Organic,2024-04-04
672d130c-070f-4603-88de-96299419a19c,957,7,133,Direct,2024-03-09
114011eb-e083-4b97-816e-19f40c9be5b2,222,7,278,Organic,2024-02-09
29fb436b-73c9-4a01-ac6a-c676fbbce680,713,4,249,Organic,2024-03-08
21c17487-024f-4102-9763-c71990095a64,158,2,179,Social,2024-01-29
cf7dfc99-16d9-4d5a-8a52-5996dd2ccf63,844,2,282,Organic,2024-03-25
0073b4c1-af14-440f-9929-88141a2f9b5f,175,10,240,Referral,2024-04-10
158f6a2c-2325-4618-97fe-d3d7c72e4cc6,599,4,50,Direct,2024-01-21
75828e3f-4bc3-4f0e-ad51-a61b36a47d46,511,1,99,Organic,2024-02-17
706d38ac-882b-4dbc-9700-ed9419cb7b76,24,10,203,Referral,2024-03-09
9ee90066-1f0e-4f67-b898-83f4c1b2a12c,444,8,193,Direct,2024-01-06
1ba4ab33-bd5f-4de6-9171-52e68894da6d,112,8,298,Social,2024-03-04
64c92088-714a-4b71-bd54-f41ed8f1de0c,484,4,249,Organic,2024-03-26
feb3fc70-95ae-4ea4-b216-9dfc805e3c09,587,4,133,Direct,2024-04-05
d3b909b8-f1ed-4294-aae7-f5f2f00b9680,235,9,121,Referral,2024-03-15
cd8758cf-4a4d-4908-a60d-3ae68a16673a,448,3,44,Referral,2024-04-29
272f2cac-b41b-464e-937d-0d910c1bba7b,930,2,135,Organic,2024-01-10
5781253f-4f09-437e-a3c0-8f69798f80a6,605,3,72,Referral,2024-02-18
a50a7c1e-22b7-4fee-ae71-8ce08a0bd876,844,10,188,Referral,2024-03-08
33f4586a-774c-45d4-a8f0-a7e43d6f2788,461,7,174,Organic,2024-01-31
05c83ec8-9004-478d-902b-3aa800658710,114,5,169,Direct,2024-01-01
34a2bde1-14a2-4ab4-b0d0-d856ea39f6cf,441,8,72,Social,2024-02-26
7c9c9eca-345b-42b9-9c1e-a8b91a062280,451,10,185,Social,2024-01-11
d9d6b524-a456-44cf-bc31-a27e0206ae6c,721,7,234,Organic,2024-03-28
6f2f6b55-efa3-4ace-8644-85484a8568f1,67,2,38,Direct,2024-04-17
aab23925-8204-44e1-9670-9af3ab789b35,399,7,242,Social,2024-03-19
a8ff8dce-77dd-4ecf-b08b-431cb82000b2,581,4,117,Direct,2024-02-01
c0455b59-cf46-4fb1-a45c-94bafd18d553,211,10,257,Direct,2024-03-26
cc164f43-3ac3-4d43-b7cc-0432774c369a,373,10,298,Social,2024-04-20
a7f2d734-a446-4659-a2d6-0b98e10c8371,588,4,175,Direct,2024-01-14
b94e6280-574a-471a-b6cb-d1c8b54d717c,223,1,52,Social,2024-04-01
b4669586-3523-4eef-b075-6c82da5acf97,913,3,47,Social,2024-03-10
99f71beb-037a-4206-9851-3ebed2a790ec,698,7,78,Social,2024-01-26
06a56331-62e9-4686-91fc-f0a643ffd932,218,3,118,Referral,2024-02-25
4702dc0e-0ec9-4168-9065-d71a13f9b4c7,406,6,218,Referral,2024-03-12
36161d44-3a95-4515-809b-b224e2f95eb3,240,5,84,Direct,2024-01-04
a34bb647-19b4-4a23-8407-9cf15976b9c9,756,3,101,Organic,2024-04-16
ed0f936e-1ef2-4589-9642-180d38d492a8,852,8,208,Referral,2024-02-29
8e503cbf-8735-4df4-8c87-e52bc16448c5,702,5,173,Social,2024-03-28
edf19c13-2924-46a5-a479-78d23e333e3c,854,9,150,Social,2024-02-14
054bdf57-ae56-442c-b9ae-d0a969caf719,710,2,300,Direct,2024-04-14
0dbcd95f-b5e8-4673-b389-01d17e4e6d8f,328,10,47,Social,2024-03-09
e2d30f03-3b82-44d0-8df4-fa814064c49c,667,3,83,Social,2024-03-04
ff49e9b4-08c5-4265-af0c-91c3830a1f5e,336,7,264,Direct,2024-01-10
fc0eabe8-6c87-48f7-b74b-30d5e30841fa,543,9,294,Social,2024-03-12
aa8275ca-e8a5-4f91-a969-aa062cb5efe9,243,9,147,Organic,2024-01-29
62c25daa-a26c-427d-b33a-7fda024918c1,334,9,170,Social,2024-01-17
1a76d229-9d8b-42fa-a37a-5e23e5ae5823,379,10,99,Social,2024-03-11
37dbe85e-afbc-42e4-b9a0-df27bb02af7b,455,9,195,Direct,2024-02-28
056e36b5-10ce-4e75-ab1f-f6f2bed096c0,491,8,109,Direct,2024-02-02
9634b3f6-61aa-429d-99b0-db9955bc6171,369,1,169,Direct,2024-03-08
b587dcbf-099f-4282-894b-a2d788d80421,588,5,121,Direct,2024-03-09
eb13c648-f862-4d27-acf3-382bf7d2c3e4,820,5,104,Referral,2024-02-07
cb9aaca2-e1a4-4105-94b3-e54fb6cc64ae,220,8,47,Social,2024-03-14
3ba5bc9e-38b6-40cd-8902-7c261bdacf6b,101,9,46,Referral,2024-04-12
3cdb3a57-9118-4bed-89d1-462eb6d11516,697,3,233,Direct,2024-03-05
6a65e1c5-def3-45e2-bab7-72e518d3c11b,558,8,46,Referral,2024-02-12
31e92367-f687-48a7-981c-fbca56d7c73e,396,1,212,Organic,2024-02-01
177b5428-d129-4a6a-b67a-6cb23d12dd5a,1000,9,148,Social,2024-04-07
5e7345d9-86a6-4da2-a46e-7a258a3921ca,808,3,244,Direct,2024-03-04
0c24915c-cad3-4584-aa72-b7b3883b1380,974,3,286,Organic,2024-01-05
ba00524c-7761-4f84-8e2e-4a0acb77fdd1,355,6,36,Social,2024-01-03
d77770b0-b3b5-43bb-8c03-706500c409ed,312,2,110,Referral,2024-03-20
8a2f0814-b933-42b3-926c-c01ddef1b90f,560,7,215,Social,2024-01-22
5a857dd2-7b94-444e-9cb7-d677175f71a1,787,8,226,Social,2024-01-31
a2ba5534-927e-4d4e-99fb-781d1463f0cd,909,6,110,Direct,2024-01-18
d181143c-232e-44c5-809d-a01b68df58e8,909,3,130,Direct,2024-04-05
63c2c278-69e0-4e41-9621-2ae328af789c,6,5,91,Direct,2024-04-01
087ed8ca-8984-4433-aa54-978d68753753,424,1,220,Referral,2024-04-08
e2e8b168-0750-4eda-abf5-9bb2ba6f8503,574,1,185,Organic,2024-04-15
520d4c7d-bccf-483b-860f-c57c3bf0d988,564,4,121,Referral,2024-02-24
4fc31b26-57d7-4277-a0c9-88246289a11d,538,10,72,Social,2024-01-25
1e350041-89f4-4588-a0b0-7dbceb6ac3c8,135,3,98,Direct,2024-03-04
f2c03349-4faf-4924-8ae6-fb0818bd584c,834,4,179,Direct,2024-02-24
1837d1d7-b567-4179-98ac-485b6f2b7bc5,562,9,105,Referral,2024-03-30
dd1d18d9-74d0-43b3-b806-462ab4cc8b10,735,7,289,Direct,2024-01-22
452b3ca2-4228-427f-8997-aea3f63ed239,920,9,139,Referral,2024-01-22
a75e2302-9132-40b2-a734-2de98d451dd8,403,5,111,Organic,2024-02-02
3848e9ab-382c-43f8-b64d-89bc87d466c5,163,3,287,Organic,2024-03-05
0717d16f-b26e-4113-8aa0-0dc277ef9e81,386,2,89,Organic,2024-02-13
77caf37a-475f-41e3-a832-a6201b4f2380,47,5,75,Direct,2024-03-15
f641b235-1a65-443c-be02-9336de4fdc5f,178,9,120,Organic,2024-02-08
f41a726e-a163-484c-94a2-3660a0b107b7,339,2,106,Referral,2024-02-02
97571144-4308-4f43-8ed9-b78808d5425f,986,4,282,Organic,2024-03-11
5d6c5535-c660-48b9-a922-b9c74392ddad,673,5,132,Organic,2024-01-03
a42dd5bd-d470-44a6-9de5-b3d760c769d0,602,1,38,Direct,2024-02-10
0d536fbe-77e2-49db-813d-120ded051d24,275,5,281,Organic,2024-02-27
67ea8be6-f4c5-444e-b722-679652b0abe5,667,9,110,Referral,2024-02-08
7b17bca6-8f9a-434d-a647-079e73d75fab,92,4,35,Social,2024-03-20
6fbafa66-3a8b-4bc8-8e21-2c2aeb079c12,521,10,74,Referral,2024-02-28
59058e97-6c66-4174-b524-12f259b4f585,233,6,227,Organic,2024-03-13
44b10fa2-a55f-4437-b877-882b1e577a7e,364,3,171,Organic,2024-03-18
8035082c-27b3-4d3f-8242-c7b466b8ee5c,537,5,297,Direct,2024-01-02
34e97632-1f6b-432b-8dfe-fcd95a1fcfd0,811,1,251,Direct,2024-04-13
bb96758f-520b-45b3-9ce5-bac3f6b78c23,561,10,298,Social,2024-03-20
b13f8f96-4f4b-4942-bbe0-32ec13c25d39,628,1,147,Direct,2024-01-05
4e3ecad4-1dbd-4fbd-88f4-f0951d8d86c6,365,2,186,Referral,2024-01-14
572ccfae-accd-4445-b0f0-e0b65a280a0f,601,9,237,Organic,2024-02-29
b8bc4abf-d7f2-4fd4-8d8e-9b60eb1eebcc,697,10,250,Referral,2024-04-13
2e5c9845-7184-45d9-bb50-905b1f9fc4d3,726,4,130,Organic,2024-04-10
e627d5fb-a2be-495a-abc3-b1ab07c79528,543,4,238,Referral,2024-03-10
0abf919e-2e08-4adc-93ba-7a7366cff21f,991,9,141,Social,2024-04-13
cf0a50a3-5709-4b18-b947-cb78c4ad243f,859,6,227,Organic,2024-01-30
b34b5973-96c6-42fa-8396-8f83f0139d32,407,3,242,Referral,2024-03-08
5271146d-9d64-4528-a978-350bf783524a,981,1,246,Direct,2024-03-01
c3f21cf3-5433-4cec-a698-131a7bbb9840,872,4,58,Social,2024-04-10
70a6a490-2563-4c5b-966b-c46d1fd13adb,780,3,79,Direct,2024-03-01
5a0f4fb5-7cb3-4961-a976-70d5a7f7a214,868,10,225,Direct,2024-02-27
44679638-b550-419b-bdae-86b7f5e23a6c,183,10,299,Organic,2024-01-11
3c15d559-27a8-476e-976a-d142fbb5ad42,145,5,272,Direct,2024-01-13
d377b238-3b30-44de-92eb-4a4e1431156d,58,6,192,Organic,2024-01-24
244f3362-71a1-480a-94cc-448a797b4b8b,486,10,229,Direct,2024-01-20
c06ce931-ea7a-4f8e-a0cb-c1ce9d5c8d77,641,6,217,Organic,2024-03-13
bf6277eb-ace2-4d35-9c40-6b52f4c465f8,275,1,66,Organic,2024-02-07
ecc26bd9-b9d1-4f45-b96c-c4b262feb976,864,7,208,Organic,2024-01-14
0c267827-c1bf-4d9e-9cf5-23ff897c719a,339,4,183,Direct,2024-03-03
c48c2a03-d283-4112-b489-790848a41fa6,85,2,67,Referral,2024-01-02
03c296e6-075c-4f53-a51c-9ed6f7b44dd3,404,5,238,Referral,2024-04-23
00da4ca4-1a4d-4fff-b7bc-36a7bb11bfec,518,5,201,Referral,2024-02-14
add393ad-118d-4d6a-8135-5cbe99d8f900,144,10,39,Social,2024-04-18
eeaf8a11-5130-48f0-8cde-dee2bd953e0a,832,4,285,Organic,2024-03-23
3b6ef5e9-8045-42f7-90e7-8f0a62ff9f0a,147,10,239,Referral,2024-02-15
679e9598-27ad-4941-b934-27101d12d79a,549,4,60,Social,2024-03-10
ec179a97-f493-491e-9485-74d638f3ecf7,628,9,299,Social,2024-02-22
dd167f47-7753-4995-a275-90ffb33dfc72,377,1,30,Direct,2024-02-04
36267c5a-0a10-4f7a-86ec-b19b7dcf30bc,437,2,152,Direct,2024-03-14
7a9d921f-8fca-4009-b557-d3e763d1cd0c,791,8,142,Direct,2024-01-19
32b8d321-e38b-47e2-973b-82334fffe998,908,4,213,Referral,2024-04-05
fd7e9c4c-86bc-424a-87b6-5baf6294c3c3,883,10,100,Direct,2024-02-13
c1157af2-0782-4e68-9cef-98533fdd2f91,574,10,41,Social,2024-02-09
ff53e671-8918-470a-9f3c-ec08bd095543,256,10,194,Referral,2024-01-09
3b993844-43e2-4362-8f8a-4557923c500a,706,1,113,Direct,2024-02-13
d6abd251-46c1-47d2-90bd-d39bbeea6c85,908,6,201,Direct,2024-02-28
d6954b7d-9365-4dd2-b9e7-8b6c2393f139,85,3,75,Organic,2024-01-03
5ae2bfc2-5a4a-4de5-9a9f-1677ed45f321,461,6,59,Social,2024-02-29
b23b3c42-66be-48dd-a5a6-1d30509d8983,849,6,214,Social,2024-03-01
655d4235-ea89-4504-aae4-7e51c5747a16,774,4,126,Direct,2024-03-17
a21872ed-b3e6-42f6-a5a9-97a00b11e747,725,6,291,Direct,2024-04-28
2e6647d6-4375-474b-a9ce-ea73989e7372,285,9,46,Organic,2024-03-13
967e2508-4832-4665-bda1-728a5a005891,737,4,175,Referral,2024-04-10
b5004f09-4979-4984-a9fc-ce780c6b5a3b,226,4,140,Referral,2024-03-16
6d99d510-b3e5-42c6-b98c-ca80e6b6c6ae,994,9,264,Social,2024-02-01
